iteration,method,temperature_threshold,vibration_threshold,power_threshold,false_positive_rate,false_negative_rate,precision,recall
0,mean_std,79.98325459868481,4.241735424552547,117.94994181427545,0.038636363636363635,0.24,0.8172043010752689,0.76
0,median_std,80.32580199706274,4.228582857241304,117.91955877864572,0.03409090909090909,0.24,0.8351648351648352,0.76
0,quantile_99,76.53919587070207,3.975117027270522,114.84038979173991,0.09772727272727273,0.06,0.6861313868613139,0.94
0,median_mad,81.59171245450023,4.320597262825081,114.86187192939752,0.04772727272727273,0.19,0.7941176470588235,0.81
1,mean_std,79.22374569219372,4.143698595252097,118.56022276580046,0.03409090909090909,0.19,0.84375,0.81
1,median_std,79.57172357917727,4.167546229685459,118.85653760044045,0.031818181818181815,0.21,0.8494623655913979,0.79
1,quantile_99,75.90033098390126,3.7962751020877548,115.45498205085266,0.14772727272727273,0.06,0.5911949685534591,0.94
1,median_mad,81.22429334232176,4.567170109277777,119.83241435069884,0.015909090909090907,0.3,0.9090909090909091,0.7
2,mean_std,78.4125149732749,4.060133423920788,119.32454670932387,0.03636363636363636,0.15,0.8415841584158416,0.85
2,median_std,78.51161766759498,4.044951366396505,118.49997323398365,0.045454545454545456,0.15,0.8095238095238095,0.85
2,quantile_99,77.18126425944865,3.9290793246330193,119.0781390827898,0.06363636363636363,0.09,0.7647058823529411,0.91
2,median_mad,80.65528958782035,3.9850599145326244,122.120174075144,0.02727272727272727,0.22,0.8666666666666667,0.78
3,mean_std,79.98687407651579,4.082554338308138,121.11468382538061,0.022727272727272728,0.24,0.8837209302325582,0.76
3,median_std,79.77918695353391,4.064678802583092,120.74202291720341,0.022727272727272728,0.23,0.8850574712643678,0.77
3,quantile_99,78.53402369277046,3.969334822387906,122.11234334885636,0.031818181818181815,0.16,0.8571428571428571,0.84
3,median_mad,80.20334888765164,4.227471334587626,115.64294376408812,0.04090909090909091,0.18,0.82,0.82
4,mean_std,81.88950650180763,4.21680188464597,118.99323092303214,0.022727272727272728,0.25,0.8823529411764706,0.75
4,median_std,82.26941268669196,4.221187407936232,118.61292403746215,0.025,0.25,0.872093023255814,0.75
4,quantile_99,79.02962653583945,3.9944711814534704,119.08460273002873,0.03409090909090909,0.15,0.85,0.85
4,median_mad,82.21228317741466,4.339169999952505,121.10552654370392,0.00909090909090909,0.34,0.9428571428571428,0.66
5,mean_std,80.20725878112832,4.248994842763603,118.07869452713331,0.031818181818181815,0.26,0.8409090909090909,0.74
5,median_std,80.2171636054363,4.234718553156711,117.48574934334314,0.031818181818181815,0.24,0.8444444444444444,0.76
5,quantile_99,79.37165218310308,3.9102176266625244,115.54188832485562,0.06818181818181818,0.11,0.7478991596638656,0.89
5,median_mad,80.66637286179414,4.705295323244518,119.5150136595442,0.015909090909090907,0.3,0.9090909090909091,0.7
6,mean_std,78.67569686169026,3.96266127974466,121.64328199155355,0.031818181818181815,0.15,0.8585858585858586,0.85
6,median_std,78.75569588943429,3.926558808645926,121.91074056668863,0.03636363636363636,0.16,0.84,0.84
6,quantile_99,77.48382636055639,3.742173619613196,120.8597712040597,0.10227272727272728,0.08,0.6715328467153284,0.92
6,median_mad,77.59649558868195,4.3930212631407795,121.53901749350457,0.02727272727272727,0.2,0.8695652173913043,0.8
7,mean_std,79.43181592169356,4.392215599825768,118.98773312798109,0.02727272727272727,0.26,0.8604651162790697,0.74
7,median_std,79.3242618256662,4.362730122383105,119.566056515497,0.022727272727272728,0.25,0.8823529411764706,0.75
7,quantile_99,77.79307838751578,4.030385414109241,114.56867443658109,0.075,0.07,0.7380952380952381,0.93
7,median_mad,79.93890550035186,5.012204419403258,126.9408073631766,0.004545454545454545,0.46,0.9642857142857143,0.54
8,mean_std,81.01513863091155,4.286515876381381,121.37651955519158,0.00909090909090909,0.32,0.9444444444444444,0.68
8,median_std,80.98180190932044,4.2577490071181225,120.97193389476934,0.011363636363636364,0.31,0.9324324324324325,0.69
8,quantile_99,78.09814038060584,4.040797472781226,120.4850812521799,0.03636363636363636,0.13,0.8446601941747572,0.87
8,median_mad,83.5126239757348,4.5408107442176755,121.37606829909654,0.004545454545454545,0.37,0.9692307692307692,0.63
9,mean_std,79.01027877590276,4.2897133643483025,117.71119008890969,0.038636363636363635,0.22,0.8210526315789474,0.78
9,median_std,79.22789585184681,4.266505731297759,118.61802160589131,0.031818181818181815,0.23,0.8461538461538461,0.77
9,quantile_99,76.67776091612832,4.002302456502644,110.87673362200455,0.15,0.05,0.5900621118012422,0.95
9,median_mad,78.46290224158788,4.7602887271422,125.71404621150833,0.013636363636363636,0.33,0.9178082191780822,0.67
10,mean_std,78.91587062193557,4.28578759357886,120.51894319985342,0.020454545454545454,0.24,0.8941176470588236,0.76
10,median_std,78.8376153853754,4.280176844716598,120.98879063602564,0.020454545454545454,0.24,0.8941176470588236,0.76
10,quantile_99,77.91894978349947,4.004315635319461,114.09919243603687,0.07954545454545454,0.06,0.7286821705426356,0.94
10,median_mad,78.82961914098547,4.639206890331678,125.72900910488492,0.006818181818181818,0.34,0.9565217391304348,0.66
11,mean_std,80.71763410870518,4.4476269428571085,121.84343992815752,0.004545454545454545,0.36,0.9696969696969697,0.64
11,median_std,80.80014092678293,4.5524073822753754,122.41224145465236,0.004545454545454545,0.37,0.9692307692307692,0.63
11,quantile_99,79.01798329016856,4.120890246421582,119.16954269021765,0.025,0.17,0.8829787234042553,0.83
11,median_mad,82.39711189606712,4.899095392795882,126.31582796018373,0.0,0.53,1.0,0.47
12,mean_std,79.39153753917616,4.1841348449764215,121.91990590863756,0.013636363636363636,0.25,0.9259259259259259,0.75
12,median_std,78.95390811984161,4.199006383150328,123.05106286198664,0.013636363636363636,0.25,0.9259259259259259,0.75
12,quantile_99,78.37322940475646,4.070335571178606,119.12023515287552,0.03636363636363636,0.15,0.8415841584158416,0.85
12,median_mad,82.94169775242261,4.214449366389703,126.92594284784577,0.0022727272727272726,0.37,0.984375,0.63
13,mean_std,80.02864540215366,4.204980715941016,126.03536645833327,0.00909090909090909,0.33,0.9436619718309859,0.67
13,median_std,79.9252091859774,4.230958120822459,125.72123145092297,0.00909090909090909,0.32,0.9444444444444444,0.68
13,quantile_99,77.04355298801262,3.981337092232887,121.33585800357733,0.04772727272727273,0.1,0.8108108108108109,0.9
13,median_mad,80.52484666795917,4.6241564519668765,131.36960750628276,0.0,0.43,1.0,0.57
14,mean_std,79.0928525997831,4.097671460515907,121.08824273110798,0.025,0.21,0.8777777777777778,0.79
14,median_std,78.39369913358775,4.107326694974873,121.08170170936643,0.031818181818181815,0.18,0.8541666666666666,0.82
14,quantile_99,77.55539954789191,3.8613308003681577,117.91827454715882,0.08409090909090909,0.1,0.7086614173228346,0.9
14,median_mad,81.72141148250239,4.382921384778762,124.67124906265623,0.0022727272727272726,0.38,0.9841269841269841,0.62
15,mean_std,79.20224393198558,4.479708718373967,120.71958473997765,0.00909090909090909,0.29,0.9466666666666667,0.71
15,median_std,78.90473489810273,4.419089024579636,120.00455349877126,0.015909090909090907,0.24,0.9156626506024096,0.76
15,quantile_99,77.2215018336561,4.350071130065174,121.65044507271563,0.02727272727272727,0.2,0.8695652173913043,0.8
15,median_mad,78.97836319474874,4.47570272552689,122.50730977212669,0.011363636363636364,0.3,0.9333333333333333,0.7
16,mean_std,79.79776151455074,3.9890560496859644,124.04218989535023,0.029545454545454545,0.21,0.8586956521739131,0.79
16,median_std,79.36513203541219,4.010751403959168,123.97718382945861,0.022727272727272728,0.2,0.8888888888888888,0.8
16,quantile_99,78.52527336260212,3.8088419080289495,119.45761278955902,0.07272727272727272,0.13,0.7310924369747899,0.87
16,median_mad,78.08337852381668,4.010721417421971,128.222839284882,0.025,0.19,0.8804347826086957,0.81
17,mean_std,78.6986303418032,4.143042809948567,121.069742658463,0.025,0.2,0.8791208791208791,0.8
17,median_std,78.52185049804713,4.1051139049859975,120.27221224906971,0.03409090909090909,0.16,0.8484848484848485,0.84
17,quantile_99,76.4839802458091,3.8797468308588163,119.12023515287552,0.08863636363636364,0.09,0.7,0.91
17,median_mad,79.94637792027825,4.292001235923324,124.1817414583026,0.011363636363636364,0.33,0.9305555555555556,0.67
18,mean_std,78.84517521514182,4.141467365212822,124.01531159603296,0.020454545454545454,0.23,0.8953488372093024,0.77
18,median_std,78.95124664939522,4.194447721834004,125.03097719795436,0.011363636363636364,0.27,0.9358974358974359,0.73
18,quantile_99,77.19531903178255,3.8024628004907495,120.3970609710972,0.08863636363636364,0.09,0.7,0.91
18,median_mad,79.3456772294125,4.36898246094294,126.68629878630213,0.006818181818181818,0.35,0.9558823529411765,0.65
19,mean_std,79.44882219060628,4.395248064275033,125.07289262935052,0.006818181818181818,0.35,0.9558823529411765,0.65
19,median_std,79.59816067251347,4.4310825978119,123.95269570645635,0.006818181818181818,0.35,0.9558823529411765,0.65
19,quantile_99,77.24757420285151,4.124899529699766,123.22609664194201,0.029545454545454545,0.15,0.8673469387755102,0.85
19,median_mad,81.2422968929383,4.689664989165454,128.712855304348,0.0,0.47,1.0,0.53
20,mean_std,79.10095581067955,3.971852276207665,117.8369059876029,0.05454545454545454,0.15,0.7798165137614679,0.85
20,median_std,79.57688226059014,4.0083491073773665,117.50728307376255,0.04772727272727273,0.18,0.7961165048543689,0.82
20,quantile_99,75.76005343454871,3.8918690190182526,113.61728041539496,0.1431818181818182,0.05,0.6012658227848101,0.95
20,median_mad,79.52164614797633,4.307554280856922,122.11278979318575,0.015909090909090907,0.31,0.9078947368421053,0.69
21,mean_std,80.52726609497995,4.234431842236281,122.30779485346909,0.011363636363636364,0.3,0.9333333333333333,0.7
21,median_std,80.56220853134272,4.112170520124936,121.12837962846716,0.015909090909090907,0.24,0.9156626506024096,0.76
21,quantile_99,78.98184185326188,4.123445267165604,119.45761278955902,0.022727272727272728,0.17,0.8924731182795699,0.83
21,median_mad,83.48465819745078,4.314341835006529,123.36773032715875,0.006818181818181818,0.35,0.9558823529411765,0.65
22,mean_std,80.02035204403323,3.9500327979236953,118.33064345389661,0.05,0.18,0.7884615384615384,0.82
22,median_std,80.77408251617817,3.949053949930688,118.34832083668083,0.04772727272727273,0.18,0.7961165048543689,0.82
22,quantile_99,77.64480202377098,3.8101726383333703,118.57441251446801,0.09090909090909091,0.1,0.6923076923076923,0.9
22,median_mad,82.92424710965503,4.245695488020068,123.02347280001797,0.00909090909090909,0.34,0.9428571428571428,0.66
23,mean_std,81.05911423435555,4.231380273379351,121.75117610093878,0.00909090909090909,0.31,0.9452054794520548,0.69
23,median_std,80.93786955817478,4.208439126101869,122.35030277703268,0.00909090909090909,0.3,0.9459459459459459,0.7
23,quantile_99,77.55276215491703,3.9942310447363756,118.82901840298301,0.05227272727272727,0.1,0.7964601769911505,0.9
23,median_mad,84.16533330218469,4.585697397493075,123.86469926530776,0.004545454545454545,0.41,0.9672131147540983,0.59
24,mean_std,78.13651405612129,4.119702177021182,124.09595540777121,0.025,0.2,0.8791208791208791,0.8
24,median_std,77.7663313237702,4.102540689855928,122.0449553966855,0.03409090909090909,0.18,0.845360824742268,0.82
24,quantile_99,76.026152234631,4.139516262074627,119.50526788434047,0.07272727272727272,0.11,0.7355371900826446,0.89
24,median_mad,81.56305046654788,4.213917379124972,124.00992869389967,0.00909090909090909,0.31,0.9452054794520548,0.69
25,mean_std,79.42532429235388,4.149075529353394,122.80737549373663,0.015909090909090907,0.25,0.9146341463414634,0.75
25,median_std,79.9018337955989,4.170677816115569,122.14394136735851,0.01818181818181818,0.26,0.9024390243902439,0.74
25,quantile_99,77.40356272643687,3.8188800885588923,120.75784002913713,0.07954545454545454,0.1,0.72,0.9
25,median_mad,79.97319784309381,4.568762440076755,125.55197731671126,0.004545454545454545,0.39,0.9682539682539683,0.61
26,mean_std,80.96114311261525,4.0924010454590025,116.94965282494854,0.045454545454545456,0.22,0.7959183673469388,0.78
26,median_std,81.6947879832781,4.035594502965414,116.54330630580517,0.05454545454545454,0.17,0.7757009345794392,0.83
26,quantile_99,79.02962653583945,3.901823702863477,114.37948913177499,0.07727272727272727,0.09,0.728,0.91
26,median_mad,84.03058824493883,4.424332681542883,122.2682315555942,0.006818181818181818,0.38,0.9538461538461539,0.62
27,mean_std,79.65419375465373,4.322369852237105,121.97797007598403,0.013636363636363636,0.33,0.9178082191780822,0.67
27,median_std,79.77349426202598,4.304260249474374,123.15900460417573,0.013636363636363636,0.32,0.918918918918919,0.68
27,quantile_99,77.61872965457557,3.900671682888199,117.48088324984461,0.07272727272727272,0.1,0.7377049180327869,0.9
27,median_mad,81.00166068437704,4.49063867840766,124.15220214224863,0.0022727272727272726,0.38,0.9841269841269841,0.62
28,mean_std,79.52216911638139,4.069484059801974,118.71496912011784,0.038636363636363635,0.19,0.826530612244898,0.81
28,median_std,79.66400672323132,4.0205794647051905,120.22721508591395,0.029545454545454545,0.19,0.8617021276595744,0.81
28,quantile_99,77.87835882550073,3.9917559567406387,113.55416012400146,0.09318181818181819,0.06,0.6962962962962963,0.94
28,median_mad,79.4713828990754,4.3899802191185575,125.78987110330034,0.006818181818181818,0.35,0.9558823529411765,0.65
29,mean_std,80.92353096118812,4.269375928835803,121.5238629709144,0.011363636363636364,0.31,0.9324324324324325,0.69
29,median_std,81.57229737163544,4.237152627675637,121.57942335142856,0.011363636363636364,0.29,0.9342105263157895,0.71
29,quantile_99,79.16641681690659,4.159682957612302,115.21104834552982,0.05,0.13,0.7981651376146789,0.87
29,median_mad,83.02727167125141,4.733972516521666,128.7799402256629,0.0,0.52,1.0,0.48
30,mean_std,80.65014202389865,4.347441077226929,119.299864477232,0.01818181818181818,0.28,0.9,0.72
30,median_std,80.8546764261368,4.338860885181646,118.89360407876015,0.022727272727272728,0.28,0.8780487804878049,0.72
30,quantile_99,79.36000893743217,4.108268596776377,118.61571054859034,0.031818181818181815,0.18,0.8541666666666666,0.82
30,median_mad,80.67973007614971,4.9388206023786605,121.44603742849854,0.006818181818181818,0.36,0.9552238805970149,0.64
31,mean_std,78.4290399345292,4.401244977676675,123.69923139170176,0.015909090909090907,0.26,0.9135802469135802,0.74
31,median_std,78.41272082313324,4.352458166070656,124.01164074707397,0.015909090909090907,0.26,0.9135802469135802,0.74
31,quantile_99,76.3622633698367,4.166308230971355,122.50122182411306,0.05227272727272727,0.16,0.7850467289719626,0.84
31,median_mad,79.43533526771763,4.866634943046184,132.90156397331705,0.004545454545454545,0.43,0.9661016949152542,0.57
32,mean_std,79.54146637077343,4.173268524408985,120.1181892107337,0.025,0.22,0.8764044943820225,0.78
32,median_std,80.14598070415568,4.138466890927315,119.7275827893161,0.025,0.22,0.8764044943820225,0.78
32,quantile_99,78.0774552021107,3.900208673037485,116.09735735352906,0.08181818181818182,0.1,0.7142857142857143,0.9
32,median_mad,84.57604896726087,4.4954140410753975,120.8620921166195,0.00909090909090909,0.37,0.9402985074626866,0.63
33,mean_std,78.23310600682613,4.2610160967613675,119.9143422740334,0.03409090909090909,0.19,0.84375,0.81
33,median_std,78.37613145920024,4.343582923395463,120.63095148430949,0.025,0.24,0.8735632183908046,0.76
33,quantile_99,76.43962189767036,3.8349079844105622,114.3012721562362,0.1318181818181818,0.05,0.6209150326797386,0.95
33,median_mad,81.09813080471866,4.731271754498731,123.6013303735245,0.004545454545454545,0.4,0.967741935483871,0.6
34,mean_std,80.51000340606737,3.919904830164101,121.67075881169735,0.03409090909090909,0.19,0.84375,0.81
34,median_std,81.03201529805513,3.920487090516919,121.85000679044256,0.03409090909090909,0.21,0.8404255319148937,0.79
34,quantile_99,77.9342714901572,3.8369514666219144,118.75623205455894,0.08181818181818182,0.11,0.712,0.89
34,median_mad,83.48470691959882,4.085026189264803,125.9886041737933,0.013636363636363636,0.32,0.918918918918919,0.68
35,mean_std,77.34244679581212,4.227436391783089,119.0351394833545,0.045454545454545456,0.14,0.8113207547169812,0.86
35,median_std,76.80912245934078,4.183331363977663,118.51872062810492,0.06136363636363636,0.12,0.7652173913043478,0.88
35,quantile_99,77.35351039084777,3.9973752047352136,115.9136675555105,0.07727272727272727,0.08,0.7301587301587301,0.92
35,median_mad,78.23481648644726,4.497743397721061,119.7485308706004,0.029545454545454545,0.21,0.8586956521739131,0.79
36,mean_std,79.8587302908011,4.139542956065114,120.75017145478125,0.01818181818181818,0.24,0.9047619047619048,0.76
36,median_std,79.66770637899563,4.168016210619685,120.80990912622494,0.01818181818181818,0.24,0.9047619047619048,0.76
36,quantile_99,78.80391034330513,3.88563952159579,117.63555921727644,0.06136363636363636,0.14,0.7610619469026548,0.86
36,median_mad,80.72634483936102,4.372017664259135,126.68905945615347,0.0022727272727272726,0.38,0.9841269841269841,0.62
37,mean_std,80.32322276487194,4.554334358700229,120.96716254284156,0.006818181818181818,0.34,0.9565217391304348,0.66
37,median_std,80.3319946141813,4.5152577245625665,120.98938904233799,0.006818181818181818,0.34,0.9565217391304348,0.66
37,quantile_99,79.36000893743217,4.108268596776377,117.51702192151842,0.038636363636363635,0.18,0.8282828282828283,0.82
37,median_mad,81.97594143001788,4.916952422870681,123.54014746875708,0.004545454545454545,0.46,0.9642857142857143,0.54
38,mean_std,77.56329733922882,4.222191102695211,123.38131763388638,0.031818181818181815,0.19,0.8526315789473684,0.81
38,median_std,77.96298437110639,4.160294814123178,124.23291614104957,0.02727272727272727,0.2,0.8695652173913043,0.8
38,quantile_99,75.76512250103994,4.042572995671139,120.43379081682384,0.08636363636363636,0.1,0.703125,0.9
38,median_mad,78.46833358275993,4.504222722485504,124.92549110019199,0.013636363636363636,0.3,0.9210526315789473,0.7
39,mean_std,78.39147984280753,3.970979396990542,124.50018848494513,0.031818181818181815,0.18,0.8541666666666666,0.82
39,median_std,79.03628113605052,3.96754691786059,124.05637675461263,0.025,0.17,0.8829787234042553,0.83
39,quantile_99,75.42105638034981,3.98540581729693,122.11234334885636,0.09318181818181819,0.11,0.6846153846153846,0.89
39,median_mad,80.70289329426602,3.8829187430592347,122.54547916182358,0.03636363636363636,0.19,0.8350515463917526,0.81
40,mean_std,77.88579496513209,4.075336520992569,120.09777631259152,0.03636363636363636,0.14,0.8431372549019608,0.86
40,median_std,77.86637412815982,4.082977680207367,120.8643924364423,0.03409090909090909,0.16,0.8484848484848485,0.84
40,quantile_99,78.74357085256763,4.092478929529775,119.33146607161042,0.029545454545454545,0.17,0.8645833333333334,0.83
40,median_mad,78.17427218016792,4.319500868613414,122.11488021966105,0.022727272727272728,0.26,0.8809523809523809,0.74
41,mean_std,81.10857731301626,4.250027321293583,120.85973950848953,0.00909090909090909,0.31,0.9452054794520548,0.69
41,median_std,81.26789261874372,4.263204582297156,120.20773073029486,0.013636363636363636,0.29,0.922077922077922,0.71
41,quantile_99,78.90344044677242,4.1765809864483145,121.16221837159492,0.013636363636363636,0.21,0.9294117647058824,0.79
41,median_mad,81.07700272192926,4.522749631842373,123.85614513331888,0.0022727272727272726,0.38,0.9841269841269841,0.62
42,mean_std,79.81682897530445,4.290693157500228,121.73527183142623,0.011363636363636364,0.32,0.9315068493150684,0.68
42,median_std,79.48501272313007,4.239393190016688,121.14774848728766,0.011363636363636364,0.26,0.9367088607594937,0.74
42,quantile_99,78.70984832624684,4.18920263609352,120.43379081682384,0.020454545454545454,0.19,0.9,0.81
42,median_mad,81.93792686034791,4.455716080285178,125.68968341806763,0.0,0.43,1.0,0.57
43,mean_std,79.54702425744873,4.358180342406363,119.37244277776314,0.020454545454545454,0.27,0.8902439024390244,0.73
43,median_std,79.02032798233736,4.2992256737741075,120.38921896705831,0.020454545454545454,0.23,0.8953488372093024,0.77
43,quantile_99,79.36000893743217,4.120890246421582,117.4798202331093,0.03636363636363636,0.18,0.8367346938775511,0.82
43,median_mad,78.35419110871668,4.315211067862524,121.00462631231792,0.020454545454545454,0.23,0.8953488372093024,0.77
44,mean_std,78.90627431199908,4.320400657201151,126.59321643456062,0.00909090909090909,0.32,0.9444444444444444,0.68
44,median_std,78.6641446876499,4.273025029101283,127.02042069312338,0.011363636363636364,0.29,0.9342105263157895,0.71
44,quantile_99,78.74357085256763,4.03359161438453,118.79187456048433,0.03636363636363636,0.15,0.8415841584158416,0.85
44,median_mad,78.18607607539495,4.373669041116617,126.37490040772411,0.015909090909090907,0.3,0.9090909090909091,0.7
45,mean_std,79.08435360958745,3.9941265619624473,122.90144554276063,0.025,0.19,0.8804347826086957,0.81
45,median_std,79.19852243672193,3.89113636892655,123.075552158114,0.04090909090909091,0.17,0.8217821782178217,0.83
45,quantile_99,76.69587900319631,3.950287274092367,120.78546491348143,0.06136363636363636,0.09,0.7711864406779662,0.91
45,median_mad,80.9438550760679,4.080098293619104,127.89470253801139,0.013636363636363636,0.31,0.92,0.69
46,mean_std,79.48105266660134,4.131873654097,123.84094504597059,0.011363636363636364,0.24,0.9382716049382716,0.76
46,median_std,79.62751447940218,4.15485751751228,124.19127615670997,0.011363636363636364,0.26,0.9367088607594937,0.74
46,quantile_99,78.3033021552745,3.9623864650841574,119.75527620220481,0.04318181818181818,0.13,0.8207547169811321,0.87
46,median_mad,80.86577671688511,4.525798202678578,123.09669100256565,0.0022727272727272726,0.37,0.984375,0.63
47,mean_std,79.66320781847539,4.086652991555705,121.095342767607,0.020454545454545454,0.23,0.8953488372093024,0.77
47,median_std,79.64767164858534,4.025120748558806,120.86453544752874,0.020454545454545454,0.21,0.8977272727272727,0.79
47,quantile_99,78.2820433298755,4.094254452419688,121.28919148180324,0.025,0.18,0.8817204301075269,0.82
47,median_mad,79.19601702268254,3.9702456433046307,125.38802526445603,0.020454545454545454,0.21,0.8977272727272727,0.79
48,mean_std,80.42516482838937,4.329434904947375,121.5085463392921,0.00909090909090909,0.32,0.9444444444444444,0.68
48,median_std,80.83913213920685,4.3592373261481185,121.71484866214607,0.00909090909090909,0.33,0.9436619718309859,0.67
48,quantile_99,77.55276215491703,4.106876102064893,117.4906006463084,0.05454545454545454,0.12,0.7857142857142857,0.88
48,median_mad,82.02184905995846,4.701944119965225,129.69381453869477,0.0,0.5,1.0,0.5
49,mean_std,79.9861309400733,4.3278726480744645,123.41420241884283,0.011363636363636364,0.34,0.9295774647887324,0.66
49,median_std,79.96746245781065,4.245849053571462,124.57378353615793,0.00909090909090909,0.34,0.9428571428571428,0.66
49,quantile_99,77.9320141025997,4.042362591256622,118.3833191993376,0.04772727272727273,0.12,0.8073394495412844,0.88
49,median_mad,83.16212988212101,4.798390245794666,127.94079099016784,0.0,0.52,1.0,0.48
50,mean_std,77.21365402934742,4.247064993976508,121.95885949572902,0.03409090909090909,0.19,0.84375,0.81
50,median_std,77.02587907143307,4.266916123127708,120.67481280724019,0.04090909090909091,0.17,0.8217821782178217,0.83
50,quantile_99,75.7523079042272,4.054502940555983,119.67902361752903,0.08636363636363636,0.1,0.703125,0.9
50,median_mad,79.39947886552848,4.342189993433476,125.9833282200395,0.006818181818181818,0.36,0.9552238805970149,0.64
51,mean_std,79.61712004519124,4.129010169159013,118.40653215187851,0.03636363636363636,0.2,0.8333333333333334,0.8
51,median_std,79.26636719148343,4.14699582598545,118.71006526117128,0.03409090909090909,0.19,0.84375,0.81
51,quantile_99,78.74357085256763,3.9378258209654637,113.90522689201127,0.07954545454545454,0.08,0.7244094488188977,0.92
51,median_mad,79.97435857961032,4.32724830615618,119.94304249595645,0.020454545454545454,0.28,0.8888888888888888,0.72
52,mean_std,78.56588147864952,3.9865240437205913,119.82212949170905,0.04090909090909091,0.13,0.8285714285714286,0.87
52,median_std,78.38105268150122,4.013697165119568,119.99891886435509,0.03409090909090909,0.13,0.8529411764705882,0.87
52,quantile_99,76.19984422318645,3.8716531826602685,118.65322702370631,0.10227272727272728,0.09,0.6691176470588235,0.91
52,median_mad,81.71865399909335,4.234884228345665,124.60303449769408,0.004545454545454545,0.33,0.9710144927536232,0.67
53,mean_std,79.48052247914194,4.227553651487694,119.52432778839035,0.022727272727272728,0.22,0.8863636363636364,0.78
53,median_std,79.07275423755532,4.220506219183186,119.38319486104332,0.022727272727272728,0.2,0.8888888888888888,0.8
53,quantile_99,76.70168842396319,4.110179153974799,117.91827454715882,0.06818181818181818,0.11,0.7478991596638656,0.89
53,median_mad,80.2745786686682,4.420003763667166,125.00621120339383,0.0,0.38,1.0,0.62
54,mean_std,79.28074594132062,4.226056000005702,124.94496722868278,0.00909090909090909,0.28,0.9473684210526315,0.72
54,median_std,79.4979881421108,4.261147133995843,125.5092792043211,0.00909090909090909,0.33,0.9436619718309859,0.67
54,quantile_99,76.39723485852694,3.997199887956605,120.10543022443264,0.06818181818181818,0.1,0.75,0.9
54,median_mad,80.45025379561378,4.607133788438526,128.94198580748076,0.0,0.42,1.0,0.58
55,mean_std,78.8251275909912,4.222801664084298,120.35219508888378,0.025,0.21,0.8777777777777778,0.79
55,median_std,78.44386911399081,4.19928111152277,118.80621259342234,0.03636363636363636,0.18,0.8367346938775511,0.82
55,quantile_99,78.2820433298755,4.094254452419688,116.81963601678204,0.05454545454545454,0.15,0.7798165137614679,0.85
55,median_mad,81.76970779778877,4.514278138118779,126.7768263675264,0.0,0.46,1.0,0.54
56,mean_std,78.63277966548465,4.163627041348514,122.91347800851864,0.01818181818181818,0.21,0.9080459770114943,0.79
56,median_std,78.8107006655475,4.134139557114548,122.40103764654893,0.015909090909090907,0.23,0.9166666666666666,0.77
56,quantile_99,75.73007539326593,3.975540057050795,124.20051347231971,0.08409090909090909,0.11,0.7063492063492064,0.89
56,median_mad,80.055913520725,4.2997353121976385,117.90480792111163,0.02727272727272727,0.27,0.8588235294117647,0.73
57,mean_std,79.66418612203015,4.372882635493868,121.43480431230911,0.013636363636363636,0.31,0.92,0.69
57,median_std,79.65783891882157,4.329328097959007,120.48320137700165,0.01818181818181818,0.28,0.9,0.72
57,quantile_99,76.15049088434019,4.235050906024787,118.58087616170693,0.07045454545454545,0.14,0.7350427350427351,0.86
57,median_mad,81.19833827344958,4.657343622981056,128.25716629674332,0.0,0.45,1.0,0.55
58,mean_std,78.21703123835333,4.113445829449544,116.1950098687308,0.0659090909090909,0.14,0.7478260869565218,0.86
58,median_std,78.85674825926323,4.15873592902755,117.80257317962271,0.04318181818181818,0.18,0.8118811881188119,0.82
58,quantile_99,75.63285001117043,3.812720746090598,108.79611806455671,0.24772727272727274,0.04,0.4682926829268293,0.96
58,median_mad,78.16219957582595,4.6042436034801595,122.51153327865232,0.022727272727272728,0.28,0.8780487804878049,0.72
59,mean_std,81.14788851990932,4.333721994563183,121.75295887345919,0.00909090909090909,0.35,0.9420289855072463,0.65
59,median_std,81.49842786700692,4.358953852991401,121.73396371261235,0.00909090909090909,0.36,0.9411764705882353,0.64
59,quantile_99,80.10587662939002,4.123445267165604,117.02256285936296,0.03636363636363636,0.21,0.8315789473684211,0.79
59,median_mad,83.5565538107224,4.8795558378531885,128.3211073160495,0.0,0.55,1.0,0.45
60,mean_std,80.20705887316583,4.1565400216702955,123.86981962657586,0.011363636363636364,0.27,0.9358974358974359,0.73
60,median_std,80.67860653843185,4.122073152207714,124.7740524325792,0.00909090909090909,0.28,0.9473684210526315,0.72
60,quantile_99,76.99228013318351,3.8741838462169627,117.50075812837306,0.09090909090909091,0.09,0.6946564885496184,0.91
60,median_mad,81.84122369924748,4.265556058554089,131.28944517487173,0.004545454545454545,0.4,0.967741935483871,0.6
61,mean_std,79.74340618819946,4.227591849119504,118.8095771490633,0.02727272727272727,0.23,0.8651685393258427,0.77
61,median_std,79.67951057986538,4.19774373124949,119.44808705107918,0.022727272727272728,0.23,0.8850574712643678,0.77
61,quantile_99,77.21898027319439,3.9942310447363756,118.40900668046508,0.05909090909090909,0.09,0.7777777777777778,0.91
61,median_mad,81.27608665184569,4.340690372844685,122.70695984260806,0.006818181818181818,0.36,0.9552238805970149,0.64
62,mean_std,78.62429852589716,4.170132237675323,123.03593183540723,0.020454545454545454,0.21,0.8977272727272727,0.79
62,median_std,78.67763039500682,4.132673700180097,122.16401321679794,0.020454545454545454,0.21,0.8977272727272727,0.79
62,quantile_99,76.92345109797688,3.9277720371890106,120.55727522876494,0.05909090909090909,0.09,0.7777777777777778,0.91
62,median_mad,81.5430872916125,4.57606208100939,125.23382752801838,0.0,0.44,1.0,0.56
63,mean_std,79.72948219542155,4.259054232593939,122.0313979078657,0.011363636363636364,0.31,0.9324324324324325,0.69
63,median_std,79.74395545123917,4.208549388732619,123.14604174182698,0.00909090909090909,0.28,0.9473684210526315,0.72
63,quantile_99,78.80391034330513,4.126464648175162,116.02730224567613,0.05227272727272727,0.15,0.7870370370370371,0.85
63,median_mad,84.18906742935134,4.670013467029938,127.25624067752194,0.0,0.5,1.0,0.5
64,mean_std,79.33491914828565,4.196766264327368,123.84229526771621,0.011363636363636364,0.26,0.9367088607594937,0.74
64,median_std,79.59642673521668,4.211927064217196,124.5457490180741,0.00909090909090909,0.31,0.9452054794520548,0.69
64,quantile_99,78.74357085256763,3.9917559567406387,121.93870371687395,0.029545454545454545,0.18,0.8631578947368421,0.82
64,median_mad,80.49436333561121,4.659692826082875,134.40838811983917,0.0,0.44,1.0,0.56
65,mean_std,80.45387056941853,4.123434122334153,119.24300895672425,0.022727272727272728,0.21,0.8876404494382022,0.79
65,median_std,80.42000456065813,4.0776472772609775,119.28324087477546,0.029545454545454545,0.21,0.8586956521739131,0.79
65,quantile_99,76.9064700941607,3.8720607659197137,117.0779182449535,0.09772727272727273,0.09,0.6791044776119403,0.91
65,median_mad,82.48507367362402,4.460029303722712,123.91337603449375,0.0022727272727272726,0.39,0.9838709677419355,0.61
66,mean_std,78.87228026188644,4.15176190037173,120.52190435946352,0.022727272727272728,0.2,0.8888888888888888,0.8
66,median_std,78.8828422574564,4.152949336884079,120.79146652893428,0.020454545454545454,0.21,0.8977272727272727,0.79
66,quantile_99,76.09185400199917,4.103507209057707,117.22036306180797,0.08863636363636364,0.1,0.6976744186046512,0.9
66,median_mad,80.33713640069371,4.582489814819143,126.12489783722376,0.0,0.42,1.0,0.58
67,mean_std,77.98630466674203,4.153360329284359,118.08984617386146,0.04772727272727273,0.14,0.8037383177570093,0.86
67,median_std,78.2162447724365,4.096928938431427,117.47522125499462,0.04772727272727273,0.15,0.8018867924528302,0.85
67,quantile_99,77.02887410000255,4.1369612413306065,117.4906006463084,0.05909090909090909,0.12,0.7719298245614035,0.88
67,median_mad,77.22964982937624,4.349885701059279,118.84407125302923,0.04318181818181818,0.17,0.8137254901960784,0.83
68,mean_std,78.28205297377795,4.065329863132577,125.31669801484216,0.025,0.23,0.875,0.77
68,median_std,78.20776246442277,4.041915044266729,125.15841309513905,0.029545454545454545,0.22,0.8571428571428571,0.78
68,quantile_99,75.95074849409355,3.845111609549174,121.33585800357733,0.1,0.08,0.6764705882352942,0.92
68,median_mad,78.65340849070289,4.331889975738032,131.4617911350067,0.013636363636363636,0.31,0.92,0.69
69,mean_std,79.81104769496181,4.2326714152052185,120.22394380328697,0.020454545454545454,0.24,0.8941176470588236,0.76
69,median_std,80.00772678965645,4.16553582912142,119.83512682680217,0.022727272727272728,0.22,0.8863636363636364,0.78
69,quantile_99,77.74382870784734,4.018094176415691,120.68613157207729,0.03409090909090909,0.13,0.8529411764705882,0.87
69,median_mad,82.55493380506223,4.4786505340013285,122.69565773759311,0.0022727272727272726,0.39,0.9838709677419355,0.61
70,mean_std,78.67465442027061,4.305349809614041,120.9418606337173,0.01818181818181818,0.24,0.9047619047619048,0.76
70,median_std,78.7640339240424,4.353086033302248,120.11269531913082,0.020454545454545454,0.24,0.8941176470588236,0.76
70,quantile_99,75.68927688915386,4.229046218889713,119.37641154102812,0.07954545454545454,0.13,0.7131147540983607,0.87
70,median_mad,81.08076538255597,4.714051135576694,116.66677378974603,0.031818181818181815,0.28,0.8372093023255814,0.72
71,mean_std,78.25075694028529,4.273802146796355,122.396583942287,0.020454545454545454,0.24,0.8941176470588236,0.76
71,median_std,78.20239537978334,4.259257890802985,124.01231123126799,0.022727272727272728,0.24,0.8837209302325582,0.76
71,quantile_99,78.2820433298755,4.030385414109241,118.4188901162182,0.045454545454545456,0.13,0.8130841121495327,0.87
71,median_mad,79.22067839704076,4.8249018964247865,126.86572250208626,0.004545454545454545,0.39,0.9682539682539683,0.61
72,mean_std,80.50017070332812,4.259540973189743,117.54894310544492,0.03409090909090909,0.26,0.8314606741573034,0.74
72,median_std,80.45845693269112,4.21879107036196,117.3290686152987,0.03636363636363636,0.24,0.8260869565217391,0.76
72,quantile_99,77.64480202377098,4.039156390981333,114.69792112167393,0.075,0.07,0.7380952380952381,0.93
72,median_mad,82.32442449824842,4.76936842818383,114.62508649622026,0.045454545454545456,0.2,0.8,0.8
73,mean_std,78.82134101875369,4.274372937645472,123.23854169584838,0.01818181818181818,0.26,0.9024390243902439,0.74
73,median_std,78.96209019036503,4.297093799706975,122.85365324486703,0.015909090909090907,0.27,0.9125,0.73
73,quantile_99,76.06066289978828,3.9903014909627723,119.47680974308642,0.07954545454545454,0.08,0.7244094488188977,0.92
73,median_mad,79.9754691832532,4.487850825299466,129.01978367762155,0.004545454545454545,0.4,0.967741935483871,0.6
74,mean_std,80.39776944053193,4.378854498446363,120.87535470195803,0.00909090909090909,0.32,0.9444444444444444,0.68
74,median_std,80.72578346424726,4.330757593011494,119.72122742064056,0.013636363636363636,0.28,0.9230769230769231,0.72
74,quantile_99,77.7186119729462,4.03359161438453,120.75784002913713,0.03636363636363636,0.14,0.8431372549019608,0.86
74,median_mad,80.64006679499693,4.960789566104085,120.20464206743006,0.00909090909090909,0.33,0.9436619718309859,0.67
75,mean_std,80.59205578259687,4.317807785248484,120.91419112409591,0.011363636363636364,0.32,0.9315068493150684,0.68
75,median_std,80.94544137255413,4.401646362078546,120.83586589511393,0.011363636363636364,0.33,0.9305555555555556,0.67
75,quantile_99,77.77741786483674,4.057866591079422,113.46115507287483,0.08636363636363636,0.07,0.7099236641221374,0.93
75,median_mad,81.96582030079304,4.429115570630472,122.75622653146426,0.004545454545454545,0.38,0.96875,0.62
76,mean_std,78.83826491928664,4.332153704053818,119.2108092922045,0.025,0.23,0.875,0.77
76,median_std,78.99380710140848,4.274073755953645,119.27286134221127,0.025,0.21,0.8777777777777778,0.79
76,quantile_99,76.8241882373423,4.0406917771541515,115.45498344458034,0.08636363636363636,0.08,0.7076923076923077,0.92
76,median_mad,79.20751092200669,4.458135414482236,123.2461296152579,0.00909090909090909,0.32,0.9444444444444444,0.68
77,mean_std,80.6201138142844,4.243860985048322,123.06160730129471,0.00909090909090909,0.31,0.9452054794520548,0.69
77,median_std,81.10150310432819,4.310236810769446,123.51989170292457,0.006818181818181818,0.34,0.9565217391304348,0.66
77,quantile_99,77.78554839791919,3.8985520938313316,118.69543878871396,0.06363636363636363,0.11,0.7606837606837606,0.89
77,median_mad,81.90611555724499,4.720232093211435,123.28532926510425,0.004545454545454545,0.42,0.9666666666666667,0.58
78,mean_std,79.99176477118876,4.309739984522761,122.66326152280512,0.00909090909090909,0.33,0.9436619718309859,0.67
78,median_std,80.09839415477026,4.237321588806344,121.77043738612795,0.011363636363636364,0.3,0.9333333333333333,0.7
78,quantile_99,78.53402369277046,4.120890246421582,121.93870371687395,0.020454545454545454,0.2,0.898876404494382,0.8
78,median_mad,78.54865070902417,4.2726956877742195,127.45957940989351,0.013636363636363636,0.28,0.9230769230769231,0.72
79,mean_std,79.82910453160352,4.136777770468444,121.55608456188317,0.015909090909090907,0.24,0.9156626506024096,0.76
79,median_std,79.87503187953467,4.103968181534851,121.14866825265761,0.020454545454545454,0.23,0.8953488372093024,0.77
79,quantile_99,78.21440661718043,3.9086708055836294,115.26270540621817,0.07727272727272727,0.1,0.7258064516129032,0.9
79,median_mad,81.17330658580897,4.012978419222177,127.59278140923932,0.015909090909090907,0.28,0.9113924050632911,0.72
80,mean_std,77.73260056260928,4.016290359193801,122.31878008212507,0.03636363636363636,0.15,0.8415841584158416,0.85
80,median_std,77.50495380317207,4.076437522877439,122.71708021269265,0.03636363636363636,0.16,0.84,0.84
80,quantile_99,77.65808317164498,3.8365701473158156,119.23503029984005,0.08181818181818182,0.1,0.7142857142857143,0.9
80,median_mad,78.14583106397902,4.202938477953117,125.12391463188315,0.020454545454545454,0.26,0.891566265060241,0.74
81,mean_std,77.50004887997909,4.229824364057761,124.14694094423058,0.029545454545454545,0.19,0.8617021276595744,0.81
81,median_std,77.93271245472171,4.228411871185848,124.90523940458516,0.022727272727272728,0.23,0.8850574712643678,0.77
81,quantile_99,75.5389486689201,3.9279389118568226,120.12682338659678,0.1,0.08,0.6764705882352942,0.92
81,median_mad,78.26963229462896,4.479591530187889,121.86130108046332,0.022727272727272728,0.27,0.8795180722891566,0.73
82,mean_std,79.46946759907348,4.180520617005504,125.80817428567113,0.011363636363636364,0.28,0.935064935064935,0.72
82,median_std,79.4393269049951,4.181743151557644,126.78386257003768,0.011363636363636364,0.29,0.9342105263157895,0.71
82,quantile_99,77.14462222665587,3.8190975793721527,121.75156429081643,0.07954545454545454,0.11,0.717741935483871,0.89
82,median_mad,80.09447017490146,4.685258492429151,128.76861384084827,0.0022727272727272726,0.43,0.9827586206896551,0.57
83,mean_std,79.6694689553264,4.333128277271001,120.82173655015453,0.015909090909090907,0.31,0.9078947368421053,0.69
83,median_std,79.78051577854608,4.32689432832206,119.59956990425627,0.020454545454545454,0.27,0.8902439024390244,0.73
83,quantile_99,76.77612765783175,4.044138114146535,119.08075520076913,0.06363636363636363,0.11,0.7606837606837606,0.89
83,median_mad,82.1896898937363,4.720214747493197,123.12679664513392,0.004545454545454545,0.41,0.9672131147540983,0.59
84,mean_std,79.88097323406245,4.294325203239126,121.51447186433023,0.011363636363636364,0.3,0.9333333333333333,0.7
84,median_std,79.14672505610258,4.2888956155289275,122.01470732147314,0.011363636363636364,0.29,0.9342105263157895,0.71
84,quantile_99,76.92345109797688,4.229046218889713,120.23157694238124,0.045454545454545456,0.15,0.8095238095238095,0.85
84,median_mad,80.76693628807799,4.681592814721564,123.32649441110185,0.004545454545454545,0.38,0.96875,0.62
85,mean_std,80.65333551282433,4.302058202783265,121.60472197658763,0.011363636363636364,0.31,0.9324324324324325,0.69
85,median_std,79.71152312165137,4.182966377324014,122.37107985470877,0.013636363636363636,0.26,0.925,0.74
85,quantile_99,79.16641681690659,4.002023181506668,114.1408895332149,0.06818181818181818,0.08,0.7540983606557377,0.92
85,median_mad,78.89238170052266,4.954486374388388,132.75186773728626,0.004545454545454545,0.41,0.9672131147540983,0.59
86,mean_std,79.56474865167968,4.0606112024091345,118.23475389864666,0.04090909090909091,0.2,0.8163265306122449,0.8
86,median_std,79.21943657111726,4.0642421442865375,117.83149394637391,0.04318181818181818,0.18,0.8118811881188119,0.82
86,quantile_99,77.78612108538786,3.836386066898829,119.72785037405944,0.08181818181818182,0.11,0.712,0.89
86,median_mad,81.22123510653338,4.364074670138605,119.46678884537243,0.015909090909090907,0.29,0.9102564102564102,0.71
87,mean_std,81.46972495329265,4.19938425983102,124.4010639588034,0.006818181818181818,0.32,0.9577464788732394,0.68
87,median_std,81.50774251255261,4.211098908158554,123.58702228441207,0.00909090909090909,0.31,0.9452054794520548,0.69
87,quantile_99,78.33708796784978,3.9547013113086713,120.3970609710972,0.038636363636363635,0.14,0.8349514563106796,0.86
87,median_mad,84.19644988658804,4.520619275966225,128.55302638031836,0.0,0.49,1.0,0.51
88,mean_std,79.63677268368347,4.377638204025203,123.02520794677113,0.00909090909090909,0.33,0.9436619718309859,0.67
88,median_std,79.68991682705106,4.439669095885572,122.29758114324864,0.00909090909090909,0.35,0.9420289855072463,0.65
88,quantile_99,78.14751321222214,4.074223253412248,120.08513134241613,0.03636363636363636,0.16,0.84,0.84
88,median_mad,81.05260607289912,4.726591488435282,128.36081159162674,0.0,0.45,1.0,0.55
89,mean_std,78.16973397977415,4.246220814036731,117.32593071474074,0.05,0.19,0.7864077669902912,0.81
89,median_std,77.94105124576359,4.253258174360385,117.61049619563939,0.04772727272727273,0.17,0.7980769230769231,0.83
89,quantile_99,75.56156512412875,4.070335571178606,114.96087288977166,0.12045454545454545,0.06,0.6394557823129252,0.94
89,median_mad,79.99922877581102,4.655899436252726,122.10981647347361,0.011363636363636364,0.37,0.9264705882352942,0.63
90,mean_std,77.7849249488138,3.9963107148080184,119.6613019345451,0.04772727272727273,0.11,0.8090909090909091,0.89
90,median_std,77.7733915519785,4.008408823117854,119.78375300463534,0.045454545454545456,0.11,0.8165137614678899,0.89
90,quantile_99,74.98672848840398,3.8619837641825048,118.32983553073392,0.13863636363636364,0.07,0.6038961038961039,0.93
90,median_mad,77.4959917069657,3.8987578267856327,122.30040389213949,0.056818181818181816,0.12,0.7787610619469026,0.88
91,mean_std,79.36011701324198,4.184241517685016,122.72337071946703,0.011363636363636364,0.24,0.9382716049382716,0.76
91,median_std,79.3884675884943,4.223693123234039,122.13558520289547,0.013636363636363636,0.27,0.9240506329113924,0.73
91,quantile_99,77.71993707741754,3.896959032707187,118.0944385590528,0.07045454545454545,0.11,0.7416666666666667,0.89
91,median_mad,78.23018694905245,4.537134752579431,129.82413808402134,0.013636363636363636,0.33,0.9178082191780822,0.67
92,mean_std,78.94167646544221,4.084437830634519,120.31563436612306,0.025,0.18,0.8817204301075269,0.82
92,median_std,79.04356482519556,4.105949910552974,119.58176529403652,0.022727272727272728,0.17,0.8924731182795699,0.83
92,quantile_99,78.12037709634008,4.032613808120994,119.67979515438044,0.038636363636363635,0.12,0.8380952380952381,0.88
92,median_mad,82.62530990897645,4.400366792921943,126.10735645984097,0.0022727272727272726,0.41,0.9833333333333333,0.59
93,mean_std,79.83332511605796,4.234421415974991,121.31612008257395,0.015909090909090907,0.27,0.9125,0.73
93,median_std,79.9361852829694,4.300139328644762,121.31091715085259,0.015909090909090907,0.31,0.9078947368421053,0.69
93,quantile_99,77.2608553507255,3.9885259680728593,120.3970609710972,0.05,0.1,0.8035714285714286,0.9
93,median_mad,78.54297660030338,4.738610601886037,121.16125014600182,0.01818181818181818,0.26,0.9024390243902439,0.74
94,mean_std,79.05691181023936,4.113675479561728,121.38135449684113,0.015909090909090907,0.2,0.9195402298850575,0.8
94,median_std,79.0072766795982,4.099302398175448,120.8716485969591,0.020454545454545454,0.2,0.898876404494382,0.8
94,quantile_99,77.52470013373522,3.8675022756908115,122.32758219213065,0.06136363636363636,0.12,0.7652173913043478,0.88
94,median_mad,81.24395495625504,4.639173545443532,126.02897280100635,0.0,0.45,1.0,0.55
95,mean_std,79.33489956914902,4.222588993143942,120.75419736010501,0.015909090909090907,0.25,0.9146341463414634,0.75
95,median_std,79.17050472942738,4.220329764748961,119.5485740141784,0.020454545454545454,0.21,0.8977272727272727,0.79
95,quantile_99,77.3608312432866,3.901897307312683,120.78546491348143,0.05454545454545454,0.09,0.7913043478260869,0.91
95,median_mad,81.94356000585684,4.290438304658725,119.45999036615287,0.015909090909090907,0.29,0.9102564102564102,0.71
96,mean_std,78.59530511676178,4.259993192230387,122.56079536521669,0.015909090909090907,0.24,0.9156626506024096,0.76
96,median_std,79.07589638044969,4.293820161532933,122.77592286333272,0.00909090909090909,0.29,0.9466666666666667,0.71
96,quantile_99,75.45040138233031,4.350071130065174,119.67902361752903,0.08409090909090909,0.15,0.6967213114754098,0.85
96,median_mad,79.44504161486297,4.395809471377962,127.64832547974426,0.004545454545454545,0.36,0.9696969696969697,0.64
97,mean_std,81.06027349096892,4.2702268639722645,121.11023899953906,0.013636363636363636,0.31,0.92,0.69
97,median_std,81.83002756211953,4.300910934547998,120.54823126513,0.013636363636363636,0.31,0.92,0.69
97,quantile_99,77.61556475006036,3.8475033820690716,115.93174916401817,0.1,0.09,0.674074074074074,0.91
97,median_mad,84.48155259158762,4.864882694276395,124.84335573440217,0.0,0.51,1.0,0.49
98,mean_std,79.51854312875007,4.348847322504125,121.35769802406331,0.006818181818181818,0.3,0.958904109589041,0.7
98,median_std,79.4159986825087,4.354129495198649,122.2083064219054,0.006818181818181818,0.32,0.9577464788732394,0.68
98,quantile_99,78.12037709634008,4.350071130065174,119.84667980963266,0.029545454545454545,0.2,0.8602150537634409,0.8
98,median_mad,78.82142170622231,4.8387600896751515,125.69024726457903,0.006818181818181818,0.36,0.9552238805970149,0.64
99,mean_std,78.89788484310546,4.29134548087637,118.10174350074138,0.04090909090909091,0.22,0.8125,0.78
99,median_std,79.78502241624665,4.3112397300124226,118.43007073597823,0.031818181818181815,0.26,0.8409090909090909,0.74
99,quantile_99,75.18521679882394,4.139516262074627,112.43393106661969,0.15,0.06,0.5875,0.94
99,median_mad,78.1690493947951,4.547151725419006,124.09434656453041,0.020454545454545454,0.28,0.8888888888888888,0.72
100,mean_std,78.87335938542108,4.151391401718448,121.1493247204838,0.01818181818181818,0.21,0.9080459770114943,0.79
100,median_std,78.88558356513181,4.065382316503486,120.38549279382272,0.029545454545454545,0.18,0.8631578947368421,0.82
100,quantile_99,77.1498761660065,3.8262200400827844,119.23503029984005,0.08863636363636364,0.09,0.7,0.91
100,median_mad,81.72207235191907,4.3544015790429835,125.29847983546799,0.0022727272727272726,0.39,0.9838709677419355,0.61
101,mean_std,79.49157276857639,3.968910417242043,115.43156684234262,0.07045454545454545,0.12,0.7394957983193278,0.88
101,median_std,79.5267175578785,3.986646884870014,114.04270677931548,0.07954545454545454,0.09,0.7222222222222222,0.91
101,quantile_99,77.49421428119635,3.74628282643984,112.80214623216642,0.15,0.04,0.5925925925925926,0.96
101,median_mad,82.03651712069413,4.2342536991433715,117.08279954334536,0.03636363636363636,0.25,0.8241758241758241,0.75
102,mean_std,80.70557503994597,4.1437833643973505,121.0545706160227,0.015909090909090907,0.25,0.9146341463414634,0.75
102,median_std,80.90897572612602,4.134492555878123,122.33853414414472,0.015909090909090907,0.28,0.9113924050632911,0.72
102,quantile_99,77.6585482698624,4.0406917771541515,119.40911579316032,0.04318181818181818,0.11,0.8240740740740741,0.89
102,median_mad,81.51127493150169,4.40793198435763,126.43842980732242,0.0,0.42,1.0,0.58
103,mean_std,79.33736477562401,4.119842295628503,123.77050082553373,0.011363636363636364,0.23,0.9390243902439024,0.77
103,median_std,79.53262473483107,4.189200933774963,121.72010481369466,0.011363636363636364,0.26,0.9367088607594937,0.74
103,quantile_99,78.79226709763422,3.934778270781218,121.28456756822126,0.031818181818181815,0.14,0.86,0.86
103,median_mad,79.75534125963969,4.532264460707656,121.3178253349551,0.006818181818181818,0.32,0.9577464788732394,0.68
104,mean_std,80.42090798155414,4.1789281095605935,121.68779682761766,0.013636363636363636,0.26,0.925,0.74
104,median_std,80.40509847577177,4.162424776575381,121.3372965745377,0.013636363636363636,0.25,0.9259259259259259,0.75
104,quantile_99,78.65619304914786,3.9973752047352136,118.69543878871396,0.04318181818181818,0.14,0.819047619047619,0.86
104,median_mad,82.33904922728446,4.341455129638804,124.2157712332033,0.004545454545454545,0.37,0.9692307692307692,0.63
105,mean_std,80.39369213650235,4.476514165912494,120.86929635185763,0.00909090909090909,0.34,0.9428571428571428,0.66
105,median_std,80.54585234108536,4.433858127769371,121.41166711689169,0.006818181818181818,0.33,0.9571428571428572,0.67
105,quantile_99,79.43722018984289,4.120890246421582,115.75266642221457,0.05,0.15,0.794392523364486,0.85
105,median_mad,80.0797798997985,4.784751787785516,127.79514345935374,0.0022727272727272726,0.43,0.9827586206896551,0.57
106,mean_std,81.48051233734047,4.190112373465051,119.67284318207213,0.020454545454545454,0.24,0.8941176470588236,0.76
106,median_std,81.23542612865944,4.216412392267422,120.59445343166196,0.013636363636363636,0.28,0.9230769230769231,0.72
106,quantile_99,79.44886343551379,3.901635963293806,114.27233474340579,0.07727272727272727,0.09,0.728,0.91
106,median_mad,80.56312968825641,4.593821515441714,122.60585182490621,0.004545454545454545,0.37,0.9692307692307692,0.63
107,mean_std,79.89258011875158,4.292375896587445,119.99486268783808,0.022727272727272728,0.26,0.8809523809523809,0.74
107,median_std,80.01388506371042,4.247503202894183,120.46797720759598,0.022727272727272728,0.27,0.8795180722891566,0.73
107,quantile_99,77.87835882550073,4.124339591685401,115.67971312613741,0.06363636363636363,0.1,0.7627118644067796,0.9
107,median_mad,81.25977048177144,4.611707900561937,125.06052951361042,0.0,0.44,1.0,0.56
108,mean_std,78.64853470725939,3.992696497862526,121.92083091829487,0.03636363636363636,0.16,0.84,0.84
108,median_std,78.08978592409471,3.956692916437936,122.83471168271267,0.04090909090909091,0.14,0.8269230769230769,0.86
108,quantile_99,77.9091562543407,3.830542458107479,118.51927477681998,0.08863636363636364,0.11,0.6953125,0.89
108,median_mad,78.86353535332945,4.258466210641828,122.77740525614855,0.015909090909090907,0.26,0.9135802469135802,0.74
109,mean_std,79.74255081750955,4.342937371623151,123.95760022412274,0.004545454545454545,0.33,0.9710144927536232,0.67
109,median_std,80.10449653859865,4.284226550436834,125.25983696990502,0.0022727272727272726,0.36,0.9846153846153847,0.64
109,quantile_99,77.86416019287826,4.164743112495959,123.05245700995958,0.025,0.19,0.8804347826086957,0.81
109,median_mad,83.35473765993972,4.6946364617672,126.86158564179962,0.0,0.51,1.0,0.49
110,mean_std,79.50123061645233,4.310191079565729,120.78091610498035,0.015909090909090907,0.29,0.9102564102564102,0.71
110,median_std,79.57381063611372,4.33764359858573,120.49401276825793,0.015909090909090907,0.28,0.9113924050632911,0.72
110,quantile_99,78.6821740975398,4.021935848853907,117.02256285936296,0.04772727272727273,0.14,0.8037383177570093,0.86
110,median_mad,81.38991624559166,4.785498750794715,123.06820072210398,0.004545454545454545,0.41,0.9672131147540983,0.59
111,mean_std,79.7008959073926,4.200503044537849,120.55252127540598,0.013636363636363636,0.25,0.9259259259259259,0.75
111,median_std,79.6236017688067,4.183440586161263,119.92983517743247,0.01818181818181818,0.21,0.9080459770114943,0.79
111,quantile_99,78.98184185326188,4.054946058227935,119.75527620220481,0.029545454545454545,0.17,0.8645833333333334,0.83
111,median_mad,78.74611682295766,4.498588374699297,120.25749816250723,0.01818181818181818,0.25,0.9036144578313253,0.75
112,mean_std,79.24877125531494,4.432717338556364,123.27132526167938,0.00909090909090909,0.32,0.9444444444444444,0.68
112,median_std,79.19296185069736,4.464270288564791,122.99781898475068,0.00909090909090909,0.32,0.9444444444444444,0.68
112,quantile_99,76.8641884207331,4.18920263609352,117.25163744856627,0.0659090909090909,0.13,0.75,0.87
112,median_mad,81.75211734576254,4.784854484244511,130.87921735921987,0.0,0.52,1.0,0.48
113,mean_std,80.09982551860884,4.105913750855676,121.38116410711518,0.020454545454545454,0.24,0.8941176470588236,0.76
113,median_std,80.71853392934295,4.025131266475255,120.67492651631751,0.025,0.22,0.8764044943820225,0.78
113,quantile_99,76.6274327088947,3.8096244741805876,119.12023515287552,0.1,0.09,0.674074074074074,0.91
113,median_mad,80.66966074824914,4.448968231559703,123.22554107548615,0.004545454545454545,0.37,0.9692307692307692,0.63
114,mean_std,77.46399313288765,4.3298613284266105,122.55147596208342,0.02727272727272727,0.22,0.8666666666666667,0.78
114,median_std,77.7235588006294,4.386182806305481,123.05525805057326,0.025,0.24,0.8735632183908046,0.76
114,quantile_99,75.10153056489685,4.139516262074627,122.13996823320066,0.08863636363636364,0.12,0.6929133858267716,0.88
114,median_mad,79.3510937918221,4.6579713475032,132.1132429014662,0.004545454545454545,0.39,0.9682539682539683,0.61
115,mean_std,80.72786477729439,4.157800892975514,124.02569471247813,0.00909090909090909,0.27,0.948051948051948,0.73
115,median_std,81.04575886369054,4.171130911668374,123.4457622596143,0.00909090909090909,0.28,0.9473684210526315,0.72
115,quantile_99,77.42974552831043,3.9348763598151115,123.05245700995958,0.045454545454545456,0.12,0.8148148148148148,0.88
115,median_mad,82.77155984744283,4.387318444107638,126.77563756017516,0.0022727272727272726,0.41,0.9833333333333333,0.59
116,mean_std,79.88972813302802,4.168452479854955,124.99104338147279,0.011363636363636364,0.28,0.935064935064935,0.72
116,median_std,79.89941897566379,4.151290687498705,125.48505755354975,0.011363636363636364,0.29,0.9342105263157895,0.71
116,quantile_99,78.70984832624684,3.9569293487881096,121.16221837159492,0.02727272727272727,0.14,0.8775510204081632,0.86
116,median_mad,80.96592024717222,4.46663992047522,132.2101214318195,0.0,0.43,1.0,0.57
117,mean_std,79.32766236625386,4.197775825525703,122.3631118593477,0.013636363636363636,0.26,0.925,0.74
117,median_std,79.48114356981301,4.168452852064629,122.2351137123257,0.013636363636363636,0.25,0.9259259259259259,0.75
117,quantile_99,77.80454887632548,4.139516262074627,119.76173984944374,0.03636363636363636,0.14,0.8431372549019608,0.86
117,median_mad,81.07246657575683,4.196820170504552,123.11973309382464,0.006818181818181818,0.3,0.958904109589041,0.7
118,mean_std,78.87687670119952,4.213564459920251,120.07949726993506,0.022727272727272728,0.21,0.8876404494382022,0.79
118,median_std,79.13949749030722,4.190405410374563,120.31625180081627,0.020454545454545454,0.21,0.8977272727272727,0.79
118,quantile_99,78.02379992501173,3.9797549912007675,121.28456756822126,0.038636363636363635,0.12,0.8380952380952381,0.88
118,median_mad,79.43290817581499,4.637705907811107,118.74173882070946,0.022727272727272728,0.27,0.8795180722891566,0.73
119,mean_std,79.71963817827219,4.219615125179284,121.11178058596337,0.013636363636363636,0.27,0.9240506329113924,0.73
119,median_std,79.35912159258972,4.255715235177308,121.66681465626226,0.011363636363636364,0.28,0.935064935064935,0.72
119,quantile_99,78.40022583893034,3.9029641156396737,121.28919148180324,0.04318181818181818,0.13,0.8207547169811321,0.87
119,median_mad,81.21658201981754,4.695587107970514,126.12484889728137,0.0,0.46,1.0,0.54
120,mean_std,79.35342069793695,4.200774741014515,124.53035398908037,0.00909090909090909,0.28,0.9473684210526315,0.72
120,median_std,79.73542358812948,4.198722746419393,125.55120156616422,0.00909090909090909,0.31,0.9452054794520548,0.69
120,quantile_99,76.026152234631,3.866639849655894,124.20051347231971,0.09318181818181819,0.1,0.6870229007633588,0.9
120,median_mad,81.01928414414783,4.651275934457969,125.51033102175217,0.0,0.42,1.0,0.58
121,mean_std,79.08031691300963,4.208143558816467,120.39958797379387,0.01818181818181818,0.22,0.9069767441860465,0.78
121,median_std,80.01175822262067,4.0934761029352735,120.92291557492993,0.020454545454545454,0.24,0.8941176470588236,0.76
121,quantile_99,76.87184850476764,4.120890246421582,119.35066302513783,0.05454545454545454,0.11,0.7876106194690266,0.89
121,median_mad,80.63037937461998,4.358663356180735,120.66714435055442,0.011363636363636364,0.32,0.9315068493150684,0.68
122,mean_std,80.22355177074043,3.9734049768387525,119.59375237834298,0.03636363636363636,0.18,0.8367346938775511,0.82
122,median_std,80.70758032191895,3.962950932904829,119.99363427285502,0.03409090909090909,0.18,0.845360824742268,0.82
122,quantile_99,77.74382870784734,3.787739784568272,120.02031944161507,0.08409090909090909,0.11,0.7063492063492064,0.89
122,median_mad,82.19989943765441,4.218404554021037,121.41109281308542,0.00909090909090909,0.29,0.9466666666666667,0.71
123,mean_std,79.87685781489512,4.229264488254015,122.07361326710202,0.015909090909090907,0.29,0.9102564102564102,0.71
123,median_std,79.6469442551106,4.226218095908299,122.03950526572109,0.015909090909090907,0.29,0.9102564102564102,0.71
123,quantile_99,78.2820433298755,4.094254452419688,118.30275715493318,0.045454545454545456,0.15,0.8095238095238095,0.85
123,median_mad,81.02546261825296,4.488311906589575,125.83711718828906,0.0,0.42,1.0,0.58
124,mean_std,77.64107901900076,4.059302366959791,120.1652311793194,0.045454545454545456,0.13,0.8130841121495327,0.87
124,median_std,77.27839824532698,3.985088801219695,120.83531210557823,0.05,0.1,0.8035714285714286,0.9
124,quantile_99,75.20376439180922,3.7683260410173802,121.16221837159492,0.13863636363636364,0.06,0.6064516129032258,0.94
124,median_mad,80.71386562482142,4.539404735153991,121.79089956205483,0.004545454545454545,0.36,0.9696969696969697,0.64
125,mean_std,79.67271618328677,4.319986397977208,119.80890727798376,0.020454545454545454,0.27,0.8902439024390244,0.73
125,median_std,78.88494607203613,4.264375688154671,119.47577057016198,0.025,0.21,0.8777777777777778,0.79
125,quantile_99,77.7186119729462,4.124339591685401,119.35066302513783,0.03636363636363636,0.13,0.8446601941747572,0.87
125,median_mad,80.04701439872359,4.872515238225801,122.38755900691432,0.00909090909090909,0.38,0.9393939393939394,0.62
126,mean_std,77.7232333780505,4.094538404585954,122.5443991079337,0.03636363636363636,0.18,0.8367346938775511,0.82
126,median_std,77.48975329987773,4.073637805830124,122.58469566852736,0.03636363636363636,0.16,0.84,0.84
126,quantile_99,76.88247262075308,3.8490165106979464,116.76225472222362,0.10909090909090909,0.09,0.6546762589928058,0.91
126,median_mad,80.89973434022895,4.406351623370342,125.87259939736012,0.0022727272727272726,0.4,0.9836065573770492,0.6
127,mean_std,80.38542243780832,4.115230164027574,119.38617583323769,0.020454545454545454,0.21,0.8977272727272727,0.79
127,median_std,80.47177916932444,4.179068484819777,119.82870787842593,0.01818181818181818,0.22,0.9069767441860465,0.78
127,quantile_99,77.6585482698624,4.063663626261514,117.22036306180797,0.05909090909090909,0.12,0.7719298245614035,0.88
127,median_mad,80.91185340366513,4.278550484085896,119.38280389194415,0.015909090909090907,0.27,0.9125,0.73
128,mean_std,79.09925954553394,4.316469800748937,118.67503167861787,0.02727272727272727,0.25,0.8620689655172413,0.75
128,median_std,78.65524152169627,4.324407347794859,118.77404132787012,0.031818181818181815,0.22,0.8478260869565217,0.78
128,quantile_99,77.64067998587686,4.191757656837542,119.12527889311873,0.038636363636363635,0.14,0.8349514563106796,0.86
128,median_mad,80.28104676791826,4.872138407539444,119.50154334175824,0.013636363636363636,0.31,0.92,0.69
129,mean_std,79.33996114994227,4.283437168888951,120.39219666687441,0.020454545454545454,0.24,0.8941176470588236,0.76
129,median_std,79.11112371821727,4.197930734324126,120.3971071117486,0.020454545454545454,0.22,0.896551724137931,0.78
129,quantile_99,77.45486076412693,4.1369612413306065,121.75156429081643,0.029545454545454545,0.17,0.8645833333333334,0.83
129,median_mad,79.87179798424224,4.556700969108235,120.4521770628132,0.015909090909090907,0.29,0.9102564102564102,0.71
130,mean_std,78.5734595083926,4.049017975791141,121.5304009429424,0.029545454545454545,0.18,0.8631578947368421,0.82
130,median_std,79.05595729792809,4.067050902486937,122.74112780365824,0.022727272727272728,0.22,0.8863636363636364,0.78
130,quantile_99,76.71445548679296,3.762672036065354,115.71795151343338,0.13636363636363635,0.07,0.6078431372549019,0.93
130,median_mad,78.74086247385756,4.377687535487949,128.05700883366103,0.011363636363636364,0.31,0.9324324324324325,0.69
131,mean_std,80.31350887656058,4.203766522004191,123.74006889998614,0.00909090909090909,0.29,0.9466666666666667,0.71
131,median_std,79.64164854446076,4.257890836720188,122.10021770822848,0.013636363636363636,0.31,0.92,0.69
131,quantile_99,79.44886343551379,3.8923320288689665,119.46040622851639,0.04318181818181818,0.16,0.8155339805825242,0.84
131,median_mad,76.6644575296149,4.868740162975583,127.5339599016858,0.029545454545454545,0.26,0.8505747126436781,0.74
132,mean_std,81.15620657431046,4.187388878156188,121.1535466273961,0.011363636363636364,0.26,0.9367088607594937,0.74
132,median_std,81.38018726710244,4.158095444860154,120.37173145765523,0.020454545454545454,0.24,0.8941176470588236,0.76
132,quantile_99,79.43722018984289,4.021935848853907,119.20690191871772,0.029545454545454545,0.17,0.8645833333333334,0.83
132,median_mad,82.28017106451414,4.49195679218338,121.83372706216274,0.006818181818181818,0.38,0.9538461538461539,0.62
133,mean_std,78.082865910478,4.106151788389695,118.55311551920046,0.045454545454545456,0.13,0.8130841121495327,0.87
133,median_std,78.2694468515359,4.148071346365944,119.55142433168812,0.03409090909090909,0.16,0.8484848484848485,0.84
133,quantile_99,78.58238309997263,3.8183661620750473,114.17361319795187,0.10227272727272728,0.07,0.6739130434782609,0.93
133,median_mad,79.14417088001586,4.400907778536524,118.9828643984416,0.02727272727272727,0.25,0.8620689655172413,0.75
134,mean_std,79.57332826390012,4.125205215678903,121.08552900955551,0.015909090909090907,0.23,0.9166666666666666,0.77
134,median_std,79.53857032262033,4.1340560790815015,120.66627535016244,0.015909090909090907,0.24,0.9156626506024096,0.76
134,quantile_99,78.80391034330513,3.9174685939164284,121.11092793623885,0.03409090909090909,0.14,0.8514851485148515,0.86
134,median_mad,79.4924274632782,4.513647129498957,127.87357564675472,0.0022727272727272726,0.39,0.9838709677419355,0.61
135,mean_std,78.67936910429131,4.170934808208525,124.00006592001897,0.01818181818181818,0.22,0.9069767441860465,0.78
135,median_std,78.80821573237007,4.200598580590501,123.34755179592099,0.015909090909090907,0.25,0.9146341463414634,0.75
135,quantile_99,77.71926843834053,3.972878494529895,122.13996823320066,0.038636363636363635,0.14,0.8349514563106796,0.86
135,median_mad,80.02513294820751,4.465957102306673,129.44883817304452,0.004545454545454545,0.4,0.967741935483871,0.6
136,mean_std,80.54532729926879,4.225681893153134,122.39483942966046,0.00909090909090909,0.3,0.9459459459459459,0.7
136,median_std,80.32850920282067,4.201401504801916,122.80707102751202,0.00909090909090909,0.29,0.9466666666666667,0.71
136,quantile_99,77.55539954789191,4.018094176415691,119.60170365611084,0.04318181818181818,0.1,0.8256880733944955,0.9
136,median_mad,85.31534378149627,4.471984807276376,124.52779091476594,0.0,0.44,1.0,0.56
137,mean_std,78.79361316356626,4.21087731984998,118.58713631361668,0.03636363636363636,0.2,0.8333333333333334,0.8
137,median_std,79.42087381631633,4.219190731454176,118.2372688229617,0.03636363636363636,0.22,0.8297872340425532,0.78
137,quantile_99,77.48382636055639,3.9953186694396168,114.31849898082294,0.07954545454545454,0.05,0.7307692307692307,0.95
137,median_mad,80.26909246755825,4.5880992479050065,120.63292920999353,0.00909090909090909,0.33,0.9436619718309859,0.67
138,mean_std,78.58150900779398,4.1820643286259305,124.53030370372915,0.01818181818181818,0.23,0.9058823529411765,0.77
138,median_std,78.97081007312956,4.240730439246347,124.10900764188281,0.013636363636363636,0.25,0.9259259259259259,0.75
138,quantile_99,76.47327389449323,3.7883136287634134,120.78546491348143,0.10227272727272728,0.09,0.6691176470588235,0.91
138,median_mad,76.19676982237112,4.461103199147142,123.73244358323515,0.05454545454545454,0.22,0.7647058823529411,0.78
139,mean_std,82.14427512685336,4.0999315825789004,121.2835458534718,0.01818181818181818,0.25,0.9036144578313253,0.75
139,median_std,82.25338751305722,4.119662202482692,121.31340629460368,0.013636363636363636,0.25,0.9259259259259259,0.75
139,quantile_99,80.10587662939002,4.058152258503224,116.42721637161696,0.05227272727272727,0.18,0.780952380952381,0.82
139,median_mad,83.05172710977448,4.4196442664081435,128.3054558057289,0.0,0.44,1.0,0.56
140,mean_std,79.84265116472041,3.9422424274657133,118.37070341572789,0.04772727272727273,0.17,0.7980769230769231,0.83
140,median_std,79.48143580349259,3.924709674345243,119.78258847364985,0.04318181818181818,0.16,0.8155339805825242,0.84
140,quantile_99,78.0374202121277,3.7974384340001297,112.161419480089,0.1431818181818182,0.06,0.5987261146496815,0.94
140,median_mad,81.92893010072282,3.8795094178061658,123.41809229838154,0.045454545454545456,0.2,0.8,0.8
141,mean_std,77.98732832379135,4.285472371817681,120.3456868158001,0.03409090909090909,0.19,0.84375,0.81
141,median_std,77.77878635325048,4.272241033856615,121.70445007687451,0.031818181818181815,0.21,0.8494623655913979,0.79
141,quantile_99,76.97773937887563,3.9268859975580237,118.41477549092284,0.07045454545454545,0.09,0.7459016393442623,0.91
141,median_mad,79.10288369909334,4.708724525437245,124.76274105741282,0.004545454545454545,0.36,0.9696969696969697,0.64
142,mean_std,78.73464017951316,4.245901415780597,121.39368847459428,0.01818181818181818,0.23,0.9058823529411765,0.77
142,median_std,78.67181416200418,4.115477716106782,120.61308645331916,0.022727272727272728,0.18,0.8913043478260869,0.82
142,quantile_99,76.87125540935394,4.038916254264238,119.50615552239802,0.056818181818181816,0.1,0.782608695652174,0.9
142,median_mad,80.91509988003672,4.335837685664004,123.23122855340819,0.004545454545454545,0.35,0.9701492537313433,0.65
143,mean_std,79.16657425886788,4.237913148199429,124.90149933134172,0.00909090909090909,0.28,0.9473684210526315,0.72
143,median_std,78.89967288194313,4.209441257517412,125.95986356607533,0.011363636363636364,0.29,0.9342105263157895,0.71
143,quantile_99,76.80353759904358,3.862277734029813,119.80241601253374,0.08409090909090909,0.09,0.7109375,0.91
143,median_mad,80.71464770198389,4.755786684943597,132.31553698870871,0.0,0.45,1.0,0.55
144,mean_std,78.62363918965897,4.120260203593919,118.09401743647449,0.045454545454545456,0.15,0.8095238095238095,0.85
144,median_std,78.54061582662388,4.004046231766151,117.41621124815161,0.05,0.13,0.7981651376146789,0.87
144,quantile_99,77.9342714901572,3.9049141663778326,115.65230527601668,0.08181818181818182,0.09,0.7165354330708661,0.91
144,median_mad,80.73913247709605,4.333024440253869,120.89797795209313,0.011363636363636364,0.32,0.9315068493150684,0.68
145,mean_std,77.45791387766947,4.293313922743614,122.87402049842467,0.025,0.21,0.8777777777777778,0.79
145,median_std,77.5489970670316,4.23394656603508,122.98088228197,0.025,0.19,0.8804347826086957,0.81
145,quantile_99,77.20142245518504,4.274894488820981,122.13996823320066,0.031818181818181815,0.19,0.8526315789473684,0.81
145,median_mad,76.82919255223827,4.287553546305884,124.33828334901393,0.038636363636363635,0.2,0.8247422680412371,0.8
146,mean_std,80.20367794441461,4.235480845778009,116.9936696171743,0.03409090909090909,0.24,0.8351648351648352,0.76
146,median_std,81.0459635024819,4.152719570780489,115.93428178046818,0.04772727272727273,0.2,0.7920792079207921,0.8
146,quantile_99,76.71445548679296,4.072628024991399,114.18280458026412,0.09318181818181819,0.06,0.6962962962962963,0.94
146,median_mad,80.44468270189523,4.305306196660306,116.82420690990887,0.038636363636363635,0.26,0.8131868131868132,0.74
147,mean_std,79.86881166002064,4.407035719310919,119.4485804192079,0.020454545454545454,0.27,0.8902439024390244,0.73
147,median_std,79.64257268485942,4.399489327966927,120.26311218071665,0.01818181818181818,0.28,0.9,0.72
147,quantile_99,77.05424468402599,4.1369612413306065,119.76173984944374,0.045454545454545456,0.12,0.8148148148148148,0.88
147,median_mad,79.5833518584783,5.061173891642079,123.37252080773234,0.006818181818181818,0.4,0.9523809523809523,0.6
148,mean_std,78.7270210032715,4.3321002548215155,115.28866748340153,0.05454545454545454,0.16,0.7777777777777778,0.84
148,median_std,78.85195648518973,4.3023081723680585,116.14100294125171,0.05227272727272727,0.2,0.7766990291262136,0.8
148,quantile_99,76.88247262075308,4.229046218889713,111.92525860130218,0.12272727272727273,0.08,0.6301369863013698,0.92
148,median_mad,80.42268561233857,4.43011551799319,117.81146319835239,0.029545454545454545,0.27,0.8488372093023255,0.73
149,mean_std,79.62337194821811,4.19261559095331,119.75711901561048,0.025,0.22,0.8764044943820225,0.78
149,median_std,79.14614393923691,4.214386382594718,118.43348776609129,0.031818181818181815,0.21,0.8494623655913979,0.79
149,quantile_99,78.4339495732346,4.071017053136959,117.09545101651676,0.05,0.15,0.794392523364486,0.85
149,median_mad,81.3119687025096,4.548561916314314,116.24946437150217,0.04090909090909091,0.25,0.8064516129032258,0.75
150,mean_std,80.58030211125622,4.217862975244602,120.47722103801043,0.01818181818181818,0.25,0.9036144578313253,0.75
150,median_std,80.64422728626792,4.228895791184202,119.20657803024201,0.020454545454545454,0.24,0.8941176470588236,0.76
150,quantile_99,77.77741786483674,3.949424848057449,118.39041843350763,0.056818181818181816,0.11,0.7807017543859649,0.89
150,median_mad,83.08651991647734,4.622532600567093,119.79836885631502,0.015909090909090907,0.32,0.9066666666666666,0.68
151,mean_std,79.7678970949019,4.0888807263792835,119.92424310559656,0.025,0.2,0.8791208791208791,0.8
151,median_std,79.5591612326079,4.070967502012928,119.86717853234215,0.029545454545454545,0.2,0.8602150537634409,0.8
151,quantile_99,79.43722018984289,3.9623864650841574,118.37198522362335,0.045454545454545456,0.16,0.8076923076923077,0.84
151,median_mad,78.94127201735009,4.144378783843226,124.29676662392913,0.00909090909090909,0.25,0.9493670886075949,0.75
152,mean_std,80.5540858995092,4.052738033546194,121.74500226173608,0.022727272727272728,0.26,0.8809523809523809,0.74
152,median_std,80.56420385030775,4.071291249938687,121.34580154240352,0.022727272727272728,0.24,0.8837209302325582,0.76
152,quantile_99,77.32407950800187,3.7429376422662597,118.10060386945521,0.12272727272727273,0.08,0.6301369863013698,0.92
152,median_mad,82.03199158033581,4.439719410240652,124.182458008905,0.0022727272727272726,0.38,0.9841269841269841,0.62
153,mean_std,78.74141387929632,4.199311550205794,124.7380352440824,0.013636363636363636,0.26,0.925,0.74
153,median_std,79.05990696267084,4.22402910738421,124.33804040048736,0.011363636363636364,0.27,0.9358974358974359,0.73
153,quantile_99,76.18914931331346,3.949424848057449,120.68613157207729,0.07272727272727272,0.09,0.7398373983739838,0.91
153,median_mad,79.24733523302838,4.684245154844202,131.456598344658,0.004545454545454545,0.38,0.96875,0.62
154,mean_std,77.6471925897396,4.270015309691052,117.5641689754172,0.05454545454545454,0.16,0.7777777777777778,0.84
154,median_std,77.94228853680889,4.294114919066982,116.96220373740694,0.05227272727272727,0.18,0.780952380952381,0.82
154,quantile_99,74.72786627040715,4.112471607787592,114.0872323918324,0.15,0.05,0.5900621118012422,0.95
154,median_mad,77.36303585992749,4.401068779088533,118.82448932142225,0.045454545454545456,0.17,0.8058252427184466,0.83
155,mean_std,79.07685399728265,4.252410776766517,122.73767309835871,0.00909090909090909,0.28,0.9473684210526315,0.72
155,median_std,79.18171591741023,4.256813393209923,122.69078446264096,0.00909090909090909,0.28,0.9473684210526315,0.72
155,quantile_99,76.67776091612832,4.350071130065174,116.89753541492547,0.06818181818181818,0.16,0.7368421052631579,0.84
155,median_mad,78.87590178565209,4.552948168191706,127.49197478438192,0.006818181818181818,0.35,0.9558823529411765,0.65
156,mean_std,79.2401515114228,4.3077667599863325,121.51036453003601,0.011363636363636364,0.27,0.9358974358974359,0.73
156,median_std,79.6299101545016,4.345671252518996,120.57942206954672,0.011363636363636364,0.3,0.9333333333333333,0.7
156,quantile_99,77.71164622294376,3.995351236589576,121.11092793623885,0.038636363636363635,0.12,0.8380952380952381,0.88
156,median_mad,80.04447760802623,4.548961242025964,121.12693265482761,0.00909090909090909,0.33,0.9436619718309859,0.67
157,mean_std,79.22898579926678,4.441227650202207,122.94797300574709,0.00909090909090909,0.32,0.9444444444444444,0.68
157,median_std,79.1747142495527,4.453542793858778,122.8217896096632,0.00909090909090909,0.32,0.9444444444444444,0.68
157,quantile_99,77.592546852702,4.350071130065174,120.12682338659678,0.031818181818181815,0.19,0.8526315789473684,0.81
157,median_mad,81.65275852902322,4.490797820798772,125.87493426013869,0.0,0.45,1.0,0.55
158,mean_std,80.38812885632782,4.25666844334211,119.62901440335845,0.01818181818181818,0.26,0.9024390243902439,0.74
158,median_std,79.81518398209806,4.251257244953542,118.84933365598579,0.02727272727272727,0.25,0.8620689655172413,0.75
158,quantile_99,78.65619304914786,4.1765809864483145,117.67405434115402,0.04090909090909091,0.17,0.8217821782178217,0.83
158,median_mad,80.51331610085565,4.78394959850848,121.0701817398855,0.00909090909090909,0.35,0.9420289855072463,0.65
159,mean_std,79.7532888410791,4.023129398125761,119.0991179915252,0.03636363636363636,0.18,0.8367346938775511,0.82
159,median_std,79.96564384190685,4.090393030202906,118.92954141972776,0.03636363636363636,0.21,0.8315789473684211,0.79
159,quantile_99,77.01748061881722,3.849003996812515,117.59488305418643,0.09318181818181819,0.09,0.6893939393939394,0.91
159,median_mad,80.97509959887498,4.293332035861352,122.89754480339306,0.00909090909090909,0.34,0.9428571428571428,0.66
160,mean_std,80.32386730509481,4.121859375733154,119.24260229806002,0.022727272727272728,0.21,0.8876404494382022,0.79
160,median_std,80.09785043237183,4.096641445067082,119.36559318575044,0.029545454545454545,0.21,0.8586956521739131,0.79
160,quantile_99,78.4339495732346,3.9174685939164284,116.7472443194037,0.07045454545454545,0.13,0.7372881355932204,0.87
160,median_mad,82.2435791139061,4.443154051851587,120.93577371916896,0.00909090909090909,0.36,0.9411764705882353,0.64
161,mean_std,78.52812842517122,4.101449493808072,119.33182964407453,0.03636363636363636,0.15,0.8415841584158416,0.85
161,median_std,78.67905445946037,4.072753689747114,119.7836737353455,0.03409090909090909,0.16,0.8484848484848485,0.84
161,quantile_99,77.78554839791919,3.9273490074087376,119.12023515287552,0.05454545454545454,0.11,0.7876106194690266,0.89
161,median_mad,78.85493930970705,4.403518036080943,121.53715025420942,0.013636363636363636,0.27,0.9240506329113924,0.73
162,mean_std,79.72297443880994,4.01759787313939,121.42065533778296,0.025,0.2,0.8791208791208791,0.8
162,median_std,79.90080218843855,4.042086563835262,120.89040303894564,0.02727272727272727,0.22,0.8666666666666667,0.78
162,quantile_99,78.7972261296666,3.8389069644154965,117.77608072324502,0.07727272727272727,0.14,0.7166666666666667,0.86
162,median_mad,81.97980276578514,4.244016848717087,127.1985712541584,0.004545454545454545,0.36,0.9696969696969697,0.64
163,mean_std,79.01965222969669,4.402494853755275,121.05132248788112,0.013636363636363636,0.27,0.9240506329113924,0.73
163,median_std,79.00662765626858,4.43657505741415,121.36732081973386,0.00909090909090909,0.27,0.948051948051948,0.73
163,quantile_99,78.53402369277046,4.211924352375216,114.57595232711698,0.056818181818181816,0.11,0.7807017543859649,0.89
163,median_mad,79.42774729352895,4.639229128815213,126.27224044795675,0.0022727272727272726,0.4,0.9836065573770492,0.6
164,mean_std,79.77593264097527,4.308717070778884,121.95357949660979,0.013636363636363636,0.32,0.918918918918919,0.68
164,median_std,79.30022057320292,4.37974888685718,121.39561252593948,0.011363636363636364,0.29,0.9342105263157895,0.71
164,quantile_99,79.43722018984289,4.054705921510839,119.9813546838581,0.02727272727272727,0.19,0.8709677419354839,0.81
164,median_mad,81.35734915162253,4.945416915501429,127.91879551760073,0.0,0.5,1.0,0.5
165,mean_std,78.91751387455261,3.8882595353479936,121.8335924016588,0.045454545454545456,0.16,0.8076923076923077,0.84
165,median_std,78.86916426587786,3.875449480645329,122.16192146495602,0.05454545454545454,0.16,0.7777777777777778,0.84
165,quantile_99,77.42867796225337,3.71876928580089,118.05346405912628,0.1318181818181818,0.08,0.6133333333333333,0.92
165,median_mad,80.69992161977349,3.8829946899668544,124.20899908125145,0.038636363636363635,0.19,0.826530612244898,0.81
166,mean_std,78.72711453637598,4.0985186823384465,119.61541564326635,0.029545454545454545,0.16,0.865979381443299,0.84
166,median_std,79.03583760599882,4.062948666309968,119.93977414292084,0.025,0.17,0.8829787234042553,0.83
166,quantile_99,75.61244213912916,4.1369612413306065,119.93006424850203,0.08409090909090909,0.11,0.7063492063492064,0.89
166,median_mad,79.41380906663636,4.21716836475444,120.7762908420296,0.015909090909090907,0.26,0.9135802469135802,0.74
167,mean_std,79.04768898736825,4.292488097791962,119.29319983507315,0.025,0.23,0.875,0.77
167,median_std,79.49201982550363,4.2610898421420025,119.37087190429078,0.025,0.24,0.8735632183908046,0.76
167,quantile_99,76.95821794157345,3.9088376802514415,116.54224885076016,0.08636363636363636,0.08,0.7076923076923077,0.92
167,median_mad,78.96784254697909,4.721862329612296,125.95212709085615,0.006818181818181818,0.37,0.9545454545454546,0.63
168,mean_std,78.97630679498035,4.063883127838055,121.8684744734492,0.025,0.22,0.8764044943820225,0.78
168,median_std,79.04109852283993,4.123816269081431,121.46283325988533,0.015909090909090907,0.2,0.9195402298850575,0.8
168,quantile_99,75.74653449671538,3.8109855559299177,120.25877097439854,0.12272727272727273,0.08,0.6301369863013698,0.92
168,median_mad,79.76827307167446,4.465073716954294,124.77190240292505,0.004545454545454545,0.37,0.9692307692307692,0.63
169,mean_std,77.8200195374785,4.073092045455298,121.35201168786935,0.03636363636363636,0.16,0.84,0.84
169,median_std,78.02742868033614,4.098423480377377,120.25493246500709,0.04090909090909091,0.14,0.8269230769230769,0.86
169,quantile_99,75.98803191597479,3.7741134957888853,120.55727522876494,0.12045454545454545,0.07,0.636986301369863,0.93
169,median_mad,79.27791423735357,4.446372283947729,119.76868384570557,0.01818181818181818,0.25,0.9036144578313253,0.75
170,mean_std,78.8225456862137,4.182340459676295,118.05291788184762,0.04318181818181818,0.18,0.8118811881188119,0.82
170,median_std,78.47867734281637,4.207960638392356,118.55631288035018,0.03636363636363636,0.18,0.8367346938775511,0.82
170,quantile_99,77.9499899758365,4.054502940555983,113.75554566272083,0.07954545454545454,0.07,0.7265625,0.93
170,median_mad,81.21604793986002,4.302308690624736,120.6778377188895,0.011363636363636364,0.32,0.9315068493150684,0.68
171,mean_std,80.0744942149023,4.286522369040936,119.1046505420911,0.022727272727272728,0.27,0.8795180722891566,0.73
171,median_std,80.03583298538854,4.282619999577719,119.11096317489611,0.022727272727272728,0.26,0.8809523809523809,0.74
171,quantile_99,78.65619304914786,4.1765809864483145,118.05992770636522,0.04090909090909091,0.17,0.8217821782178217,0.83
171,median_mad,81.6710143178372,4.752077027595229,119.70791905769451,0.013636363636363636,0.32,0.918918918918919,0.68
172,mean_std,80.23148633886011,4.125743252169393,120.4586229002679,0.020454545454545454,0.22,0.896551724137931,0.78
172,median_std,80.1938776787402,4.122990738088287,120.83435680232343,0.015909090909090907,0.24,0.9156626506024096,0.76
172,quantile_99,78.17195032978107,3.93895195274465,119.72785037405944,0.04772727272727273,0.13,0.8055555555555556,0.87
172,median_mad,81.4884134834723,4.4058438782316856,125.31180946861471,0.0022727272727272726,0.4,0.9836065573770492,0.6
173,mean_std,79.77779576551941,4.171381951821653,122.87146517899143,0.011363636363636364,0.26,0.9367088607594937,0.74
173,median_std,80.06684865251066,4.125644153709006,122.20752925619564,0.013636363636363636,0.26,0.925,0.74
173,quantile_99,76.6274327088947,4.139516262074627,121.93870371687395,0.04772727272727273,0.16,0.8,0.84
173,median_mad,79.33193606614623,4.409250935901076,130.45733048289551,0.004545454545454545,0.37,0.9692307692307692,0.63
174,mean_std,78.86329477380433,4.224413191887905,120.55029724293298,0.01818181818181818,0.22,0.9069767441860465,0.78
174,median_std,78.43763894966752,4.170146784278299,120.21748545446653,0.029545454545454545,0.17,0.8645833333333334,0.83
174,quantile_99,76.2475395058122,4.123258447899873,118.07425120368819,0.07954545454545454,0.11,0.717741935483871,0.89
174,median_mad,82.24254161346522,4.5304754855896325,124.41206445918232,0.0022727272727272726,0.42,0.9830508474576272,0.58
175,mean_std,80.53778651511584,4.140481218673067,118.05405631489502,0.03636363636363636,0.22,0.8297872340425532,0.78
175,median_std,80.9771433358972,4.105745225264196,118.01866955160268,0.038636363636363635,0.22,0.8210526315789474,0.78
175,quantile_99,77.55276215491703,3.9545344366408597,115.87262627824431,0.07727272727272727,0.09,0.728,0.91
175,median_mad,82.64886659501676,4.348058107501341,121.99636011619941,0.00909090909090909,0.36,0.9411764705882353,0.64
176,mean_std,78.55560448543092,4.073782555481178,121.7530336053491,0.02727272727272727,0.2,0.8695652173913043,0.8
176,median_std,77.6997535670073,4.089363810441844,120.93809192481093,0.04090909090909091,0.16,0.8235294117647058,0.84
176,quantile_99,77.93059302917037,3.8518939831020673,115.29346499403268,0.09545454545454546,0.09,0.6842105263157895,0.91
176,median_mad,77.29235321366332,4.365116273178702,126.25659743928409,0.025,0.23,0.875,0.77
177,mean_std,78.72106127795468,4.258482881191313,120.40778441462042,0.025,0.21,0.8777777777777778,0.79
177,median_std,78.60397335990645,4.232285598760477,120.30692765341804,0.02727272727272727,0.19,0.8709677419354839,0.81
177,quantile_99,76.58634359066204,3.973764534160882,120.3970609710972,0.0659090909090909,0.1,0.7563025210084033,0.9
177,median_mad,78.85797929871218,4.50883782809361,124.00159023178679,0.011363636363636364,0.3,0.9333333333333333,0.7
178,mean_std,79.52322851737311,4.13981198241895,119.49053625724707,0.025,0.2,0.8791208791208791,0.8
178,median_std,79.76267534914432,4.140628249471588,120.61187851501444,0.01818181818181818,0.23,0.9058823529411765,0.77
178,quantile_99,77.05683413588663,4.038916254264238,116.00370705318758,0.07727272727272727,0.09,0.728,0.91
178,median_mad,81.30147971912288,4.497908468996631,125.97233853405979,0.0,0.44,1.0,0.56
179,mean_std,79.53118882275228,4.4205995354843335,124.93867996473168,0.004545454545454545,0.37,0.9692307692307692,0.63
179,median_std,79.26889711311159,4.371053965053736,125.38174970747588,0.004545454545454545,0.33,0.9710144927536232,0.67
179,quantile_99,77.49421428119635,4.274894488820981,121.28919148180324,0.02727272727272727,0.18,0.8723404255319149,0.82
179,median_mad,79.2725661441797,4.635145665879424,128.44586858938453,0.004545454545454545,0.38,0.96875,0.62
180,mean_std,79.2627918149901,4.213505061431112,121.97820294740916,0.011363636363636364,0.26,0.9367088607594937,0.74
180,median_std,78.94644368877132,4.183828048624494,122.82998569217709,0.013636363636363636,0.23,0.927710843373494,0.77
180,quantile_99,77.71926843834053,4.164743112495959,119.12527889311873,0.038636363636363635,0.14,0.8349514563106796,0.86
180,median_mad,80.41517928747967,4.634829245079536,124.80068527151823,0.0,0.4,1.0,0.6
181,mean_std,80.97664065508138,3.9993280474166704,118.31844124930099,0.04318181818181818,0.2,0.8080808080808081,0.8
181,median_std,81.27167983799833,4.023760235840655,118.87567122791671,0.03636363636363636,0.2,0.8333333333333334,0.8
181,quantile_99,78.25376013424983,3.9158561465804493,116.85039560459654,0.06818181818181818,0.13,0.7435897435897436,0.87
181,median_mad,83.42651863184248,4.314990408246382,126.23334593754761,0.0022727272727272726,0.41,0.9833333333333333,0.59
182,mean_std,78.86409116596718,4.1546085671264645,120.02128589496527,0.02727272727272727,0.18,0.8723404255319149,0.82
182,median_std,78.89703672557381,4.165219739541523,120.32955321713678,0.02727272727272727,0.19,0.8709677419354839,0.81
182,quantile_99,76.04014390649408,3.822325848556992,117.763598579727,0.12727272727272726,0.08,0.6216216216216216,0.92
182,median_mad,81.1432016047975,4.713541715452756,122.59224050404691,0.004545454545454545,0.39,0.9682539682539683,0.61
183,mean_std,78.88671948213099,4.1168885731547995,124.16003876774982,0.013636363636363636,0.22,0.9285714285714286,0.78
183,median_std,78.67330621956978,4.13053396146638,125.29574754555426,0.013636363636363636,0.24,0.926829268292683,0.76
183,quantile_99,78.33569860697447,3.812463255018183,117.91827454715882,0.08863636363636364,0.13,0.6904761904761905,0.87
183,median_mad,79.2074978615254,4.6791113026676125,128.5005853218858,0.004545454545454545,0.38,0.96875,0.62
184,mean_std,78.70428426109982,4.232196075592064,120.75820211612056,0.022727272727272728,0.22,0.8863636363636364,0.78
184,median_std,78.71111259680993,4.326532971398376,122.0238487805531,0.01818181818181818,0.27,0.9012345679012346,0.73
184,quantile_99,77.32204061742108,3.9010947126684723,115.29346499403268,0.09090909090909091,0.07,0.6992481203007519,0.93
184,median_mad,80.84979719381563,4.816555747509108,125.78017885458735,0.0,0.43,1.0,0.57
185,mean_std,80.46897484585547,4.405294581020394,120.25504924159279,0.013636363636363636,0.3,0.9210526315789473,0.7
185,median_std,80.80236773766934,4.402349083133383,119.19803660372577,0.013636363636363636,0.28,0.9230769230769231,0.72
185,quantile_99,78.01924925443514,4.106876102064893,120.90078753941901,0.029545454545454545,0.16,0.865979381443299,0.84
185,median_mad,82.81023491230697,4.643401392886657,122.36582032294129,0.004545454545454545,0.4,0.967741935483871,0.6
186,mean_std,80.69633333426417,4.288866042259556,116.42337357727392,0.04318181818181818,0.23,0.8020833333333334,0.77
186,median_std,81.06800563452367,4.307964223867939,117.04162294103747,0.03409090909090909,0.27,0.8295454545454546,0.73
186,quantile_99,77.77741786483674,4.231601239633735,111.67105617449904,0.10909090909090909,0.09,0.6546762589928058,0.91
186,median_mad,80.0412466767834,4.489782064621327,117.15886990138105,0.03636363636363636,0.26,0.8222222222222222,0.74
187,mean_std,80.32324963278717,4.123451753515267,122.44608809995347,0.013636363636363636,0.26,0.925,0.74
187,median_std,80.1191885858114,4.076805553888521,123.00927094968269,0.022727272727272728,0.26,0.8809523809523809,0.74
187,quantile_99,78.01924925443514,3.861662011574382,119.46040622851639,0.0659090909090909,0.11,0.7542372881355932,0.89
187,median_mad,82.14025436228502,4.105976876257326,127.07155917474128,0.011363636363636364,0.31,0.9324324324324325,0.69
188,mean_std,77.7132316593983,4.09080830638522,121.88528593158209,0.03636363636363636,0.18,0.8367346938775511,0.82
188,median_std,77.04011455309112,4.055718848573162,120.83604027443307,0.04772727272727273,0.13,0.8055555555555556,0.87
188,quantile_99,76.67193691163165,3.901823702863477,121.93870371687395,0.06818181818181818,0.11,0.7478991596638656,0.89
188,median_mad,78.83100593060176,4.4350183904075955,116.961356573341,0.031818181818181815,0.22,0.8478260869565217,0.78
189,mean_std,78.80681767910144,4.348246061111383,123.25466357705446,0.013636363636363636,0.28,0.9230769230769231,0.72
189,median_std,78.85599094936477,4.334684579291645,124.13885715743368,0.00909090909090909,0.28,0.9473684210526315,0.72
189,quantile_99,77.55800948609743,4.139516262074627,120.8597712040597,0.031818181818181815,0.15,0.8585858585858586,0.85
189,median_mad,79.60263054676419,4.411324078844423,128.15127631510958,0.004545454545454545,0.39,0.9682539682539683,0.61
190,mean_std,77.71851937608281,4.274798452164359,122.97843428162389,0.029545454545454545,0.22,0.8571428571428571,0.78
190,median_std,78.35597201983671,4.287462954525788,123.57648511955657,0.022727272727272728,0.25,0.8823529411764706,0.75
190,quantile_99,75.79285367205424,3.9158561465804493,119.72785037405944,0.09545454545454546,0.08,0.6865671641791045,0.92
190,median_mad,79.6631825865135,4.801623424834768,124.16467633936216,0.006818181818181818,0.37,0.9545454545454546,0.63
191,mean_std,80.20805138960516,4.090763364003356,121.56614170668213,0.01818181818181818,0.24,0.9047619047619048,0.76
191,median_std,80.68972387295763,4.125165185310983,121.98593362785307,0.013636363636363636,0.26,0.925,0.74
191,quantile_99,76.91569936641213,3.814447445205827,119.80241601253374,0.09545454545454546,0.09,0.6842105263157895,0.91
191,median_mad,81.1940717100481,4.378748841125833,128.17559964888184,0.0022727272727272726,0.39,0.9838709677419355,0.61
192,mean_std,80.0179845827606,4.044042015865063,121.81850172847774,0.022727272727272728,0.26,0.8809523809523809,0.74
192,median_std,80.24069820217316,4.009589285871865,122.40579282095828,0.01818181818181818,0.23,0.9058823529411765,0.77
192,quantile_99,77.20776306179526,3.920764126424529,117.83061326858437,0.07045454545454545,0.09,0.7459016393442623,0.91
192,median_mad,81.24485459622781,4.323686880244303,126.21015102215571,0.0022727272727272726,0.39,0.9838709677419355,0.61
193,mean_std,79.10060623925736,4.489377750902346,121.2786986774779,0.00909090909090909,0.29,0.9466666666666667,0.71
193,median_std,79.07472171099005,4.44288950164504,122.15541441513137,0.00909090909090909,0.31,0.9452054794520548,0.69
193,quantile_99,77.44877714897032,4.231601239633735,120.00899445266228,0.03636363636363636,0.15,0.8415841584158416,0.85
193,median_mad,79.73044985875734,5.172148362946981,124.51096818700341,0.004545454545454545,0.44,0.9655172413793104,0.56
194,mean_std,80.16631153558082,4.211068383941966,119.70288066774856,0.020454545454545454,0.24,0.8941176470588236,0.76
194,median_std,80.6954211142085,4.21938817682145,119.52812738044629,0.020454545454545454,0.24,0.8941176470588236,0.76
194,quantile_99,79.25379462032635,3.9704529698021025,115.19338832927272,0.0659090909090909,0.11,0.7542372881355932,0.89
194,median_mad,82.22313795776037,4.603242719352154,126.34339152792782,0.0,0.47,1.0,0.53
195,mean_std,79.42182053935417,4.154335507048284,122.30588457091142,0.015909090909090907,0.25,0.9146341463414634,0.75
195,median_std,79.33139544474176,4.186248246994539,122.23806400011368,0.013636363636363636,0.24,0.926829268292683,0.76
195,quantile_99,77.64067998587686,3.8024628004907495,121.28456756822126,0.07727272727272727,0.1,0.7258064516129032,0.9
195,median_mad,77.94507619485385,4.343971052220197,120.11595628155325,0.029545454545454545,0.2,0.8602150537634409,0.8
196,mean_std,79.07229517114567,4.199553581089125,121.42456522197601,0.011363636363636364,0.23,0.9390243902439024,0.77
196,median_std,78.95908443993315,4.179931171324895,122.2856606239665,0.015909090909090907,0.23,0.9166666666666666,0.77
196,quantile_99,79.37165218310308,4.03359161438453,117.52120847222594,0.04090909090909091,0.16,0.8235294117647058,0.84
196,median_mad,78.9483852732748,4.522633534517476,125.39836015314627,0.004545454545454545,0.33,0.9710144927536232,0.67
197,mean_std,79.89998116500892,4.21200341959529,119.87071732156689,0.022727272727272728,0.23,0.8850574712643678,0.77
197,median_std,80.5441477117649,4.196019789264689,120.09537172044003,0.015909090909090907,0.25,0.9146341463414634,0.75
197,quantile_99,76.64964646867492,4.112471607787592,116.09735735352906,0.08181818181818182,0.1,0.7142857142857143,0.9
197,median_mad,80.75742214792484,4.4136400104708535,123.98520819823702,0.004545454545454545,0.36,0.9696969696969697,0.64
198,mean_std,79.25487803915543,4.1201576503791,124.4564324395567,0.011363636363636364,0.25,0.9375,0.75
198,median_std,79.44238383752588,4.1448039433124375,124.6379353252703,0.011363636363636364,0.27,0.9358974358974359,0.73
198,quantile_99,76.94177173560753,3.877831877493918,120.5067993981641,0.07272727272727272,0.09,0.7398373983739838,0.91
198,median_mad,80.27214865810356,4.433792698837328,129.3242339386506,0.0,0.4,1.0,0.6
199,mean_std,81.32326246247676,4.236296183821213,118.26942864801985,0.02727272727272727,0.25,0.8620689655172413,0.75
199,median_std,81.27014546054839,4.2051399915979575,117.63868035173958,0.029545454545454545,0.25,0.8522727272727273,0.75
199,quantile_99,78.90344044677242,4.032026495909134,120.4850812521799,0.02727272727272727,0.16,0.875,0.84
199,median_mad,83.44207223959143,4.36971610899206,121.68902533897257,0.006818181818181818,0.35,0.9558823529411765,0.65
200,mean_std,78.09208988564035,4.242819473242323,120.62219928587606,0.025,0.18,0.8817204301075269,0.82
200,median_std,78.84878209717473,4.168379460304532,120.09193164386743,0.022727272727272728,0.19,0.8901098901098901,0.81
200,quantile_99,75.25942711521965,4.164743112495959,123.22609664194201,0.08636363636363636,0.13,0.696,0.87
200,median_mad,79.72224389653827,4.432690594882597,124.56374338382099,0.004545454545454545,0.37,0.9692307692307692,0.63
201,mean_std,79.64403814021327,4.340727182936769,124.72085488095975,0.006818181818181818,0.35,0.9558823529411765,0.65
201,median_std,79.6556487518036,4.332721201402963,124.6979983147179,0.006818181818181818,0.35,0.9558823529411765,0.65
201,quantile_99,77.40732105540603,4.044138114146535,121.65044507271563,0.03636363636363636,0.15,0.8415841584158416,0.85
201,median_mad,82.77149144841555,4.8987521720287495,128.24917257169426,0.0,0.53,1.0,0.47
202,mean_std,79.08399776867839,4.187470813285177,121.58975937182775,0.011363636363636364,0.22,0.9397590361445783,0.78
202,median_std,79.3875539100995,4.159529018376337,120.98423361508918,0.015909090909090907,0.22,0.9176470588235294,0.78
202,quantile_99,76.88247262075308,4.124899529699766,120.10543022443264,0.05,0.12,0.8,0.88
202,median_mad,80.17499240346105,4.246013059816087,126.7210709629801,0.0022727272727272726,0.36,0.9846153846153847,0.64
203,mean_std,81.51134695594357,4.426450203290637,123.5598772589332,0.004545454545454545,0.38,0.96875,0.62
203,median_std,81.29515226618142,4.278311613231358,123.1771866639975,0.006818181818181818,0.34,0.9565217391304348,0.66
203,quantile_99,80.10587662939002,4.251767935171409,119.46040622851639,0.015909090909090907,0.26,0.9135802469135802,0.74
203,median_mad,79.21677793138615,4.617021929124288,126.60528283751887,0.0,0.38,1.0,0.62
204,mean_std,78.7035771579551,4.170238766584761,117.72254214321374,0.045454545454545456,0.17,0.8058252427184466,0.83
204,median_std,78.30094957535248,4.16755762227282,118.60829140444336,0.04090909090909091,0.16,0.8235294117647058,0.84
204,quantile_99,77.88926980735836,3.8877983470016564,111.59758468593105,0.12727272727272726,0.06,0.6266666666666667,0.94
204,median_mad,80.99635982755134,4.597130384752059,123.0712575848604,0.004545454545454545,0.38,0.96875,0.62
205,mean_std,78.47086518384248,4.327044411766877,124.21609250807275,0.01818181818181818,0.27,0.9012345679012346,0.73
205,median_std,78.31258986206821,4.277728717497572,124.20081649627951,0.020454545454545454,0.24,0.8941176470588236,0.76
205,quantile_99,76.67440435356339,4.042572995671139,121.65044507271563,0.05227272727272727,0.13,0.7909090909090909,0.87
205,median_mad,80.78229363879306,4.628181825263715,133.19297165476047,0.0,0.44,1.0,0.56
206,mean_std,79.66498579019294,4.3833512653777555,122.92929305114956,0.011363636363636364,0.33,0.9305555555555556,0.67
206,median_std,78.94434777189792,4.369371557612123,121.71839417183757,0.013636363636363636,0.27,0.9240506329113924,0.73
206,quantile_99,78.33708796784978,4.040797472781226,121.28919148180324,0.025,0.17,0.8829787234042553,0.83
206,median_mad,78.63022482678436,4.6414281207019865,123.21413785127977,0.015909090909090907,0.29,0.9102564102564102,0.71
207,mean_std,80.72440275803172,4.080614143904098,118.71100624923838,0.038636363636363635,0.21,0.8229166666666666,0.79
207,median_std,80.82443848388701,4.103504524541938,119.54448259865714,0.029545454545454545,0.21,0.8586956521739131,0.79
207,quantile_99,77.45581789750584,3.9603205593032462,112.63510784049822,0.10454545454545454,0.05,0.6737588652482269,0.95
207,median_mad,82.07878280767024,4.20744480692909,124.87207606334263,0.004545454545454545,0.32,0.9714285714285714,0.68
208,mean_std,78.80645156648944,4.139554873758348,118.53141595993698,0.03636363636363636,0.18,0.8367346938775511,0.82
208,median_std,78.57204847377928,4.128597856170725,118.87954688360077,0.03636363636363636,0.15,0.8415841584158416,0.85
208,quantile_99,76.67776091612832,3.8631019115967016,117.77608072324502,0.1,0.09,0.674074074074074,0.91
208,median_mad,79.32149296965636,4.627819879392032,121.2263515603354,0.011363636363636364,0.31,0.9324324324324325,0.69
209,mean_std,79.9204668130511,4.250379734756647,122.56529454053863,0.013636363636363636,0.31,0.92,0.69
209,median_std,80.08431266560609,4.2394562983244395,122.27919100138458,0.013636363636363636,0.3,0.9210526315789473,0.7
209,quantile_99,77.33571600747008,4.042572995671139,121.65044507271563,0.03636363636363636,0.13,0.8446601941747572,0.87
209,median_mad,80.92564634017702,4.675810952008261,127.14184035111259,0.0,0.44,1.0,0.56
210,mean_std,79.44108566647328,3.9217946997948183,120.96776635440065,0.03409090909090909,0.16,0.8484848484848485,0.84
210,median_std,79.4694736604654,3.9262504062551926,120.90102399934723,0.03409090909090909,0.16,0.8484848484848485,0.84
210,quantile_99,76.94177173560753,3.8205233443822313,118.90426765467932,0.09772727272727273,0.09,0.6791044776119403,0.91
210,median_mad,79.04234674720765,4.226347538389944,123.49479082266417,0.013636363636363636,0.25,0.9259259259259259,0.75
211,mean_std,78.90176243255877,4.188389368250761,120.90477598716465,0.01818181818181818,0.22,0.9069767441860465,0.78
211,median_std,79.16215516432977,4.200556579027456,121.76300039910102,0.013636363636363636,0.26,0.925,0.74
211,quantile_99,77.99217228054515,4.058152258503224,117.44020708675461,0.05454545454545454,0.13,0.7837837837837838,0.87
211,median_mad,80.43413995433762,4.473158884195101,124.62591895040813,0.0,0.39,1.0,0.61
212,mean_std,78.82113321580096,4.3357585255848665,124.18432891571999,0.013636363636363636,0.28,0.9230769230769231,0.72
212,median_std,78.56331428604467,4.299868595295512,123.34674216739198,0.020454545454545454,0.25,0.8928571428571429,0.75
212,quantile_99,76.92345109797688,4.0726581349368525,121.65044507271563,0.045454545454545456,0.14,0.8113207547169812,0.86
212,median_mad,77.51095852884123,4.604089145408389,128.05248858005675,0.022727272727272728,0.26,0.8809523809523809,0.74
213,mean_std,81.25440597410157,4.225589830288062,122.00971265324323,0.011363636363636364,0.31,0.9324324324324325,0.69
213,median_std,80.71945883357799,4.243881066835551,122.2369444562726,0.011363636363636364,0.31,0.9324324324324325,0.69
213,quantile_99,78.74357085256763,4.030385414109241,119.9813546838581,0.029545454545454545,0.15,0.8673469387755102,0.85
213,median_mad,81.63359448307367,4.158097752195131,122.53038885730737,0.011363636363636364,0.28,0.935064935064935,0.72
214,mean_std,80.15646837304716,4.197721367609357,119.46900122383407,0.020454545454545454,0.24,0.8941176470588236,0.76
214,median_std,80.67900902924528,4.181542245651141,118.91966493023983,0.02727272727272727,0.22,0.8666666666666667,0.78
214,quantile_99,77.87537740427739,3.9625485967826846,116.85039560459654,0.06818181818181818,0.11,0.7478991596638656,0.89
214,median_mad,82.06859204147337,4.717067872740053,115.26861080102478,0.04090909090909091,0.23,0.8105263157894737,0.77
215,mean_std,78.65866698090872,4.007778125786574,123.50115856497203,0.025,0.18,0.8817204301075269,0.82
215,median_std,78.9152291866029,4.033908431570861,123.65087600452014,0.022727272727272728,0.2,0.8888888888888888,0.8
215,quantile_99,77.40732105540603,3.8616988818931226,121.93870371687395,0.06363636363636363,0.12,0.7586206896551724,0.88
215,median_mad,80.49692160055858,4.447770516238221,126.61104267001704,0.0,0.41,1.0,0.59
216,mean_std,79.39072328410347,4.202867142556654,119.28863706534756,0.022727272727272728,0.22,0.8863636363636364,0.78
216,median_std,79.40105619658739,4.18754849408149,119.95098674601218,0.020454545454545454,0.2,0.898876404494382,0.8
216,quantile_99,79.01798329016856,4.159682957612302,114.04305462167851,0.05909090909090909,0.09,0.7777777777777778,0.91
216,median_mad,81.04342883895839,4.501177688958688,123.15605280852908,0.004545454545454545,0.38,0.96875,0.62
217,mean_std,78.68786688791646,4.188931907972189,122.83486397462465,0.01818181818181818,0.23,0.9058823529411765,0.77
217,median_std,78.82859408020036,4.222915125235914,123.1762005170774,0.01818181818181818,0.25,0.9036144578313253,0.75
217,quantile_99,75.33198789662839,3.865587322325913,119.67902361752903,0.12045454545454545,0.07,0.636986301369863,0.93
217,median_mad,82.88625244684891,4.51794057191813,125.07098191228735,0.0,0.46,1.0,0.54
218,mean_std,79.5965184559666,4.092592379019624,116.95758266898989,0.04772727272727273,0.2,0.7920792079207921,0.8
218,median_std,79.95250640067631,4.079077152259643,116.54845501658292,0.05909090909090909,0.18,0.7592592592592593,0.82
218,quantile_99,77.21908864122543,3.8613308003681577,112.99408671913505,0.12272727272727273,0.05,0.6375838926174496,0.95
218,median_mad,80.50565167135355,4.137783131321605,117.50260083134977,0.038636363636363635,0.22,0.8210526315789474,0.78
219,mean_std,80.26671309699782,4.090238962885114,120.53114236297569,0.025,0.23,0.875,0.77
219,median_std,80.33825361823017,4.062386243282566,121.15533093314028,0.020454545454545454,0.24,0.8941176470588236,0.76
219,quantile_99,79.37165218310308,4.03359161438453,118.14486766655413,0.04090909090909091,0.16,0.8235294117647058,0.84
219,median_mad,81.956368046765,4.438915329678652,124.73955792218717,0.0,0.41,1.0,0.59
220,mean_std,80.83596295338478,4.0530474980490485,120.61670197028775,0.022727272727272728,0.23,0.8850574712643678,0.77
220,median_std,81.12415083680837,4.091863841656827,121.24157594840096,0.01818181818181818,0.25,0.9036144578313253,0.75
220,quantile_99,78.38858259325944,3.9210861339643457,117.48088324984461,0.06136363636363636,0.13,0.7631578947368421,0.87
220,median_mad,83.40291672296881,4.248795663549289,124.22238144327875,0.006818181818181818,0.35,0.9558823529411765,0.65
221,mean_std,79.81537239144404,4.217259783156904,123.91628740157228,0.013636363636363636,0.29,0.922077922077922,0.71
221,median_std,79.82214687070132,4.232657918379575,124.92399390479467,0.00909090909090909,0.31,0.9452054794520548,0.69
221,quantile_99,77.77741786483674,3.88563952159579,117.83061326858437,0.07272727272727272,0.11,0.7355371900826446,0.89
221,median_mad,83.34066130237424,4.777906425824879,131.12990761374834,0.0,0.56,1.0,0.44
222,mean_std,79.38260025863362,4.073702205931756,118.03467385447118,0.04318181818181818,0.18,0.8118811881188119,0.82
222,median_std,79.31367264457208,4.047608347104646,117.97139455545441,0.04318181818181818,0.18,0.8118811881188119,0.82
222,quantile_99,76.88951656453855,3.7883136287634134,120.1460203401242,0.09772727272727273,0.09,0.6791044776119403,0.91
222,median_mad,81.59658281251026,4.1962219648220245,117.32455830950146,0.031818181818181815,0.25,0.8426966292134831,0.75
223,mean_std,79.56081460369829,4.243616790343772,122.9219463720838,0.011363636363636364,0.29,0.9342105263157895,0.71
223,median_std,79.88722751480024,4.212858291122606,122.47158203912198,0.011363636363636364,0.29,0.9342105263157895,0.71
223,quantile_99,77.77741786483674,4.229046218889713,119.45761278955902,0.03409090909090909,0.16,0.8484848484848485,0.84
223,median_mad,81.41131261050475,4.34447471065055,121.85966703544024,0.006818181818181818,0.36,0.9552238805970149,0.64
224,mean_std,79.86344208971272,4.315038747874798,122.84350716283448,0.00909090909090909,0.32,0.9444444444444444,0.68
224,median_std,79.82570435964388,4.324036255460448,123.64288405505579,0.00909090909090909,0.33,0.9436619718309859,0.67
224,quantile_99,78.98184185326188,4.054705921510839,117.05980851059137,0.045454545454545456,0.17,0.8058252427184466,0.83
224,median_mad,79.85234103575128,4.603597414471763,127.99429603653289,0.0022727272727272726,0.4,0.9836065573770492,0.6
225,mean_std,79.99526894693707,4.1243811542118145,122.49099891942498,0.015909090909090907,0.26,0.9135802469135802,0.74
225,median_std,80.47335061651,4.153007024081743,122.08296647358276,0.013636363636363636,0.27,0.9240506329113924,0.73
225,quantile_99,76.67193691163165,3.949424848057449,118.56658244540161,0.07272727272727272,0.09,0.7398373983739838,0.91
225,median_mad,81.47925681283306,4.547115501544284,125.84099714463744,0.0,0.46,1.0,0.54
226,mean_std,77.32716253730364,4.265511184720875,120.33246708244353,0.04318181818181818,0.16,0.8155339805825242,0.84
226,median_std,77.10738814241735,4.292702101068717,120.22557940366455,0.045454545454545456,0.17,0.8058252427184466,0.83
226,quantile_99,76.04010615458643,3.9359639845183527,115.23807566186314,0.11363636363636363,0.06,0.6527777777777778,0.94
226,median_mad,78.53159768089377,5.120034665171468,126.94678552326666,0.011363636363636364,0.4,0.9230769230769231,0.6
227,mean_std,80.6377084178513,4.287762039821918,118.03739277805204,0.031818181818181815,0.27,0.8390804597701149,0.73
227,median_std,80.46671843022374,4.275057438895834,118.54594003655755,0.025,0.26,0.8705882352941177,0.74
227,quantile_99,79.25379462032635,4.159682957612302,114.85017429407071,0.05227272727272727,0.1,0.7964601769911505,0.9
227,median_mad,79.56497477988395,4.510274836847445,116.5965204032853,0.04090909090909091,0.24,0.8085106382978723,0.76
228,mean_std,79.3819470833651,4.358185848671186,122.70791170669699,0.00909090909090909,0.31,0.9452054794520548,0.69
228,median_std,79.97654103539588,4.330964052479354,121.34234772387005,0.011363636363636364,0.32,0.9315068493150684,0.68
228,quantile_99,76.00379323909782,4.350071130065174,119.40911579316032,0.07045454545454545,0.16,0.7304347826086957,0.84
228,median_mad,80.62929218333295,4.519372174805596,125.80117879789668,0.0,0.41,1.0,0.59
229,mean_std,78.2266439940356,4.1485454156072885,123.9818502040302,0.02727272727272727,0.21,0.8681318681318682,0.79
229,median_std,78.46535251189727,4.188266983662055,123.04487021525824,0.022727272727272728,0.22,0.8863636363636364,0.78
229,quantile_99,75.5235109147263,3.818057493783639,119.93006424850203,0.12954545454545455,0.08,0.6174496644295302,0.92
229,median_mad,79.11907783760935,4.540814821329608,125.67471003941662,0.004545454545454545,0.35,0.9701492537313433,0.65
230,mean_std,79.65120472662437,4.213976872122686,122.15894752803162,0.013636363636363636,0.29,0.922077922077922,0.71
230,median_std,79.6160026558283,4.214737841681812,121.65903970088658,0.013636363636363636,0.28,0.9230769230769231,0.72
230,quantile_99,78.58238309997263,4.096824134244628,115.78245286115339,0.05909090909090909,0.13,0.7699115044247787,0.87
230,median_mad,80.38108061662946,4.699263651181184,126.80995757361501,0.0,0.44,1.0,0.56
231,mean_std,80.18165760995412,4.179361110778266,122.48628572851445,0.006818181818181818,0.27,0.9605263157894737,0.73
231,median_std,80.20641246839716,4.13636242782124,123.35616024128086,0.006818181818181818,0.27,0.9605263157894737,0.73
231,quantile_99,80.10587662939002,4.021935848853907,124.20051347231971,0.013636363636363636,0.24,0.926829268292683,0.76
231,median_mad,79.5567518564775,4.258308804522002,126.3276346654747,0.004545454545454545,0.35,0.9701492537313433,0.65
232,mean_std,78.9810400563274,4.19989384476866,123.14118665738717,0.013636363636363636,0.25,0.9259259259259259,0.75
232,median_std,79.14197995256282,4.174780310834022,122.26167630293592,0.01818181818181818,0.24,0.9047619047619048,0.76
232,quantile_99,77.21908864122543,3.886525561226777,119.67902361752903,0.06363636363636363,0.09,0.7647058823529411,0.91
232,median_mad,79.67693780507335,4.53287846857072,125.84742483134487,0.004545454545454545,0.4,0.967741935483871,0.6
233,mean_std,80.4045469702582,4.237007778733799,120.32896961034179,0.01818181818181818,0.25,0.9036144578313253,0.75
233,median_std,79.78432511801645,4.193918261317725,120.07892037349244,0.020454545454545454,0.24,0.8941176470588236,0.76
233,quantile_99,78.80391034330513,3.979561569342974,118.30275715493318,0.04772727272727273,0.14,0.8037383177570093,0.86
233,median_mad,85.06664441232188,4.853539613891085,122.93063691975726,0.004545454545454545,0.46,0.9642857142857143,0.54
234,mean_std,78.18460722490184,4.273457458280144,122.61441718697577,0.025,0.24,0.8735632183908046,0.76
234,median_std,78.84765632984511,4.238982953738309,123.24906212525724,0.015909090909090907,0.25,0.9146341463414634,0.75
234,quantile_99,75.86807128880724,4.071017053136959,119.84667980963266,0.08409090909090909,0.1,0.7086614173228346,0.9
234,median_mad,80.40860784553976,4.646409746573424,126.56033417357517,0.0,0.43,1.0,0.57
235,mean_std,78.79760866967045,4.164810153540214,122.85542039784822,0.015909090909090907,0.23,0.9166666666666666,0.77
235,median_std,78.74699161250797,4.140287550585695,122.34913811907926,0.01818181818181818,0.23,0.9058823529411765,0.77
235,quantile_99,76.99129781694366,4.110179153974799,121.75156429081643,0.03636363636363636,0.15,0.8415841584158416,0.85
235,median_mad,78.7939291008213,4.6861122566167595,128.8484863743807,0.00909090909090909,0.37,0.9402985074626866,0.63
236,mean_std,79.0428314925882,4.239081339071981,122.86073024112153,0.011363636363636364,0.25,0.9375,0.75
236,median_std,79.09002503377899,4.181074826193833,123.96355556318615,0.011363636363636364,0.24,0.9382716049382716,0.76
236,quantile_99,76.88951656453855,4.1369612413306065,121.57792465883402,0.04090909090909091,0.14,0.8269230769230769,0.86
236,median_mad,80.72377592990047,4.237400059672849,130.53269227415268,0.004545454545454545,0.34,0.9705882352941176,0.66
237,mean_std,80.74533136050538,4.0789661017394545,122.14516677036784,0.020454545454545454,0.26,0.891566265060241,0.74
237,median_std,80.44269556717015,4.065943832839389,123.16413209852115,0.01818181818181818,0.26,0.9024390243902439,0.74
237,quantile_99,79.44886343551379,4.130091821322038,114.76077036875135,0.05227272727272727,0.11,0.7946428571428571,0.89
237,median_mad,79.47846889938724,3.8726866868523633,124.9842916287422,0.04090909090909091,0.19,0.8181818181818182,0.81
238,mean_std,79.73976781728079,4.1935916028334645,122.79764807609541,0.013636363636363636,0.28,0.9230769230769231,0.72
238,median_std,80.72053149537038,4.1789747207422066,122.27443230260413,0.013636363636363636,0.27,0.9240506329113924,0.73
238,quantile_99,77.18126425944865,4.000526933612731,119.93006424850203,0.045454545454545456,0.09,0.8198198198198198,0.91
238,median_mad,81.49531356576438,4.114473686281018,126.02885179705363,0.00909090909090909,0.31,0.9452054794520548,0.69
239,mean_std,79.00077512988082,4.056924958572356,117.65253367934645,0.045454545454545456,0.17,0.8058252427184466,0.83
239,median_std,79.18959503742897,4.031187466080548,117.07870755547754,0.04772727272727273,0.16,0.8,0.84
239,quantile_99,77.5302843120754,3.8191740584062006,115.31202854440757,0.11136363636363636,0.08,0.6524822695035462,0.92
239,median_mad,81.02498544084574,4.387107175985791,119.61116999898084,0.01818181818181818,0.29,0.8987341772151899,0.71
240,mean_std,80.08406462255975,4.245407541121079,119.02485567849797,0.022727272727272728,0.26,0.8809523809523809,0.74
240,median_std,79.85822013711481,4.253761018176741,117.62379336954002,0.031818181818181815,0.25,0.8426966292134831,0.75
240,quantile_99,78.56141479950881,4.350071130065174,116.10269322540677,0.05,0.19,0.7864077669902912,0.81
240,median_mad,79.92481438331492,4.284328296182405,120.1663712352082,0.01818181818181818,0.27,0.9012345679012346,0.73
241,mean_std,80.64209965256643,4.147226504654328,123.05308050590483,0.011363636363636364,0.27,0.9358974358974359,0.73
241,median_std,81.37734158055704,4.166658574247783,124.27598771381152,0.00909090909090909,0.29,0.9466666666666667,0.71
241,quantile_99,78.01924925443514,3.900208673037485,117.06323902245296,0.07045454545454545,0.11,0.7416666666666667,0.89
241,median_mad,79.92494004882582,4.105607016686305,129.6602064012318,0.013636363636363636,0.29,0.922077922077922,0.71
242,mean_std,79.40809021538763,4.140231543951038,119.70340418333699,0.02727272727272727,0.2,0.8695652173913043,0.8
242,median_std,79.29659317972177,4.158718691916318,119.25424054760592,0.02727272727272727,0.19,0.8709677419354839,0.81
242,quantile_99,77.74382870784734,3.8518939831020673,117.43374343951568,0.08181818181818182,0.11,0.712,0.89
242,median_mad,79.42262792920529,4.676756683204089,118.15092298205388,0.029545454545454545,0.27,0.8488372093023255,0.73
243,mean_std,79.5552624015376,4.2609384078876085,120.9784876360417,0.015909090909090907,0.29,0.9102564102564102,0.71
243,median_std,79.2821228139294,4.246850659769158,121.25905582955399,0.013636363636363636,0.26,0.925,0.74
243,quantile_99,79.44886343551379,3.9616299067653515,118.32983553073392,0.045454545454545456,0.16,0.8076923076923077,0.84
243,median_mad,79.56230078837092,4.838923308958936,124.87378074913008,0.0022727272727272726,0.4,0.9836065573770492,0.6
244,mean_std,78.27431703224504,4.269403498199198,120.70843653946054,0.022727272727272728,0.22,0.8863636363636364,0.78
244,median_std,78.48719290325818,4.237326230501916,120.79689992400354,0.022727272727272728,0.21,0.8876404494382022,0.79
244,quantile_99,79.36000893743217,4.159682957612302,119.65982666400161,0.020454545454545454,0.19,0.9,0.81
244,median_mad,77.93825457388157,4.252956004157563,121.4387817387221,0.025,0.2,0.8791208791208791,0.8
245,mean_std,78.35830375020538,4.026650029364838,122.8928146714371,0.02727272727272727,0.18,0.8723404255319149,0.82
245,median_std,78.51197422480625,4.030474136221401,123.05690676055737,0.02727272727272727,0.18,0.8723404255319149,0.82
245,quantile_99,76.93768824564604,3.7677155466253085,122.11234334885636,0.09545454545454546,0.1,0.6818181818181818,0.9
245,median_mad,77.67038056675824,4.001954595918539,121.87896082839892,0.03636363636363636,0.14,0.8431372549019608,0.86
246,mean_std,79.6996711708816,4.277443825652879,123.53251129621933,0.00909090909090909,0.31,0.9452054794520548,0.69
246,median_std,79.11147691825883,4.310418226816454,123.27490915970728,0.006818181818181818,0.29,0.9594594594594594,0.71
246,quantile_99,79.36000893743217,4.108268596776377,120.08513134241613,0.022727272727272728,0.19,0.8901098901098901,0.81
246,median_mad,78.75932037838456,4.712108938377193,124.94924983763401,0.004545454545454545,0.34,0.9705882352941176,0.66
247,mean_std,78.3439736858775,4.333619880301473,118.57348644114929,0.031818181818181815,0.21,0.8494623655913979,0.79
247,median_std,78.33499289637138,4.392138406878789,119.07097087183084,0.029545454545454545,0.21,0.8586956521739131,0.79
247,quantile_99,76.95821794157345,4.1631020306960655,119.9813546838581,0.04318181818181818,0.12,0.822429906542056,0.88
247,median_mad,78.86579610229045,4.583510165933172,122.18779885890237,0.013636363636363636,0.3,0.9210526315789473,0.7
248,mean_std,80.20339698470852,4.291882358558856,125.64640973542654,0.004545454545454545,0.36,0.9696969696969697,0.64
248,median_std,80.89509292056013,4.301135586781658,125.9490552888924,0.004545454545454545,0.37,0.9692307692307692,0.63
248,quantile_99,76.56338158873616,3.9335690723711028,120.8597712040597,0.06363636363636363,0.09,0.7647058823529411,0.91
248,median_mad,82.2496851559745,4.741412182028787,133.75892158604387,0.0,0.56,1.0,0.44
249,mean_std,79.35210469948433,4.122215804620009,123.42559879894594,0.015909090909090907,0.23,0.9166666666666666,0.77
249,median_std,80.0604257074332,4.116936616526497,121.93080989246789,0.01818181818181818,0.26,0.9024390243902439,0.74
249,quantile_99,77.74382870784734,3.855035406878756,119.93006424850203,0.0659090909090909,0.11,0.7542372881355932,0.89
249,median_mad,81.77382084773649,4.320065676192981,123.58988102938227,0.006818181818181818,0.36,0.9552238805970149,0.64
250,mean_std,80.7501041780908,4.135163164430601,119.14669648063162,0.02727272727272727,0.22,0.8666666666666667,0.78
250,median_std,81.43016742080485,4.1488230993791335,119.38427236647344,0.022727272727272728,0.23,0.8850574712643678,0.77
250,quantile_99,78.17195032978107,3.9797549912007675,114.75187642767763,0.07954545454545454,0.08,0.7244094488188977,0.92
250,median_mad,82.36004955676509,4.346633673424727,121.92892978350064,0.00909090909090909,0.36,0.9411764705882353,0.64
251,mean_std,80.06210238139927,4.236487169048537,121.69970656695116,0.011363636363636364,0.29,0.9342105263157895,0.71
251,median_std,80.27830085185931,4.21460257649051,121.5793315337389,0.00909090909090909,0.28,0.9473684210526315,0.72
251,quantile_99,79.16641681690659,4.274894488820981,119.65982666400161,0.01818181818181818,0.23,0.9058823529411765,0.77
251,median_mad,81.66596186925335,4.247660112518345,124.51037570128261,0.0022727272727272726,0.36,0.9846153846153847,0.64
252,mean_std,80.64959823914799,4.231880799014441,119.33804675178908,0.020454545454545454,0.24,0.8941176470588236,0.76
252,median_std,80.57650702430124,4.243813877269231,118.6363082152535,0.02727272727272727,0.25,0.8620689655172413,0.75
252,quantile_99,79.25379462032635,4.004315635319461,112.61831200078763,0.08409090909090909,0.08,0.7131782945736435,0.92
252,median_mad,82.65330878472184,4.318245033641411,117.51144305435999,0.031818181818181815,0.29,0.8352941176470589,0.71
253,mean_std,78.22601378117268,3.9802858536571293,124.8788642740997,0.03409090909090909,0.18,0.845360824742268,0.82
253,median_std,78.31374949277887,3.945483504722998,123.39547984161158,0.03409090909090909,0.15,0.85,0.85
253,quantile_99,77.99217228054515,4.016316600859333,122.11234334885636,0.031818181818181815,0.15,0.8585858585858586,0.85
253,median_mad,78.54309300795792,4.058394531261701,127.27325545911671,0.020454545454545454,0.24,0.8941176470588236,0.76
254,mean_std,77.38051301377975,4.19940543777935,121.6944894360906,0.03409090909090909,0.17,0.8469387755102041,0.83
254,median_std,76.89824718352507,4.1168482024468815,122.71713493441067,0.04090909090909091,0.15,0.8252427184466019,0.85
254,quantile_99,75.93848635647463,4.018094176415691,120.5067993981641,0.07727272727272727,0.09,0.728,0.91
254,median_mad,79.24915747245575,4.149095739293413,124.09770921599221,0.011363636363636364,0.24,0.9382716049382716,0.76
255,mean_std,79.31178298494008,4.327087698121902,121.99459306789626,0.011363636363636364,0.31,0.9324324324324325,0.69
255,median_std,79.0143976036384,4.305795786618372,122.38743065472204,0.011363636363636364,0.27,0.9358974358974359,0.73
255,quantile_99,77.88926980735836,3.865909214566667,118.19834559164094,0.07727272727272727,0.11,0.7235772357723578,0.89
255,median_mad,81.05498831864305,4.781204104956659,124.23768420547646,0.0022727272727272726,0.41,0.9833333333333333,0.59
256,mean_std,79.6279513232315,4.303003491850129,119.21245677053452,0.025,0.26,0.8705882352941177,0.74
256,median_std,79.9759684911497,4.28277587331362,119.31139706986794,0.025,0.26,0.8705882352941177,0.74
256,quantile_99,78.02379992501173,3.945892325683409,115.29171286909747,0.07727272727272727,0.09,0.728,0.91
256,median_mad,81.012803935567,4.99374422179476,124.01302260525654,0.004545454545454545,0.42,0.9666666666666667,0.58
257,mean_std,78.5957046932773,4.116422802208312,119.78019841340688,0.031818181818181815,0.15,0.8585858585858586,0.85
257,median_std,78.21633459100005,4.109244508453406,120.04388097986903,0.03409090909090909,0.16,0.8484848484848485,0.84
257,quantile_99,77.27419589808737,3.8262200400827844,119.37641154102812,0.08636363636363636,0.09,0.7054263565891473,0.91
257,median_mad,78.24581094987195,4.57822990040056,118.28569792143556,0.038636363636363635,0.21,0.8229166666666666,0.79
258,mean_std,79.21561424807939,4.120936829233821,124.223707209598,0.013636363636363636,0.24,0.926829268292683,0.76
258,median_std,79.29457629191248,4.086063554107309,123.19839701213535,0.020454545454545454,0.23,0.8953488372093024,0.77
258,quantile_99,78.2339392458793,3.794932178185278,120.1460203401242,0.07727272727272727,0.13,0.71900826446281,0.87
258,median_mad,78.27244022039272,4.291527539532728,126.93775801015494,0.01818181818181818,0.29,0.8987341772151899,0.71
259,mean_std,78.9393513151577,4.115587428846357,121.33475903066451,0.01818181818181818,0.2,0.9090909090909091,0.8
259,median_std,78.77277703162768,4.061688054319666,122.37837941167102,0.020454545454545454,0.22,0.896551724137931,0.78
259,quantile_99,77.2550742086239,4.1765809864483145,118.88237877250752,0.045454545454545456,0.12,0.8148148148148148,0.88
259,median_mad,82.46227559023464,4.178264156163136,125.12156856890095,0.004545454545454545,0.31,0.971830985915493,0.69
260,mean_std,79.68489363595994,4.211126477128289,123.6375654336207,0.013636363636363636,0.29,0.922077922077922,0.71
260,median_std,79.75264437701095,4.177660728898858,122.57041701917518,0.015909090909090907,0.26,0.9135802469135802,0.74
260,quantile_99,78.37322940475646,4.040797472781226,120.4850812521799,0.031818181818181815,0.15,0.8585858585858586,0.85
260,median_mad,78.97771331671903,4.603246452077667,128.32197165690144,0.006818181818181818,0.35,0.9558823529411765,0.65
261,mean_std,79.75089229302111,4.312830699465569,121.81562877506683,0.011363636363636364,0.32,0.9315068493150684,0.68
261,median_std,80.08294873707842,4.340848479292471,121.52353041983471,0.011363636363636364,0.32,0.9315068493150684,0.68
261,quantile_99,76.80688952785285,4.057866591079422,120.55727522876494,0.05227272727272727,0.12,0.7927927927927928,0.88
261,median_mad,81.88059650095512,4.615335879908848,119.10840306649808,0.015909090909090907,0.32,0.9066666666666666,0.68
262,mean_std,80.00017141293745,4.162794642677201,118.8485793061324,0.029545454545454545,0.22,0.8571428571428571,0.78
262,median_std,80.08453873046952,4.087840092644631,118.54061449414861,0.03636363636363636,0.21,0.8315789473684211,0.79
262,quantile_99,77.79307838751578,3.9917559567406387,116.49234689785492,0.075,0.1,0.7317073170731707,0.9
262,median_mad,78.81303430131722,4.156771554976171,124.3069481232088,0.015909090909090907,0.25,0.9146341463414634,0.75
263,mean_std,78.59233473997499,4.199797284802087,119.49785010365628,0.031818181818181815,0.18,0.8541666666666666,0.82
263,median_std,78.43994519213516,4.143975597223525,119.52467814656018,0.03636363636363636,0.16,0.84,0.84
263,quantile_99,77.2215018336561,4.039156390981333,116.53775716369583,0.07045454545454545,0.09,0.7459016393442623,0.91
263,median_mad,79.88029147700887,4.3330603442963955,120.43674098017405,0.020454545454545454,0.28,0.8888888888888888,0.72
264,mean_std,78.19834261852742,4.184513541001496,120.82738375204784,0.031818181818181815,0.19,0.8526315789473684,0.81
264,median_std,78.19702896326976,4.250613068173001,120.75502975761667,0.031818181818181815,0.22,0.8478260869565217,0.78
264,quantile_99,76.33940975210137,3.8049438536688243,117.4798202331093,0.12045454545454545,0.09,0.6319444444444444,0.91
264,median_mad,80.0916352252023,4.340625939555416,122.21402744797713,0.013636363636363636,0.34,0.9166666666666666,0.66
265,mean_std,81.2998685269489,4.303988322483317,117.25724090576296,0.031818181818181815,0.29,0.8352941176470589,0.71
265,median_std,82.03886157389374,4.279444069985219,117.84404549196663,0.031818181818181815,0.28,0.8372093023255814,0.72
265,quantile_99,76.22784061028966,4.063663626261514,115.93228734396443,0.09772727272727273,0.1,0.6766917293233082,0.9
265,median_mad,81.9817448850837,4.732926531996721,119.32282538656312,0.015909090909090907,0.32,0.9066666666666666,0.68
266,mean_std,80.54678708734252,4.2691139257924835,121.22385899661431,0.00909090909090909,0.3,0.9459459459459459,0.7
266,median_std,80.87489795300304,4.26627403795386,121.428636663016,0.00909090909090909,0.3,0.9459459459459459,0.7
266,quantile_99,77.27182433693291,4.040797472781226,120.90078753941901,0.038636363636363635,0.12,0.8380952380952381,0.88
266,median_mad,80.89681661824125,4.484236770238125,123.55058766528644,0.004545454545454545,0.37,0.9692307692307692,0.63
267,mean_std,78.72939778936866,4.0887677076443305,122.01995661026601,0.022727272727272728,0.21,0.8876404494382022,0.79
267,median_std,78.91068045326976,4.1081961433393115,123.0446067300575,0.020454545454545454,0.22,0.896551724137931,0.78
267,quantile_99,78.33708796784978,4.040797472781226,120.43379081682384,0.031818181818181815,0.15,0.8585858585858586,0.85
267,median_mad,81.44945689408554,4.285389730964231,127.99809063035246,0.004545454545454545,0.39,0.9682539682539683,0.61
268,mean_std,78.1890065135338,4.26625936962514,120.82059800324927,0.029545454545454545,0.22,0.8571428571428571,0.78
268,median_std,78.14522439211606,4.163473012408753,120.5352728178456,0.029545454545454545,0.18,0.8631578947368421,0.82
268,quantile_99,75.9354346545671,4.070776916419864,119.50526788434047,0.07954545454545454,0.1,0.72,0.9
268,median_mad,79.27015716470022,4.392133676620972,124.57393749787376,0.006818181818181818,0.32,0.9577464788732394,0.68
269,mean_std,79.05772598049086,4.286919442757142,125.67531873665084,0.006818181818181818,0.31,0.9583333333333334,0.69
269,median_std,79.0236160396601,4.22744711764602,125.03897547998811,0.006818181818181818,0.27,0.9605263157894737,0.73
269,quantile_99,76.92345109797688,4.18920263609352,121.28919148180324,0.038636363636363635,0.15,0.8333333333333334,0.85
269,median_mad,78.77393062341727,4.742120821313478,125.56873029059768,0.00909090909090909,0.35,0.9420289855072463,0.65
270,mean_std,79.0477036311068,4.136591927959064,120.01201894903438,0.025,0.18,0.8817204301075269,0.82
270,median_std,79.5665329356514,4.091574214243674,120.18722183703821,0.029545454545454545,0.21,0.8586956521739131,0.79
270,quantile_99,77.11801940258219,3.855035406878756,115.50624581893022,0.10454545454545454,0.07,0.6690647482014388,0.93
270,median_mad,78.11901938956528,4.51700939291408,123.28785070789687,0.022727272727272728,0.27,0.8795180722891566,0.73
271,mean_std,79.20871637137965,4.0790402760938775,118.88552133195054,0.03636363636363636,0.18,0.8367346938775511,0.82
271,median_std,79.2142752851995,4.0931655634349955,117.81180426393433,0.04090909090909091,0.18,0.82,0.82
271,quantile_99,77.11854985746047,3.8132402727127945,119.47680974308642,0.08863636363636364,0.09,0.7,0.91
271,median_mad,81.8023382524465,4.38797157171041,118.55638050263526,0.020454545454545454,0.3,0.8860759493670886,0.7
272,mean_std,80.2249283081907,4.442295586430525,123.62438665857815,0.004545454545454545,0.36,0.9696969696969697,0.64
272,median_std,80.04964819344569,4.43523791133121,124.87097704864873,0.004545454545454545,0.38,0.96875,0.62
272,quantile_99,78.65619304914786,4.092478929529775,119.12527889311873,0.03409090909090909,0.16,0.8484848484848485,0.84
272,median_mad,81.10074353462295,4.68900248082528,131.5316465899175,0.0,0.46,1.0,0.54
273,mean_std,82.4793148565292,4.2402086987414425,123.45872832828549,0.006818181818181818,0.31,0.9583333333333334,0.69
273,median_std,82.30577613257267,4.215510012545944,123.42063992384124,0.006818181818181818,0.31,0.9583333333333334,0.69
273,quantile_99,80.10587662939002,4.021935848853907,121.75156429081643,0.01818181818181818,0.24,0.9047619047619048,0.76
273,median_mad,83.62557676248493,4.54907339798613,124.96801048910743,0.0,0.46,1.0,0.54
274,mean_std,79.43141775403845,4.183556036951542,120.02445005751595,0.022727272727272728,0.2,0.8888888888888888,0.8
274,median_std,79.30104394705367,4.286551683373235,119.9335944771998,0.022727272727272728,0.24,0.8837209302325582,0.76
274,quantile_99,78.70984832624684,3.731057379335212,118.56658244540161,0.10227272727272728,0.11,0.664179104477612,0.89
274,median_mad,79.1385995696177,4.661159008257078,124.84569760692169,0.004545454545454545,0.35,0.9701492537313433,0.65
275,mean_std,79.20489966219361,4.284729748620796,121.16759356681102,0.015909090909090907,0.27,0.9125,0.73
275,median_std,78.66948277120662,4.284729572408714,120.86234039888669,0.022727272727272728,0.24,0.8837209302325582,0.76
275,quantile_99,78.65619304914786,4.030385414109241,118.65979628278856,0.04090909090909091,0.14,0.8269230769230769,0.86
275,median_mad,78.74800183672117,4.630530447510086,124.91239848702067,0.006818181818181818,0.33,0.9571428571428572,0.67
276,mean_std,79.31103582835985,4.346172733894382,122.30490699434439,0.00909090909090909,0.31,0.9452054794520548,0.69
276,median_std,79.29465639830488,4.3474382166582926,122.98254906019605,0.006818181818181818,0.31,0.9583333333333334,0.69
276,quantile_99,78.53402369277046,4.159682957612302,118.5925297482006,0.03409090909090909,0.16,0.8484848484848485,0.84
276,median_mad,78.96934267397073,4.64210211034042,128.7688869840965,0.004545454545454545,0.36,0.9696969696969697,0.64
277,mean_std,79.07632337727837,4.279374400533223,120.9869293262484,0.015909090909090907,0.26,0.9135802469135802,0.74
277,median_std,78.83321499370986,4.271472922363953,120.59161281339608,0.020454545454545454,0.23,0.8953488372093024,0.77
277,quantile_99,78.53402369277046,4.058152258503224,115.25851885551067,0.06363636363636363,0.11,0.7606837606837606,0.89
277,median_mad,77.98493541788922,4.743020528609148,127.87656622470347,0.015909090909090907,0.33,0.9054054054054054,0.67
278,mean_std,78.56878083699303,4.051122642425485,115.48601425369071,0.06363636363636363,0.11,0.7606837606837606,0.89
278,median_std,78.83332917763681,4.09442122948362,115.23877276490582,0.06136363636363636,0.12,0.7652173913043478,0.88
278,quantile_99,76.78403643852918,3.8968269972357468,112.65082597889051,0.12727272727272726,0.05,0.6291390728476821,0.95
278,median_mad,78.52779853590658,4.3784124899003505,115.2836593216699,0.056818181818181816,0.16,0.7706422018348624,0.84
279,mean_std,78.54606038181221,4.069097981741788,120.86384809062618,0.031818181818181815,0.18,0.8541666666666666,0.82
279,median_std,78.31268612153858,4.071851421218176,120.61790344874854,0.03409090909090909,0.17,0.8469387755102041,0.83
279,quantile_99,77.6292674600674,3.7801762103438548,120.5067993981641,0.08863636363636364,0.1,0.6976744186046512,0.9
279,median_mad,76.4506461073398,4.528650526384543,122.45782612440378,0.045454545454545456,0.22,0.7959183673469388,0.78
280,mean_std,80.70855877736287,4.411486872424678,123.37333127057336,0.0022727272727272726,0.36,0.9846153846153847,0.64
280,median_std,81.20378954979716,4.426806739032569,123.22987924446366,0.0022727272727272726,0.37,0.984375,0.63
280,quantile_99,77.5356037898854,4.231601239633735,122.32758219213065,0.02727272727272727,0.19,0.8709677419354839,0.81
280,median_mad,81.76506693944835,4.973314086882909,124.37628524733478,0.0022727272727272726,0.47,0.9814814814814815,0.53
281,mean_std,78.41253838152176,4.323064700697451,120.23341215305062,0.02727272727272727,0.22,0.8666666666666667,0.78
281,median_std,78.06340203327984,4.267776756462238,120.24354021598694,0.031818181818181815,0.18,0.8541666666666666,0.82
281,quantile_99,76.79988708387494,4.1765809864483145,116.85039560459654,0.07272727272727272,0.12,0.7333333333333333,0.88
281,median_mad,79.93903528853019,4.760222516989298,126.46920253137135,0.004545454545454545,0.43,0.9661016949152542,0.57
282,mean_std,78.96267340931169,4.2687805728488595,122.80281015211064,0.013636363636363636,0.26,0.925,0.74
282,median_std,78.89554843214732,4.252187864277582,123.24926203435295,0.013636363636363636,0.26,0.925,0.74
282,quantile_99,77.31424703131695,4.094346523352176,120.78546491348143,0.038636363636363635,0.13,0.8365384615384616,0.87
282,median_mad,81.30266348038893,4.29144262557508,121.67416806922863,0.00909090909090909,0.34,0.9428571428571428,0.66
283,mean_std,81.67002938642815,4.227413357681932,117.16380811609314,0.03636363636363636,0.25,0.8241758241758241,0.75
283,median_std,81.69627942964917,4.282640185426107,116.95299134308377,0.03636363636363636,0.27,0.8202247191011236,0.73
283,quantile_99,78.65619304914786,3.977462537387974,112.27639462462662,0.10454545454545454,0.07,0.6690647482014388,0.93
283,median_mad,81.53466053580233,4.742081584542576,122.39996858011591,0.004545454545454545,0.4,0.967741935483871,0.6
284,mean_std,80.26354844730012,4.306271888795116,126.50560463579491,0.0022727272727272726,0.37,0.984375,0.63
284,median_std,80.49075583080679,4.317515578418142,126.68058723699338,0.0022727272727272726,0.38,0.9841269841269841,0.62
284,quantile_99,78.04436449025164,4.124899529699766,123.05245700995958,0.022727272727272728,0.18,0.8913043478260869,0.82
284,median_mad,82.49583870885502,4.663907013432999,134.05923546627918,0.0,0.52,1.0,0.48
285,mean_std,79.5107885964859,4.078593379123533,121.53831608272526,0.022727272727272728,0.22,0.8863636363636364,0.78
285,median_std,78.96928337568775,4.010452735879878,121.14929750069342,0.025,0.17,0.8829787234042553,0.83
285,quantile_99,78.18822381530686,3.8350431429963527,120.1460203401242,0.07727272727272727,0.13,0.71900826446281,0.87
285,median_mad,79.23680828048171,4.368239436169542,123.13460667334994,0.00909090909090909,0.3,0.9459459459459459,0.7
286,mean_std,79.95233207687752,4.212204522792167,122.16611361210494,0.015909090909090907,0.3,0.9090909090909091,0.7
286,median_std,80.2398848941323,4.200268509303227,123.09219425196912,0.00909090909090909,0.29,0.9466666666666667,0.71
286,quantile_99,76.98429031076884,3.9174685939164284,116.15050361445732,0.08863636363636364,0.08,0.7022900763358778,0.92
286,median_mad,80.92691623203946,4.464630167551413,127.51316825621744,0.0,0.42,1.0,0.58
287,mean_std,80.10032230644644,4.347356207249906,123.14809555697195,0.00909090909090909,0.34,0.9428571428571428,0.66
287,median_std,79.75818635086166,4.3248939749373765,122.3062459429014,0.00909090909090909,0.33,0.9436619718309859,0.67
287,quantile_99,79.01798329016856,4.056587140027828,121.26156659745892,0.020454545454545454,0.2,0.898876404494382,0.8
287,median_mad,80.4188535108107,4.726269277718983,126.50192481098608,0.0,0.44,1.0,0.56
288,mean_std,79.21333124936601,3.950453929312616,122.33395216082386,0.031818181818181815,0.17,0.8556701030927835,0.83
288,median_std,79.30294683785347,3.98459443429179,122.04073155784731,0.031818181818181815,0.19,0.8526315789473684,0.81
288,quantile_99,76.17475103453143,3.7660814595869043,120.75784002913713,0.1159090909090909,0.08,0.6433566433566433,0.92
288,median_mad,76.2171138173429,4.521963899061091,126.42614658388328,0.05,0.23,0.7777777777777778,0.77
289,mean_std,80.01312532162622,4.14148276423171,120.18009738578394,0.022727272727272728,0.23,0.8850574712643678,0.77
289,median_std,80.14533506971097,4.214254079002245,119.42100798647925,0.01818181818181818,0.24,0.9047619047619048,0.76
289,quantile_99,77.9320141025997,3.997199887956605,118.40900668046508,0.05,0.11,0.8018018018018018,0.89
289,median_mad,81.94775981277921,4.620034529928616,121.34679414588035,0.004545454545454545,0.37,0.9692307692307692,0.63
290,mean_std,78.74617662458273,4.1968186110602215,118.31507334443666,0.03636363636363636,0.2,0.8333333333333334,0.8
290,median_std,78.30521152854193,4.166649369361727,119.0956565630207,0.03409090909090909,0.16,0.8484848484848485,0.84
290,quantile_99,77.2608553507255,4.123258447899873,116.13833573133216,0.06818181818181818,0.1,0.75,0.9
290,median_mad,79.87749616463225,4.505596232508864,123.17738108877728,0.00909090909090909,0.35,0.9420289855072463,0.65
291,mean_std,79.82976054892954,4.170583318693694,122.40626291856162,0.013636363636363636,0.26,0.925,0.74
291,median_std,80.13757522382683,4.241170099329174,121.87800172874826,0.00909090909090909,0.3,0.9459459459459459,0.7
291,quantile_99,78.20823338070026,3.843193575179053,120.78256734384766,0.06363636363636363,0.13,0.7565217391304347,0.87
291,median_mad,79.18735281461042,4.492684835514402,120.67058332940171,0.011363636363636364,0.29,0.9342105263157895,0.71
292,mean_std,78.12628741940388,4.212274350005564,114.56667823678453,0.06818181818181818,0.1,0.75,0.9
292,median_std,78.26552967395013,4.206638552712161,115.62407905609803,0.06363636363636363,0.14,0.7543859649122807,0.86
292,quantile_99,76.69587900319631,4.1369612413306065,112.49031817105342,0.11363636363636363,0.06,0.6527777777777778,0.94
292,median_mad,78.35444822452425,4.61938661537091,117.52518055703851,0.04318181818181818,0.21,0.8061224489795918,0.79
293,mean_std,79.37629886506066,4.102667334164386,119.15433683215895,0.03409090909090909,0.18,0.845360824742268,0.82
293,median_std,79.70097609195173,4.10096017882945,117.73007495853977,0.04318181818181818,0.2,0.8080808080808081,0.8
293,quantile_99,78.14751321222214,3.7751255332691143,116.83162572604834,0.10909090909090909,0.12,0.6470588235294118,0.88
293,median_mad,80.50448657169017,4.472845121155319,119.15204505237395,0.01818181818181818,0.29,0.8987341772151899,0.71
294,mean_std,79.25203568916889,4.397889833555586,122.21025968335516,0.011363636363636364,0.3,0.9333333333333333,0.7
294,median_std,79.53103460126319,4.416995858755233,121.5670044686083,0.00909090909090909,0.32,0.9444444444444444,0.68
294,quantile_99,76.43514417084536,4.0726581349368525,121.65044507271563,0.056818181818181816,0.14,0.7747747747747747,0.86
294,median_mad,79.33153762455693,5.101761389705946,127.01690450121707,0.004545454545454545,0.45,0.9649122807017544,0.55
295,mean_std,79.07845181297667,4.119488937160339,118.98526121903627,0.025,0.18,0.8817204301075269,0.82
295,median_std,78.82661211442814,4.096103650960822,117.23443344429987,0.045454545454545456,0.17,0.8058252427184466,0.83
295,quantile_99,76.99129781694366,4.235050906024787,118.14486766655413,0.056818181818181816,0.14,0.7747747747747747,0.86
295,median_mad,79.02468678940073,4.504389605646043,116.12528651544415,0.04318181818181818,0.2,0.8080808080808081,0.8
296,mean_std,79.739190041837,4.159293509861321,125.86759532635814,0.011363636363636364,0.3,0.9333333333333333,0.7
296,median_std,79.82987212242163,4.183136333162202,126.63107850958507,0.00909090909090909,0.3,0.9459459459459459,0.7
296,quantile_99,77.59736300316683,3.8808753336488944,119.93006424850203,0.0659090909090909,0.1,0.7563025210084033,0.9
296,median_mad,81.2285490667478,4.659910438428941,132.90082244068026,0.0,0.46,1.0,0.54
297,mean_std,77.79253314412537,4.141240774139133,119.85270844897917,0.04318181818181818,0.14,0.819047619047619,0.86
297,median_std,78.04924279658566,4.136600292480216,119.63915647634099,0.04090909090909091,0.14,0.8269230769230769,0.86
297,quantile_99,75.60759709618667,4.0406917771541515,115.73582414862244,0.1159090909090909,0.08,0.6433566433566433,0.92
297,median_mad,80.22951173106918,3.9910584115267533,119.82668376996932,0.03409090909090909,0.19,0.84375,0.81
298,mean_std,77.44593450000303,4.063348859635237,117.54628770935517,0.06363636363636363,0.12,0.7586206896551724,0.88
298,median_std,77.33201365100895,3.959857812769971,116.64872315590938,0.07954545454545454,0.09,0.7222222222222222,0.91
298,quantile_99,77.61872965457557,3.8720607659197137,115.19338832927272,0.1,0.08,0.6764705882352942,0.92
298,median_mad,79.43518646058506,4.125672134389996,121.95282423963968,0.01818181818181818,0.24,0.9047619047619048,0.76
299,mean_std,78.9886945737578,4.0433644923620955,119.10101283520487,0.03636363636363636,0.17,0.8383838383838383,0.83
299,median_std,78.72935841106316,4.02767689182128,120.23906779621981,0.03409090909090909,0.15,0.85,0.85
299,quantile_99,75.88080922249151,3.8599402819711526,116.82609966402097,0.12727272727272726,0.08,0.6216216216216216,0.92
299,median_mad,78.36411501610104,4.0220374602416,122.87472924144495,0.029545454545454545,0.18,0.8631578947368421,0.82
300,mean_std,79.01730618831874,4.306514921086161,121.02696893698416,0.015909090909090907,0.25,0.9146341463414634,0.75
300,median_std,78.66297084221594,4.291607371929086,120.68819689493635,0.020454545454545454,0.24,0.8941176470588236,0.76
300,quantile_99,77.66635680187724,4.1765809864483145,120.1460203401242,0.03636363636363636,0.15,0.8415841584158416,0.85
300,median_mad,79.17440740413382,4.778441887260202,118.65294020417575,0.022727272727272728,0.26,0.8809523809523809,0.74
301,mean_std,78.89268692821301,4.08672316385581,121.65176802632878,0.025,0.21,0.8777777777777778,0.79
301,median_std,79.04508536285914,4.198312177437728,120.89831319100429,0.01818181818181818,0.23,0.9058823529411765,0.77
301,quantile_99,76.62639472389161,3.737663280475664,118.98431942899876,0.12727272727272726,0.08,0.6216216216216216,0.92
301,median_mad,79.93497851543886,4.715975612415394,128.11616964995102,0.004545454545454545,0.43,0.9661016949152542,0.57
302,mean_std,79.4604590847073,4.373448171215824,118.85185536726016,0.025,0.26,0.8705882352941177,0.74
302,median_std,78.73525955474435,4.408481061125328,118.21193933895844,0.031818181818181815,0.22,0.8478260869565217,0.78
302,quantile_99,77.24757420285151,4.054502940555983,119.47680974308642,0.045454545454545456,0.11,0.8165137614678899,0.89
302,median_mad,80.77489165021106,5.054240754526855,117.90727358551582,0.025,0.32,0.8607594936708861,0.68
303,mean_std,80.3198801220338,4.094581260170531,121.06484311584458,0.022727272727272728,0.24,0.8837209302325582,0.76
303,median_std,79.71288140685718,4.052294752450561,121.31149758032925,0.022727272727272728,0.23,0.8850574712643678,0.77
303,quantile_99,78.74357085256763,3.945892325683409,117.43560280837055,0.05227272727272727,0.14,0.7889908256880734,0.86
303,median_mad,82.13925569111339,4.292937212479789,123.1796012951975,0.00909090909090909,0.35,0.9420289855072463,0.65
304,mean_std,80.59192313475387,4.1576584903398,116.035552133121,0.04772727272727273,0.19,0.7941176470588235,0.81
304,median_std,80.68154695263256,4.084203005503355,116.10229778570313,0.05227272727272727,0.18,0.780952380952381,0.82
304,quantile_99,77.88926980735836,4.18920263609352,111.74200890836443,0.10681818181818181,0.08,0.6618705035971223,0.92
304,median_mad,82.07176069592575,4.394717890074268,120.35629594094615,0.015909090909090907,0.31,0.9078947368421053,0.69
305,mean_std,80.37108612793034,4.42867377847065,119.68256041233552,0.015909090909090907,0.28,0.9113924050632911,0.72
305,median_std,80.4595978120084,4.404813039683039,119.8410608576502,0.015909090909090907,0.28,0.9113924050632911,0.72
305,quantile_99,78.50775952240984,4.274894488820981,115.23443892000309,0.056818181818181816,0.15,0.7727272727272727,0.85
305,median_mad,82.84639430859622,4.717726775348471,125.33553659186445,0.0,0.48,1.0,0.52
306,mean_std,79.19125343725892,4.370857339989507,123.55946454571041,0.011363636363636364,0.3,0.9333333333333333,0.7
306,median_std,79.35223999364108,4.299744878650672,123.90329343668233,0.013636363636363636,0.3,0.9210526315789473,0.7
306,quantile_99,77.74382870784734,4.071017053136959,119.93006424850203,0.038636363636363635,0.13,0.8365384615384616,0.87
306,median_mad,77.36694176428969,4.631415405200863,127.83324307561436,0.022727272727272728,0.26,0.8809523809523809,0.74
307,mean_std,80.05096106214506,4.3256157800021775,119.89857252705625,0.020454545454545454,0.28,0.8888888888888888,0.72
307,median_std,79.84287442092437,4.357706992143262,119.11908834022336,0.025,0.27,0.8690476190476191,0.73
307,quantile_99,78.52527336260212,4.139516262074627,118.2357424660758,0.038636363636363635,0.16,0.8316831683168316,0.84
307,median_mad,81.0745572130449,4.640727991506651,122.0842867897698,0.006818181818181818,0.39,0.953125,0.61
308,mean_std,78.26813475958078,4.120717525477885,123.50391329074009,0.020454545454545454,0.2,0.898876404494382,0.8
308,median_std,78.30669601941372,4.055383843682941,122.02923549817072,0.022727272727272728,0.2,0.8888888888888888,0.8
308,quantile_99,77.9499899758365,4.0726581349368525,123.22609664194201,0.02727272727272727,0.18,0.8723404255319149,0.82
308,median_mad,78.1513255596887,4.206786134406869,122.6935964987552,0.022727272727272728,0.23,0.8850574712643678,0.77
309,mean_std,78.81603608684462,4.3520040196544585,119.08334804410211,0.031818181818181815,0.23,0.8461538461538461,0.77
309,median_std,79.12821003064946,4.347572672092441,119.16459256969594,0.025,0.25,0.872093023255814,0.75
309,quantile_99,76.7260771346997,4.126464648175162,117.52514704694353,0.06818181818181818,0.11,0.7478991596638656,0.89
309,median_mad,78.9795537809955,4.602591179715933,121.40350992820726,0.013636363636363636,0.27,0.9240506329113924,0.73
310,mean_std,79.20769504180524,4.233378107751209,122.36133037949695,0.015909090909090907,0.26,0.9135802469135802,0.74
310,median_std,78.82187320260243,4.229925073881743,122.39923195340921,0.01818181818181818,0.25,0.9036144578313253,0.75
310,quantile_99,75.62042522739944,3.979561569342974,115.70306597534301,0.12272727272727273,0.06,0.6351351351351351,0.94
310,median_mad,81.59256358291782,4.286942862208027,133.8072380745942,0.004545454545454545,0.41,0.9672131147540983,0.59
311,mean_std,80.1117644471428,4.155518510369943,119.98024894775554,0.022727272727272728,0.22,0.8863636363636364,0.78
311,median_std,79.69226085654263,4.232232390660042,120.2559463732747,0.022727272727272728,0.24,0.8837209302325582,0.76
311,quantile_99,78.74357085256763,3.970790592470882,116.41694626021345,0.06363636363636363,0.13,0.7565217391304347,0.87
311,median_mad,81.42492135829565,4.321368547023912,124.41793714779415,0.004545454545454545,0.38,0.96875,0.62
312,mean_std,77.70246689009755,4.013549024618995,120.2326680117331,0.04318181818181818,0.12,0.822429906542056,0.88
312,median_std,77.49872450849169,3.9958583125622296,119.69966148040258,0.05,0.1,0.8035714285714286,0.9
312,quantile_99,75.9354346545671,3.8490165106979464,119.60170365611084,0.10681818181818181,0.08,0.6618705035971223,0.92
312,median_mad,80.29461096474259,4.196575995545121,119.8810968832644,0.015909090909090907,0.24,0.9156626506024096,0.76
313,mean_std,80.01288447262735,4.018820350616666,118.5819784542829,0.04090909090909091,0.19,0.8181818181818182,0.81
313,median_std,79.97110635487377,4.0353250806071825,119.1151467577748,0.03636363636363636,0.19,0.8350515463917526,0.81
313,quantile_99,77.9499899758365,3.8831619107033384,113.56084989385108,0.1,0.06,0.6811594202898551,0.94
313,median_mad,81.71755977506768,4.123676505273724,121.2679352403596,0.015909090909090907,0.25,0.9146341463414634,0.75
314,mean_std,81.11891252149883,4.077581856875548,123.05475814260919,0.01818181818181818,0.27,0.9012345679012346,0.73
314,median_std,81.44021626061054,4.03985610575943,122.87915518275341,0.01818181818181818,0.26,0.9024390243902439,0.74
314,quantile_99,78.80391034330513,3.8674243296213957,119.97605564451615,0.05454545454545454,0.14,0.7818181818181819,0.86
314,median_mad,83.5694316012224,4.442858200991405,128.36068134813786,0.0,0.47,1.0,0.53
315,mean_std,78.13863214337675,4.2671189792145725,122.42447073085997,0.02727272727272727,0.24,0.8636363636363636,0.76
315,median_std,78.93249957539793,4.220567532088474,122.80153778582115,0.015909090909090907,0.25,0.9146341463414634,0.75
315,quantile_99,75.61752193302559,3.8927550586492394,118.88237877250752,0.10681818181818181,0.08,0.6618705035971223,0.92
315,median_mad,80.86363286488775,4.401516949274533,124.21009778346145,0.004545454545454545,0.34,0.9705882352941176,0.66
316,mean_std,79.45382852950742,4.3881683390995665,120.46108973048457,0.01818181818181818,0.27,0.9012345679012346,0.73
316,median_std,79.61658699966675,4.421303627156995,119.58488567639456,0.01818181818181818,0.27,0.9012345679012346,0.73
316,quantile_99,76.53919587070207,4.090248238525845,121.16221837159492,0.05227272727272727,0.13,0.7909090909090909,0.87
316,median_mad,80.87249508312556,4.9601047581340385,117.71125801832503,0.022727272727272728,0.29,0.8765432098765432,0.71
317,mean_std,78.73499373057184,4.082679946949085,123.00559447572802,0.022727272727272728,0.21,0.8876404494382022,0.79
317,median_std,78.53987551789517,4.054181341081445,123.35876076646763,0.025,0.2,0.8791208791208791,0.8
317,quantile_99,78.3033021552745,3.995351236589576,117.81172322917041,0.05227272727272727,0.13,0.7909090909090909,0.87
317,median_mad,78.26475023912059,4.241711075219883,128.88267000071932,0.01818181818181818,0.27,0.9012345679012346,0.73
318,mean_std,79.6440370819521,3.973597841987515,121.88685823710432,0.029545454545454545,0.2,0.8602150537634409,0.8
318,median_std,80.0810372822002,4.0093844092250706,121.09330769688886,0.025,0.21,0.8777777777777778,0.79
318,quantile_99,78.54566693844136,3.7066337843131385,118.43161349824553,0.11818181818181818,0.11,0.6312056737588653,0.89
318,median_mad,79.46003345098183,4.117678150833882,124.03879655707962,0.011363636363636364,0.24,0.9382716049382716,0.76
319,mean_std,77.96788580492215,4.133200539887397,117.28279867633223,0.05454545454545454,0.13,0.7837837837837838,0.87
319,median_std,77.85252654747084,4.054704920870898,116.91274872404969,0.06136363636363636,0.13,0.7631578947368421,0.87
319,quantile_99,76.52301107905433,4.18920263609352,112.23710675899304,0.12272727272727273,0.07,0.6326530612244898,0.93
319,median_mad,78.80479132574087,4.075611313292194,126.11325344446198,0.015909090909090907,0.26,0.9135802469135802,0.74
320,mean_std,78.8930213732018,4.251927772863315,124.19249100467343,0.013636363636363636,0.26,0.925,0.74
320,median_std,79.26332373839796,4.235257417957645,123.82503614659979,0.011363636363636364,0.26,0.9367088607594937,0.74
320,quantile_99,76.52636347025145,4.040797472781226,123.05245700995958,0.05227272727272727,0.14,0.7889908256880734,0.86
320,median_mad,80.82949829190594,4.574000371809213,127.56227628333608,0.0,0.42,1.0,0.58
321,mean_std,79.65082313001221,4.083148571787564,120.94573799552947,0.02727272727272727,0.23,0.8651685393258427,0.77
321,median_std,79.64095148691975,4.16051725752726,121.57383984913878,0.01818181818181818,0.24,0.9047619047619048,0.76
321,quantile_99,78.01924925443514,3.9427003457687997,115.38985152461471,0.075,0.09,0.7338709677419355,0.91
321,median_mad,81.33907359930359,4.291253272798152,129.09301900969342,0.004545454545454545,0.4,0.967741935483871,0.6
322,mean_std,79.25931632428914,4.344041346910025,120.54977929763243,0.013636363636363636,0.27,0.9240506329113924,0.73
322,median_std,79.02736735091112,4.265994522078682,121.45584390338229,0.013636363636363636,0.24,0.926829268292683,0.76
322,quantile_99,78.24047898637583,4.038006843762932,118.39041843350763,0.045454545454545456,0.14,0.8113207547169812,0.86
322,median_mad,80.58228940995657,4.667863690167823,125.11456739109893,0.0,0.41,1.0,0.59
323,mean_std,79.90097980544532,4.117428654572359,121.97045137814517,0.015909090909090907,0.25,0.9146341463414634,0.75
323,median_std,79.95874870860844,4.108128039983664,122.34090306877103,0.01818181818181818,0.26,0.9024390243902439,0.74
323,quantile_99,78.54566693844136,3.849003996812515,119.72785037405944,0.06136363636363636,0.13,0.7631578947368421,0.87
323,median_mad,78.74643831960421,4.464769664426101,125.48643810172331,0.006818181818181818,0.33,0.9571428571428572,0.67
324,mean_std,79.60798919505794,4.116920996330376,121.77550413525924,0.01818181818181818,0.25,0.9036144578313253,0.75
324,median_std,79.4908335283351,4.168552883125269,122.6225048603263,0.015909090909090907,0.25,0.9146341463414634,0.75
324,quantile_99,78.04436449025164,3.7696567713218014,118.35131474029652,0.1,0.1,0.6716417910447762,0.9
324,median_mad,81.82888543464496,4.593901324308553,125.47295972747281,0.0,0.44,1.0,0.56
325,mean_std,79.52998451772999,4.32266251382392,123.10479097049588,0.011363636363636364,0.33,0.9305555555555556,0.67
325,median_std,79.21767165162585,4.336846222568937,122.59682913546612,0.011363636363636364,0.3,0.9333333333333333,0.7
325,quantile_99,78.65619304914786,4.094254452419688,119.93006424850203,0.029545454545454545,0.16,0.865979381443299,0.84
325,median_mad,81.34658616340425,4.645830251662037,126.76862460485228,0.0,0.46,1.0,0.54
326,mean_std,79.21570498477215,4.342328875921933,119.99356825622431,0.020454545454545454,0.25,0.8928571428571429,0.75
326,median_std,78.78849146678536,4.321425937521303,120.87689432305937,0.020454545454545454,0.26,0.891566265060241,0.74
326,quantile_99,76.30250901111216,4.042362591256622,116.76697853231724,0.09318181818181819,0.1,0.6870229007633588,0.9
326,median_mad,81.918447124811,4.675852046012457,121.73939332379776,0.006818181818181818,0.39,0.953125,0.61
327,mean_std,78.09459647573526,4.163723071016078,120.20266458311049,0.038636363636363635,0.15,0.8333333333333334,0.85
327,median_std,78.3528613814058,4.226588184460267,120.09155277631669,0.031818181818181815,0.19,0.8526315789473684,0.81
327,quantile_99,77.33736065587588,3.904051740342915,114.82969152089476,0.09090909090909091,0.06,0.7014925373134329,0.94
327,median_mad,77.474958980453,4.3061374969306545,134.2174589216752,0.025,0.23,0.875,0.77
328,mean_std,79.59825411587003,4.143011356044143,120.25387390438063,0.022727272727272728,0.22,0.8863636363636364,0.78
328,median_std,79.43580585690742,4.124649295226741,121.33051440903189,0.01818181818181818,0.22,0.9069767441860465,0.78
328,quantile_99,77.11801940258219,3.8569503602436543,118.32337188349499,0.08636363636363636,0.09,0.7054263565891473,0.91
328,median_mad,80.25515008146843,4.330308591242321,121.21339996141849,0.00909090909090909,0.32,0.9444444444444444,0.68
329,mean_std,78.40257210398416,4.275548821886057,123.76402985153005,0.020454545454545454,0.24,0.8941176470588236,0.76
329,median_std,78.61480237836881,4.243823206150422,122.97178281440732,0.01818181818181818,0.24,0.9047619047619048,0.76
329,quantile_99,74.43879772848297,4.018094176415691,121.96632860121825,0.1318181818181818,0.08,0.6133333333333333,0.92
329,median_mad,82.37115905231659,4.4973566481861695,119.22234940332417,0.011363636363636364,0.31,0.9324324324324325,0.69
330,mean_std,80.10498763827498,4.2210615001620075,122.28293264745186,0.011363636363636364,0.3,0.9333333333333333,0.7
330,median_std,79.90668644465102,4.183422104983748,121.65643612657489,0.013636363636363636,0.25,0.9259259259259259,0.75
330,quantile_99,77.9320141025997,4.1369612413306065,122.50122182411306,0.022727272727272728,0.19,0.8901098901098901,0.81
330,median_mad,82.98611372688339,4.570959720251025,123.09024326576275,0.0022727272727272726,0.39,0.9838709677419355,0.61
331,mean_std,79.51622104311775,4.2264917371820445,121.78014478993184,0.013636363636363636,0.28,0.9230769230769231,0.72
331,median_std,79.67606491856068,4.243078780013237,122.33087845778316,0.013636363636363636,0.29,0.922077922077922,0.71
331,quantile_99,78.99348509893278,3.762672036065354,116.00781311495608,0.10681818181818181,0.1,0.656934306569343,0.9
331,median_mad,82.5878663142328,4.5811457154186614,125.83470124384408,0.0,0.47,1.0,0.53
332,mean_std,79.5687448439111,4.147910966508071,119.72815843351181,0.02727272727272727,0.21,0.8681318681318682,0.79
332,median_std,79.71884113440395,4.199415220835702,119.86416834813066,0.025,0.23,0.875,0.77
332,quantile_99,77.74382870784734,3.9041135741862574,117.54789793870198,0.06818181818181818,0.11,0.7478991596638656,0.89
332,median_mad,80.39769280049168,4.488976861112521,120.27164899980792,0.013636363636363636,0.31,0.92,0.69
333,mean_std,79.02607153760336,4.264083097085416,121.29728588694326,0.013636363636363636,0.24,0.926829268292683,0.76
333,median_std,79.04235207450961,4.255571670641083,121.51919185760624,0.013636363636363636,0.25,0.9259259259259259,0.75
333,quantile_99,78.79226709763422,4.004315635319461,116.57051533697525,0.056818181818181816,0.15,0.7727272727272727,0.85
333,median_mad,80.71600635039862,4.606704416708178,127.5383683163622,0.0,0.42,1.0,0.58
334,mean_std,79.26808312196711,4.366951655015627,125.32619715350087,0.004545454545454545,0.33,0.9710144927536232,0.67
334,median_std,79.07890635325444,4.324553697991739,123.75988795323403,0.006818181818181818,0.3,0.958904109589041,0.7
334,quantile_99,78.7972261296666,4.350071130065174,122.13996823320066,0.011363636363636364,0.28,0.935064935064935,0.72
334,median_mad,78.50479167774196,4.68712952681899,127.77635528455977,0.00909090909090909,0.35,0.9420289855072463,0.65
335,mean_std,78.89143716446438,4.269412211556906,121.31271592488122,0.013636363636363636,0.24,0.926829268292683,0.76
335,median_std,79.12831877451372,4.244449503965696,120.79741789337706,0.013636363636363636,0.26,0.925,0.74
335,quantile_99,76.38035922042658,4.350071130065174,118.61571054859034,0.06363636363636363,0.17,0.7477477477477478,0.83
335,median_mad,82.62408012564543,4.4976846822163115,127.22962623428063,0.0,0.46,1.0,0.54
336,mean_std,80.86514052025879,4.210441025770543,116.3833697443782,0.04318181818181818,0.21,0.8061224489795918,0.79
336,median_std,80.71852891003573,4.149953418335243,115.99109597597408,0.04772727272727273,0.19,0.7941176470588235,0.81
336,quantile_99,78.90344044677242,4.191757656837542,113.2320724626888,0.06818181818181818,0.1,0.75,0.9
336,median_mad,81.55216593791468,4.586560496747664,118.77058939582169,0.020454545454545454,0.31,0.8846153846153846,0.69
337,mean_std,80.94291263475341,4.619388081224723,120.31065929358867,0.013636363636363636,0.33,0.9178082191780822,0.67
337,median_std,81.38226577644673,4.702078272041474,120.9646234473056,0.00909090909090909,0.37,0.9402985074626866,0.63
337,quantile_99,79.43722018984289,4.350071130065174,117.67405434115402,0.029545454545454545,0.25,0.8522727272727273,0.75
337,median_mad,84.72406356351122,4.607831291809569,122.90932795835465,0.004545454545454545,0.4,0.967741935483871,0.6
338,mean_std,78.73750914204538,4.009747238601594,120.88967526802207,0.029545454545454545,0.16,0.865979381443299,0.84
338,median_std,78.44541928837793,4.035784149093404,120.85063201150106,0.03409090909090909,0.16,0.8484848484848485,0.84
338,quantile_99,76.80688952785285,3.836386066898829,118.07425120368819,0.10909090909090909,0.09,0.6546762589928058,0.91
338,median_mad,82.67007308709736,4.498876322691004,123.2474980718304,0.004545454545454545,0.4,0.967741935483871,0.6
339,mean_std,79.45142028521067,4.292518030044805,119.3881985082967,0.020454545454545454,0.25,0.8928571428571429,0.75
339,median_std,79.14056333491254,4.211710739846712,121.55469841560235,0.011363636363636364,0.24,0.9382716049382716,0.76
339,quantile_99,78.10873385066918,4.211924352375216,114.33874125487272,0.0659090909090909,0.09,0.7583333333333333,0.91
339,median_mad,79.75779805295868,4.583311738536427,123.61199361117608,0.006818181818181818,0.35,0.9558823529411765,0.65
340,mean_std,78.99036088912182,4.297823495901151,119.77959523773086,0.022727272727272728,0.22,0.8863636363636364,0.78
340,median_std,78.68373977656228,4.322775855131642,120.24051470879714,0.020454545454545454,0.23,0.8953488372093024,0.77
340,quantile_99,77.73189312082022,3.970790592470882,118.66581612189584,0.056818181818181816,0.11,0.7807017543859649,0.89
340,median_mad,78.40397257332445,4.652411462194276,122.95631813771803,0.015909090909090907,0.29,0.9102564102564102,0.71
341,mean_std,80.55241650523399,4.29120817914399,123.22071036581139,0.006818181818181818,0.33,0.9571428571428572,0.67
341,median_std,79.90350745198906,4.29948062071985,123.23194876632954,0.00909090909090909,0.32,0.9444444444444444,0.68
341,quantile_99,79.37165218310308,4.1765809864483145,120.1460203401242,0.01818181818181818,0.2,0.9090909090909091,0.8
341,median_mad,79.6530422559345,4.786531146090599,122.88615871539476,0.006818181818181818,0.37,0.9545454545454546,0.63
342,mean_std,79.8087333498404,4.2153446604937255,122.96121387406723,0.00909090909090909,0.29,0.9466666666666667,0.71
342,median_std,79.83125671657753,4.208961803078446,122.6801795596161,0.00909090909090909,0.28,0.9473684210526315,0.72
342,quantile_99,78.0374202121277,4.103507209057707,119.25978343186252,0.038636363636363635,0.13,0.8365384615384616,0.87
342,median_mad,79.87672850545553,4.595815327138413,128.52037354969963,0.004545454545454545,0.4,0.967741935483871,0.6
343,mean_std,79.7380921410607,4.3687440182715225,119.44487807689421,0.022727272727272728,0.27,0.8795180722891566,0.73
343,median_std,79.01955866051921,4.38425800189105,119.21822131941589,0.022727272727272728,0.23,0.8850574712643678,0.77
343,quantile_99,78.58238309997263,4.139516262074627,116.91928700462279,0.045454545454545456,0.16,0.8076923076923077,0.84
343,median_mad,79.80542848804185,4.5022966756683385,123.19261483253557,0.00909090909090909,0.35,0.9420289855072463,0.65
344,mean_std,78.8287697833704,4.224412013535269,122.31552458847554,0.01818181818181818,0.25,0.9036144578313253,0.75
344,median_std,78.6355859625199,4.20484846053686,121.78718991903361,0.020454545454545454,0.23,0.8953488372093024,0.77
344,quantile_99,76.17353379496636,4.229046218889713,119.35066302513783,0.06363636363636363,0.14,0.7543859649122807,0.86
344,median_mad,81.41641717194133,4.1632284918164,127.1863803223701,0.004545454545454545,0.32,0.9714285714285714,0.68
345,mean_std,77.9940396898045,4.051433860359812,118.84041364870879,0.05,0.13,0.7981651376146789,0.87
345,median_std,77.68655822698511,4.003298044519571,118.43761006828467,0.05909090909090909,0.11,0.7739130434782608,0.89
345,quantile_99,76.71445548679296,3.7884120455788395,116.79136953056695,0.125,0.09,0.6232876712328768,0.91
345,median_mad,78.26148260200853,4.443904274386142,116.77500228638763,0.05227272727272727,0.2,0.7766990291262136,0.8
346,mean_std,79.91337947592409,4.207992418087381,120.46247424788825,0.020454545454545454,0.24,0.8941176470588236,0.76
346,median_std,79.80025035169662,4.168112010635216,121.51150424057305,0.015909090909090907,0.24,0.9156626506024096,0.76
346,quantile_99,77.1276125060098,4.070335571178606,116.82609966402097,0.06818181818181818,0.11,0.7478991596638656,0.89
346,median_mad,81.4849070484279,4.412541924146682,125.42955390149169,0.0,0.41,1.0,0.59
347,mean_std,79.72968840288608,4.261681123081852,121.3303466916099,0.011363636363636364,0.29,0.9342105263157895,0.71
347,median_std,80.02637843560264,4.185208055500079,122.52084669221351,0.00909090909090909,0.27,0.948051948051948,0.73
347,quantile_99,76.0932334822523,4.123258447899873,119.93537948142615,0.06818181818181818,0.1,0.75,0.9
347,median_mad,78.72443149499146,4.45803810899424,123.70319066239594,0.011363636363636364,0.29,0.9342105263157895,0.71
348,mean_std,78.14384280152778,4.311806587558076,118.55870632791381,0.04318181818181818,0.2,0.8080808080808081,0.8
348,median_std,78.0063197786628,4.227697630634963,118.04065887137075,0.05227272727272727,0.16,0.7850467289719626,0.84
348,quantile_99,76.38554406358521,4.039156390981333,112.07164835396425,0.1340909090909091,0.06,0.6143790849673203,0.94
348,median_mad,78.43772977955703,4.874457761787689,119.93035057795291,0.02727272727272727,0.23,0.8651685393258427,0.77
349,mean_std,80.54333625212216,4.2018256504012275,120.31959783797701,0.01818181818181818,0.25,0.9036144578313253,0.75
349,median_std,80.70676644334905,4.219848794538869,118.85127816992178,0.025,0.24,0.8735632183908046,0.76
349,quantile_99,79.25379462032635,3.9704529698021025,117.01609921212405,0.05227272727272727,0.15,0.7870370370370371,0.85
349,median_mad,81.87508541084779,4.641265595156584,122.19720800110119,0.006818181818181818,0.4,0.9523809523809523,0.6
350,mean_std,79.83310217760406,4.195688849124414,121.75349932097558,0.015909090909090907,0.28,0.9113924050632911,0.72
350,median_std,79.52805400817891,4.228284795983608,122.4365074817899,0.013636363636363636,0.28,0.9230769230769231,0.72
350,quantile_99,78.50775952240984,3.9616299067653515,120.3970609710972,0.04090909090909091,0.14,0.8269230769230769,0.86
350,median_mad,80.31277750174658,4.553299240533322,121.71656443655638,0.006818181818181818,0.35,0.9558823529411765,0.65
351,mean_std,80.37785416720803,4.394537095912193,121.24548390596448,0.006818181818181818,0.32,0.9577464788732394,0.68
351,median_std,80.85066073121111,4.345886112016435,121.89359783417629,0.006818181818181818,0.34,0.9565217391304348,0.66
351,quantile_99,78.17195032978107,4.350071130065174,118.88237877250752,0.03409090909090909,0.21,0.8404255319148937,0.79
351,median_mad,83.99207285235369,4.63962247654867,124.93724741999883,0.0,0.47,1.0,0.53
352,mean_std,78.98400021547931,4.116589997027303,118.1169987972267,0.04090909090909091,0.17,0.8217821782178217,0.83
352,median_std,78.67059413840308,4.05017122929533,117.86504561670131,0.05,0.16,0.7924528301886793,0.84
352,quantile_99,78.33708796784978,3.881611073418404,112.36212552855693,0.1159090909090909,0.07,0.6458333333333334,0.93
352,median_mad,76.88286385975381,4.419408034860463,120.10445869574532,0.04090909090909091,0.19,0.8181818181818182,0.81
353,mean_std,79.55343948133142,4.099733882996926,120.912737498821,0.025,0.23,0.875,0.77
353,median_std,79.5523802271962,4.159008513615677,120.48510404601308,0.025,0.22,0.8764044943820225,0.78
353,quantile_99,77.65216536000943,3.8566286076355314,115.64286852373337,0.1,0.08,0.6764705882352942,0.92
353,median_mad,79.78164011092886,4.282755019340464,126.54805964114537,0.00909090909090909,0.35,0.9420289855072463,0.65
354,mean_std,79.00350505938012,4.111442115825199,121.63788603847236,0.015909090909090907,0.21,0.9186046511627907,0.79
354,median_std,78.82694519270916,4.130654463980527,121.6463943680549,0.020454545454545454,0.21,0.8977272727272727,0.79
354,quantile_99,77.48382636055639,3.9197610477292217,120.90871406179625,0.04772727272727273,0.1,0.8108108108108109,0.9
354,median_mad,82.41037398779784,4.541993623967369,123.26917675634067,0.0022727272727272726,0.4,0.9836065573770492,0.6
355,mean_std,78.11273873800135,4.07576119410054,119.15992999160997,0.04772727272727273,0.14,0.8037383177570093,0.86
355,median_std,77.9643086067995,3.987329332070482,119.79007769147523,0.05,0.11,0.8018018018018018,0.89
355,quantile_99,76.98429031076884,3.9049141663778326,114.27969014331613,0.09772727272727273,0.05,0.6884057971014492,0.95
355,median_mad,78.60943158707715,4.2359348902074,126.63225140017266,0.015909090909090907,0.27,0.9125,0.73
356,mean_std,79.38589158161386,4.2852195806524795,122.79215638751091,0.013636363636363636,0.3,0.9210526315789473,0.7
356,median_std,79.49403572347339,4.318786235757517,123.23297555201216,0.011363636363636364,0.32,0.9315068493150684,0.68
356,quantile_99,77.27970044167253,4.038006843762932,118.88237877250752,0.05,0.1,0.8035714285714286,0.9
356,median_mad,80.21436549666066,4.495766573193803,126.07616924425142,0.0,0.4,1.0,0.6
357,mean_std,79.24379377308927,4.148008242773381,120.24037448823661,0.025,0.2,0.8791208791208791,0.8
357,median_std,78.9706475158246,4.182228897532173,120.82594715210574,0.022727272727272728,0.21,0.8876404494382022,0.79
357,quantile_99,77.0874160478421,3.878958009273105,114.37752505485253,0.10454545454545454,0.06,0.6714285714285714,0.94
357,median_mad,78.88471752069673,4.658394728012441,128.49558892895988,0.006818181818181818,0.36,0.9552238805970149,0.64
358,mean_std,80.0205700656764,4.250737599962815,120.8522832082863,0.013636363636363636,0.3,0.9210526315789473,0.7
358,median_std,79.4222375830847,4.277429213133855,120.99587309563073,0.013636363636363636,0.28,0.9230769230769231,0.72
358,quantile_99,78.2339392458793,4.124899529699766,116.63799219778275,0.056818181818181816,0.15,0.7727272727272727,0.85
358,median_mad,80.69055380095027,4.80981940115539,123.5217502251411,0.004545454545454545,0.39,0.9682539682539683,0.61
359,mean_std,77.64021779329461,4.10053433632385,119.09621724722362,0.04772727272727273,0.12,0.8073394495412844,0.88
359,median_std,77.64000242587377,4.074032029895251,118.96091260389142,0.05,0.12,0.8,0.88
359,quantile_99,75.83046504942052,3.8736538270438583,121.16221837159492,0.10454545454545454,0.08,0.6666666666666666,0.92
359,median_mad,76.79441770590434,4.366591868656538,123.6477778751078,0.04090909090909091,0.21,0.8144329896907216,0.79
360,mean_std,80.96790594459551,4.181207670728472,119.70204856065914,0.020454545454545454,0.23,0.8953488372093024,0.77
360,median_std,81.21778320303738,4.1616433572993845,118.70705078241694,0.025,0.23,0.875,0.77
360,quantile_99,78.79226709763422,4.054946058227935,121.11092793623885,0.025,0.2,0.8791208791208791,0.8
360,median_mad,80.49368564769777,4.362459079299388,122.35221388696536,0.006818181818181818,0.34,0.9565217391304348,0.66
361,mean_std,78.36899487929318,3.8798010403177474,117.87160878030502,0.07272727272727272,0.13,0.7310924369747899,0.87
361,median_std,78.62966587605912,3.8569349195668017,117.81284765204691,0.07272727272727272,0.13,0.7310924369747899,0.87
361,quantile_99,77.99217228054515,4.054705921510839,115.450491757516,0.07045454545454545,0.1,0.743801652892562,0.9
361,median_mad,79.6085768469122,3.8479685814292877,119.19218307230462,0.05909090909090909,0.17,0.7614678899082569,0.83
362,mean_std,80.9062093961826,4.248900959220179,119.34094739019353,0.020454545454545454,0.27,0.8902439024390244,0.73
362,median_std,80.49920991486864,4.279340336824496,118.873203072061,0.025,0.26,0.8705882352941177,0.74
362,quantile_99,79.16641681690659,3.995351236589576,114.18280458026412,0.0659090909090909,0.08,0.7603305785123967,0.92
362,median_mad,79.81598569888062,4.517962737537148,121.61141826515401,0.00909090909090909,0.32,0.9444444444444444,0.68
363,mean_std,79.02570229335505,4.271238056418349,124.65733496050092,0.006818181818181818,0.28,0.96,0.72
363,median_std,79.06492470335921,4.237846513170512,126.18698075356075,0.006818181818181818,0.29,0.9594594594594594,0.71
363,quantile_99,76.52075254644653,4.070335571178606,119.80241601253374,0.06136363636363636,0.11,0.7672413793103449,0.89
363,median_mad,81.72557637083001,4.56829895612811,129.13335255672763,0.0,0.47,1.0,0.53
364,mean_std,80.16648810795553,4.420894165833476,116.88726351234624,0.03409090909090909,0.26,0.8314606741573034,0.74
364,median_std,80.10537570823689,4.347222994200178,117.23522703170302,0.031818181818181815,0.26,0.8409090909090909,0.74
364,quantile_99,78.99348509893278,4.274894488820981,111.2816855439935,0.1,0.1,0.6716417910447762,0.9
364,median_mad,82.19995722235485,4.623259686333176,117.24798136715256,0.031818181818181815,0.3,0.8333333333333334,0.7
365,mean_std,80.09326429973746,4.062763182105283,124.73381950388982,0.013636363636363636,0.28,0.9230769230769231,0.72
365,median_std,79.73038594717833,4.053750071308821,123.85854264645135,0.015909090909090907,0.25,0.9146341463414634,0.75
365,quantile_99,79.37165218310308,3.977462537387974,122.32758219213065,0.025,0.18,0.8817204301075269,0.82
365,median_mad,79.53016850841098,4.396988617064416,128.58463598826324,0.004545454545454545,0.37,0.9692307692307692,0.63
366,mean_std,78.81245865146914,4.125087322615481,120.93396440105928,0.020454545454545454,0.2,0.898876404494382,0.8
366,median_std,79.62242452987915,4.09922254636452,120.31287518746942,0.025,0.21,0.8777777777777778,0.79
366,quantile_99,75.20376439180922,4.005202166536234,119.72785037405944,0.1,0.07,0.6788321167883211,0.93
366,median_mad,78.74335661346882,4.094916984529241,124.34775832151453,0.020454545454545454,0.24,0.8941176470588236,0.76
367,mean_std,80.46255158037968,4.415654944085419,121.81621463448208,0.006818181818181818,0.35,0.9558823529411765,0.65
367,median_std,81.0192792424188,4.481175250505574,122.74957226667313,0.004545454545454545,0.38,0.96875,0.62
367,quantile_99,78.90344044677242,4.094254452419688,115.9136675555105,0.05454545454545454,0.15,0.7798165137614679,0.85
367,median_mad,82.4990462059852,4.98720451776425,127.67488660874243,0.0,0.54,1.0,0.46
368,mean_std,79.70538867055016,3.9539217047610085,116.47691159318023,0.0659090909090909,0.15,0.7456140350877193,0.85
368,median_std,79.55208132631543,3.964613854627576,117.0305699812896,0.056818181818181816,0.17,0.7685185185185185,0.83
368,quantile_99,77.88926980735836,3.865587322325913,112.3278839924027,0.125,0.06,0.6308724832214765,0.94
368,median_mad,82.49865405622752,4.413242863819103,123.64153388533092,0.004545454545454545,0.38,0.96875,0.62
369,mean_std,79.61679533033234,4.2184403506223624,121.58382139286269,0.015909090909090907,0.27,0.9125,0.73
369,median_std,79.65505105864017,4.224749480330566,120.3419218142619,0.020454545454545454,0.24,0.8941176470588236,0.76
369,quantile_99,77.6292674600674,3.9279389118568226,117.01329535319663,0.06818181818181818,0.1,0.75,0.9
369,median_mad,80.85334720009219,4.599657338643329,126.70017867076464,0.0,0.42,1.0,0.58
370,mean_std,79.36155921831187,4.276010467697694,122.13394217620252,0.015909090909090907,0.29,0.9102564102564102,0.71
370,median_std,79.6293338726612,4.258421549444877,122.10592880981352,0.015909090909090907,0.31,0.9078947368421053,0.69
370,quantile_99,77.19807006398791,3.970790592470882,118.39041843350763,0.0659090909090909,0.09,0.7583333333333333,0.91
370,median_mad,81.88085171992182,4.524038724937981,130.94649813580165,0.0,0.48,1.0,0.52
371,mean_std,78.22026806755406,4.216792438811092,122.70096092871324,0.025,0.23,0.875,0.77
371,median_std,78.20138078242859,4.215300534413918,122.73910063474564,0.02727272727272727,0.23,0.8651685393258427,0.77
371,quantile_99,77.32204061742108,3.9286562948527464,119.40799422300111,0.056818181818181816,0.09,0.7844827586206896,0.91
371,median_mad,80.69581773145956,4.452976671766804,128.03045138397673,0.0,0.41,1.0,0.59
372,mean_std,80.88285267124614,3.9974567225450386,122.46418717698702,0.022727272727272728,0.22,0.8863636363636364,0.78
372,median_std,81.16144371629669,3.98324082877629,122.65292537860405,0.02727272727272727,0.22,0.8666666666666667,0.78
372,quantile_99,78.99348509893278,3.824078682637027,119.9813546838581,0.0659090909090909,0.14,0.7478260869565218,0.86
372,median_mad,83.13236837057102,4.251584996672768,127.40364339814505,0.004545454545454545,0.4,0.967741935483871,0.6
373,mean_std,77.42857691275728,4.381472906249259,119.06800724287358,0.045454545454545456,0.18,0.803921568627451,0.82
373,median_std,77.35630202850032,4.42798813538121,118.68602726465602,0.045454545454545456,0.17,0.8058252427184466,0.83
373,quantile_99,77.28075672800206,4.058152258503224,113.55416012400146,0.09090909090909091,0.06,0.7014925373134329,0.94
373,median_mad,77.25605726180521,4.918541356777169,126.83930242893955,0.022727272727272728,0.28,0.8780487804878049,0.72
374,mean_std,80.20559379296296,4.224453398404966,123.83792124595524,0.00909090909090909,0.3,0.9459459459459459,0.7
374,median_std,80.22942225051554,4.224752799930361,122.50493740215683,0.00909090909090909,0.3,0.9459459459459459,0.7
374,quantile_99,78.09814038060584,3.9110657177308794,118.69543878871396,0.056818181818181816,0.11,0.7807017543859649,0.89
374,median_mad,79.26994413177754,4.372656190777216,124.70903086904003,0.006818181818181818,0.32,0.9577464788732394,0.68
375,mean_std,79.02828527173392,4.197245753445305,121.40122903127744,0.013636363636363636,0.23,0.927710843373494,0.77
375,median_std,78.43478552964959,4.236492211720995,121.33584782750705,0.022727272727272728,0.21,0.8876404494382022,0.79
375,quantile_99,78.6821740975398,3.926231146764293,118.66581612189584,0.05,0.13,0.7981651376146789,0.87
375,median_mad,79.81536065448739,4.723629334286407,125.18404620576548,0.0022727272727272726,0.4,0.9836065573770492,0.6
376,mean_std,79.54406097305134,4.155194038093739,119.4674805546093,0.025,0.21,0.8777777777777778,0.79
376,median_std,79.47953191525923,4.150469050870021,120.34588740943236,0.022727272727272728,0.21,0.8876404494382022,0.79
376,quantile_99,78.56141479950881,3.890275957894108,116.4532590666366,0.075,0.12,0.7272727272727273,0.88
376,median_mad,79.18087901023293,4.224716291487736,125.18072923835516,0.00909090909090909,0.29,0.9466666666666667,0.71
377,mean_std,81.07180174172326,4.3032232781688045,120.64598133530126,0.013636363636363636,0.32,0.918918918918919,0.68
377,median_std,81.57303684627665,4.279395171514768,120.19920831707311,0.01818181818181818,0.29,0.8987341772151899,0.71
377,quantile_99,78.33569860697447,3.9404078919560064,116.34696680979931,0.06818181818181818,0.12,0.7457627118644068,0.88
377,median_mad,82.08732575894913,4.86639949528117,125.86266855871344,0.0,0.52,1.0,0.48
378,mean_std,79.67861076889531,4.127730705740848,121.09205231775675,0.01818181818181818,0.23,0.9058823529411765,0.77
378,median_std,79.94555927108148,4.113463942397183,120.97737819057647,0.01818181818181818,0.24,0.9047619047619048,0.76
378,quantile_99,77.05683413588663,4.077490794856037,117.35066284818163,0.06363636363636363,0.11,0.7606837606837606,0.89
378,median_mad,80.44102117820229,4.293696542802834,125.83005098232806,0.0022727272727272726,0.36,0.9846153846153847,0.64
379,mean_std,78.87414352193663,4.2874360095619,122.98793064350687,0.015909090909090907,0.27,0.9125,0.73
379,median_std,78.61960866406162,4.2896051691613595,122.68400562240463,0.020454545454545454,0.25,0.8928571428571429,0.75
379,quantile_99,77.34741839513305,4.020386630228485,119.12023515287552,0.04772727272727273,0.09,0.8125,0.91
379,median_mad,78.91464289961576,4.7692162168854075,124.74686950723543,0.006818181818181818,0.34,0.9565217391304348,0.66
380,mean_std,79.5341852488261,4.3208999025917105,119.84383314352638,0.020454545454545454,0.27,0.8902439024390244,0.73
380,median_std,79.85440427990959,4.305749028796761,119.95044406249323,0.020454545454545454,0.26,0.891566265060241,0.74
380,quantile_99,77.20397761796613,4.110179153974799,114.84488147880425,0.07272727272727272,0.07,0.744,0.93
380,median_mad,80.95342209459544,4.956774294147654,123.65532333875925,0.004545454545454545,0.42,0.9666666666666667,0.58
381,mean_std,79.81424662607918,4.278055459348076,120.15033743516419,0.01818181818181818,0.26,0.9024390243902439,0.74
381,median_std,79.82528496056614,4.269698932818596,120.5559858469936,0.013636363636363636,0.28,0.9230769230769231,0.72
381,quantile_99,80.10587662939002,4.123445267165604,113.85402714910184,0.06136363636363636,0.11,0.7672413793103449,0.89
381,median_mad,79.6920900267712,4.595977355146393,123.14822131368912,0.004545454545454545,0.35,0.9701492537313433,0.65
382,mean_std,78.14506743944668,4.015367190342319,121.50748413340852,0.03636363636363636,0.15,0.8415841584158416,0.85
382,median_std,77.6964665132947,4.031786800336127,122.37091626500222,0.038636363636363635,0.16,0.8316831683168316,0.84
382,quantile_99,76.43681768704903,3.766656063787117,119.60170365611084,0.11136363636363636,0.08,0.6524822695035462,0.92
382,median_mad,81.22562617723804,4.249691082285606,122.10530523027876,0.011363636363636364,0.33,0.9305555555555556,0.67
383,mean_std,81.58453326406587,4.011913639587212,121.07886228914134,0.025,0.22,0.8764044943820225,0.78
383,median_std,82.06724870886359,4.027463038693378,119.99500326243557,0.029545454545454545,0.2,0.8602150537634409,0.8
383,quantile_99,77.84673366461475,3.7395484045115515,119.40911579316032,0.10454545454545454,0.09,0.6642335766423357,0.91
383,median_mad,83.73406563877649,4.362727056678586,122.70462955656225,0.006818181818181818,0.36,0.9552238805970149,0.64
384,mean_std,79.74537480740022,4.21529617526893,120.51274422122975,0.013636363636363636,0.24,0.926829268292683,0.76
384,median_std,80.5261852306447,4.129048582842864,118.96356372383134,0.020454545454545454,0.21,0.8977272727272727,0.79
384,quantile_99,78.50775952240984,4.350071130065174,121.26156659745892,0.015909090909090907,0.24,0.9156626506024096,0.76
384,median_mad,80.46773310876857,3.919476214898368,119.33709649082317,0.031818181818181815,0.18,0.8541666666666666,0.82
385,mean_std,79.5822719599058,4.189996103230445,121.69094974965549,0.013636363636363636,0.26,0.925,0.74
385,median_std,79.3935239865925,4.2207210002415945,120.90544478398826,0.015909090909090907,0.26,0.9135802469135802,0.74
385,quantile_99,78.7972261296666,4.191757656837542,119.65982666400161,0.022727272727272728,0.19,0.8901098901098901,0.81
385,median_mad,78.02052086239215,4.182883558046765,122.07500791831238,0.020454545454545454,0.19,0.9,0.81
386,mean_std,80.56866569310418,4.159736144989224,119.06036434435525,0.02727272727272727,0.22,0.8666666666666667,0.78
386,median_std,80.87981626321273,4.1255097579576026,119.13097019616305,0.02727272727272727,0.21,0.8681318681318682,0.79
386,quantile_99,78.17195032978107,4.094254452419688,116.76461103719096,0.06363636363636363,0.15,0.7522123893805309,0.85
386,median_mad,80.63377099571551,4.49721154452658,122.95083243604635,0.004545454545454545,0.37,0.9692307692307692,0.63
387,mean_std,80.30582367915521,4.001457210541583,119.28865491259374,0.031818181818181815,0.19,0.8526315789473684,0.81
387,median_std,80.14012993840514,4.047437128808099,119.23094150221397,0.031818181818181815,0.21,0.8494623655913979,0.79
387,quantile_99,78.0374202121277,3.811691593547592,117.63555921727644,0.09318181818181819,0.11,0.6846153846153846,0.89
387,median_mad,79.29120956895517,4.49240234852787,118.1358814625516,0.031818181818181815,0.25,0.8426966292134831,0.75
388,mean_std,79.62901147021009,4.138648364705433,122.43592685020886,0.013636363636363636,0.26,0.925,0.74
388,median_std,79.49265589713826,4.092566557951262,123.232577011946,0.01818181818181818,0.24,0.9047619047619048,0.76
388,quantile_99,76.81244057332036,4.070335571178606,118.32983553073392,0.06818181818181818,0.11,0.7478991596638656,0.89
388,median_mad,82.63607738497609,4.137491123835588,130.6848680058848,0.006818181818181818,0.35,0.9558823529411765,0.65
389,mean_std,80.88869362633295,4.257623734572407,123.42793860674522,0.006818181818181818,0.32,0.9577464788732394,0.68
389,median_std,80.44304810537639,4.287523950991492,123.1527080362428,0.006818181818181818,0.33,0.9571428571428572,0.67
389,quantile_99,79.37165218310308,4.030385414109241,121.96632860121825,0.01818181818181818,0.21,0.9080459770114943,0.79
389,median_mad,81.8945934529477,4.689833677542116,121.75146455527707,0.004545454545454545,0.39,0.9682539682539683,0.61
390,mean_std,78.41697667956862,4.231608583247269,120.76420807583149,0.022727272727272728,0.21,0.8876404494382022,0.79
390,median_std,78.26041625981992,4.212734228584309,119.65016560138002,0.031818181818181815,0.18,0.8541666666666666,0.82
390,quantile_99,77.55276215491703,4.0977101738756145,119.50526788434047,0.04318181818181818,0.12,0.822429906542056,0.88
390,median_mad,77.89958806359401,4.6047220823060195,120.83035306767187,0.025,0.23,0.875,0.77
391,mean_std,78.63071895368867,4.145307232053284,123.96103227450759,0.01818181818181818,0.21,0.9080459770114943,0.79
391,median_std,78.83810126598775,4.124982138774431,124.07633994063798,0.015909090909090907,0.22,0.9176470588235294,0.78
391,quantile_99,78.80391034330513,3.757980071629872,121.16221837159492,0.07727272727272727,0.11,0.7235772357723578,0.89
391,median_mad,79.44614134269845,4.508081040282467,129.3361149631568,0.0022727272727272726,0.39,0.9838709677419355,0.61
392,mean_std,79.90727590721313,4.0105786938042565,121.45769283413105,0.020454545454545454,0.2,0.898876404494382,0.8
392,median_std,80.26670873825299,4.039563719764996,121.39455658476228,0.01818181818181818,0.23,0.9058823529411765,0.77
392,quantile_99,77.32407950800187,3.8611806336546124,118.19834559164094,0.08409090909090909,0.09,0.7109375,0.91
392,median_mad,80.5318120351477,4.270094480522934,124.79171469704406,0.004545454545454545,0.34,0.9705882352941176,0.66
393,mean_std,79.19908026516748,4.254611709681153,120.06291007598041,0.022727272727272728,0.24,0.8837209302325582,0.76
393,median_std,78.64517194494582,4.308754107416341,119.58745587238525,0.031818181818181815,0.2,0.851063829787234,0.8
393,quantile_99,77.77741786483674,4.006146181607305,115.23443892000309,0.07045454545454545,0.09,0.7459016393442623,0.91
393,median_mad,78.79098895088089,4.547153518520979,126.10376830924115,0.00909090909090909,0.35,0.9420289855072463,0.65
394,mean_std,77.80560648099636,4.084020894218426,122.00849897117868,0.03636363636363636,0.18,0.8367346938775511,0.82
394,median_std,78.0013698550419,4.072613471015883,122.15957019836186,0.03409090909090909,0.18,0.845360824742268,0.82
394,quantile_99,74.8805705953471,3.979561569342974,116.81963601678204,0.1340909090909091,0.06,0.6143790849673203,0.94
394,median_mad,78.93791360807543,4.447160304467471,129.78173426201823,0.006818181818181818,0.34,0.9565217391304348,0.66
395,mean_std,79.31124104201642,4.193173538573706,119.45068476047496,0.022727272727272728,0.2,0.8888888888888888,0.8
395,median_std,78.97594995221955,4.188854361323569,118.85557767998046,0.02727272727272727,0.19,0.8709677419354839,0.81
395,quantile_99,78.7972261296666,4.0726581349368525,120.23157694238124,0.02727272727272727,0.18,0.8723404255319149,0.82
395,median_mad,79.89096566097395,4.635476158414454,118.73732905631145,0.022727272727272728,0.28,0.8780487804878049,0.72
396,mean_std,79.24578521311741,4.266089546497034,121.0948411047072,0.015909090909090907,0.26,0.9135802469135802,0.74
396,median_std,79.20689676750001,4.248983137642327,119.406566060938,0.020454545454545454,0.23,0.8953488372093024,0.77
396,quantile_99,79.43722018984289,4.004315635319461,118.32983553073392,0.04090909090909091,0.17,0.8217821782178217,0.83
396,median_mad,79.06373775703685,4.676484123895236,124.60102583514367,0.0022727272727272726,0.34,0.9850746268656716,0.66
397,mean_std,79.01887040370907,4.1459368682368805,120.69166477334794,0.020454545454545454,0.21,0.8977272727272727,0.79
397,median_std,78.46426483386642,4.10443936926791,121.16434059626935,0.029545454545454545,0.18,0.8631578947368421,0.82
397,quantile_99,78.2820433298755,3.9616299067653515,118.56658244540161,0.05,0.13,0.7981651376146789,0.87
397,median_mad,79.55149461912384,4.473376449834193,125.504451444928,0.004545454545454545,0.38,0.96875,0.62
398,mean_std,79.88373685783365,4.095792655270298,122.0692842085326,0.01818181818181818,0.25,0.9036144578313253,0.75
398,median_std,80.47979151603263,4.076100169289447,122.03477885264472,0.020454545454545454,0.26,0.891566265060241,0.74
398,quantile_99,77.29239997367296,3.9038265416745914,121.26156659745892,0.05227272727272727,0.09,0.7982456140350878,0.91
398,median_mad,81.19658933092282,4.326988386300476,123.13310552914385,0.006818181818181818,0.35,0.9558823529411765,0.65
399,mean_std,79.92796504162374,4.236462609344689,122.01252668723103,0.013636363636363636,0.29,0.922077922077922,0.71
399,median_std,79.69677133038516,4.203027681703704,121.64965634152219,0.013636363636363636,0.27,0.9240506329113924,0.73
399,quantile_99,76.8347362694504,4.0726581349368525,120.10543022443264,0.056818181818181816,0.12,0.7787610619469026,0.88
399,median_mad,81.50678189420802,4.312706379430285,127.36986148791323,0.0022727272727272726,0.39,0.9838709677419355,0.61
400,mean_std,78.095144649488,4.236861419504244,120.14635940037269,0.03409090909090909,0.17,0.8469387755102041,0.83
400,median_std,78.05640044778833,4.260433361833897,120.13100813455834,0.03409090909090909,0.18,0.845360824742268,0.82
400,quantile_99,78.6938173432107,3.8239716992519246,117.5921617358009,0.08409090909090909,0.13,0.7016129032258065,0.87
400,median_mad,77.79414245574789,4.680655244351196,126.53646263282403,0.01818181818181818,0.32,0.8947368421052632,0.68
401,mean_std,79.51982371159936,4.216172815240961,118.99183068459926,0.02727272727272727,0.22,0.8666666666666667,0.78
401,median_std,78.85496759598803,4.274646536429769,120.05653375509549,0.022727272727272728,0.22,0.8863636363636364,0.78
401,quantile_99,77.61872965457557,3.843108166838747,116.7430577686962,0.09772727272727273,0.1,0.6766917293233082,0.9
401,median_mad,78.42809477389646,4.60301234641508,120.26996155522,0.022727272727272728,0.23,0.8850574712643678,0.77
402,mean_std,81.27762331894134,4.205054450950055,118.36394703716041,0.031818181818181815,0.25,0.8426966292134831,0.75
402,median_std,82.27202228345291,4.264486917589648,119.32553866105134,0.020454545454545454,0.28,0.8888888888888888,0.72
402,quantile_99,76.95821794157345,3.8977310621450334,112.22469555990322,0.1318181818181818,0.05,0.6209150326797386,0.95
402,median_mad,83.82226030536967,4.702505602899558,126.94824367521473,0.0,0.51,1.0,0.49
403,mean_std,79.81797865952211,4.438017771744813,121.08515676845968,0.011363636363636364,0.32,0.9315068493150684,0.68
403,median_std,80.59670022944069,4.461941444524834,122.41132346485406,0.0022727272727272726,0.37,0.984375,0.63
403,quantile_99,76.53810558279054,4.18920263609352,118.5925297482006,0.05909090909090909,0.13,0.7699115044247787,0.87
403,median_mad,83.03848676514941,4.667135179777441,124.97300699686326,0.0,0.46,1.0,0.54
404,mean_std,78.52628370814087,3.9439666900652166,117.10437411576824,0.06136363636363636,0.13,0.7631578947368421,0.87
404,median_std,78.56946216333174,3.9514419447410223,116.87778685700638,0.06363636363636363,0.13,0.7565217391304347,0.87
404,quantile_99,78.01924925443514,3.8475033820690716,114.2161723822222,0.1,0.06,0.6811594202898551,0.94
404,median_mad,80.53329159711897,4.303456121594987,118.7285054075941,0.02727272727272727,0.27,0.8588235294117647,0.73
405,mean_std,80.64245831249917,4.447348300886362,125.17454444738337,0.0,0.4,1.0,0.6
405,median_std,80.39828193012485,4.4147142087506,124.4168138415148,0.0,0.38,1.0,0.62
405,quantile_99,79.17806006257749,3.9930906319601784,122.13996823320066,0.022727272727272728,0.19,0.8901098901098901,0.81
405,median_mad,82.37689997006214,4.9113820008009,126.19053169828288,0.0,0.53,1.0,0.47
406,mean_std,81.2243007323058,4.3421805026045766,120.03460526519473,0.015909090909090907,0.29,0.9102564102564102,0.71
406,median_std,81.46485307102313,4.305540800551474,120.08635844129346,0.01818181818181818,0.3,0.8974358974358975,0.7
406,quantile_99,80.10587662939002,4.054946058227935,116.67506679861798,0.05227272727272727,0.21,0.7745098039215687,0.79
406,median_mad,83.97649434120527,4.617675878927319,126.78214418336007,0.0,0.5,1.0,0.5
407,mean_std,78.0504843045249,4.104461922178581,122.76604485133693,0.02727272727272727,0.18,0.8723404255319149,0.82
407,median_std,77.99157107965104,4.094102218581627,122.88093802095916,0.02727272727272727,0.18,0.8723404255319149,0.82
407,quantile_99,76.58849682455266,3.913563692767656,124.20051347231971,0.06136363636363636,0.11,0.7672413793103449,0.89
407,median_mad,80.90690992963235,4.374708314698346,124.78950403578159,0.0022727272727272726,0.37,0.984375,0.63
408,mean_std,79.09070077637628,4.191772080615342,119.3744522483001,0.022727272727272728,0.2,0.8888888888888888,0.8
408,median_std,79.70040044045562,4.184050010079234,118.85120157555939,0.02727272727272727,0.21,0.8681318681318682,0.79
408,quantile_99,77.30436907921039,3.9025192542305827,116.35171742048213,0.08863636363636364,0.08,0.7022900763358778,0.92
408,median_mad,80.33394262045674,4.895258924416841,122.17989124166758,0.006818181818181818,0.39,0.953125,0.61
409,mean_std,79.87476481889318,4.069077349729621,119.51035649811338,0.02727272727272727,0.2,0.8695652173913043,0.8
409,median_std,79.94109906445573,4.027967532054359,118.75065802651388,0.031818181818181815,0.19,0.8526315789473684,0.81
409,quantile_99,78.02379992501173,4.092478929529775,118.39557853739542,0.04772727272727273,0.13,0.8055555555555556,0.87
409,median_mad,81.11290799024346,4.124875588327974,122.5080928104459,0.013636363636363636,0.27,0.9240506329113924,0.73
410,mean_std,79.61138665940678,4.231066256694714,122.38848553642673,0.006818181818181818,0.29,0.9594594594594594,0.71
410,median_std,79.3046648423356,4.206721786409338,122.47147355991947,0.006818181818181818,0.26,0.961038961038961,0.74
410,quantile_99,79.36000893743217,4.251767935171409,121.33585800357733,0.00909090909090909,0.27,0.948051948051948,0.73
410,median_mad,79.63232919390593,4.292190126661454,122.0790597013646,0.00909090909090909,0.32,0.9444444444444444,0.68
411,mean_std,79.51565106441646,4.178211034897221,122.00837362960151,0.013636363636363636,0.25,0.9259259259259259,0.75
411,median_std,79.71844178927638,4.189781351780904,122.24916721562734,0.011363636363636364,0.27,0.9358974358974359,0.73
411,quantile_99,77.48093313332234,4.040797472781226,123.05245700995958,0.031818181818181815,0.15,0.8585858585858586,0.85
411,median_mad,83.85151434597648,4.72171459195466,123.6594350073971,0.0022727272727272726,0.44,0.9824561403508771,0.56
412,mean_std,79.1864876715608,4.191425731745093,121.37370864609697,0.015909090909090907,0.23,0.9166666666666666,0.77
412,median_std,79.0244081213588,4.154636816264091,121.4079110351687,0.01818181818181818,0.21,0.9080459770114943,0.79
412,quantile_99,76.87478740267998,3.891161997525095,119.9813546838581,0.07272727272727272,0.09,0.7398373983739838,0.91
412,median_mad,80.35388816006663,4.806007120863407,126.98265445050052,0.0,0.44,1.0,0.56
413,mean_std,78.68835372180078,4.298718516902052,121.47231441587607,0.01818181818181818,0.24,0.9047619047619048,0.76
413,median_std,79.00289883698812,4.308895307125936,121.22990326540557,0.013636363636363636,0.25,0.9259259259259259,0.75
413,quantile_99,75.12726838464187,4.274894488820981,115.2773739969723,0.12272727272727273,0.11,0.6223776223776224,0.89
413,median_mad,80.62253065891225,4.50000526941165,127.63033656791873,0.0,0.41,1.0,0.59
414,mean_std,79.19837347862199,4.386507548968945,119.54520384160767,0.01818181818181818,0.25,0.9036144578313253,0.75
414,median_std,78.7405499118576,4.332715277424908,120.30568337940797,0.020454545454545454,0.23,0.8953488372093024,0.77
414,quantile_99,79.26543786599724,4.274894488820981,113.08977070376368,0.06818181818181818,0.12,0.7457627118644068,0.88
414,median_mad,80.11415629743587,4.623044314813981,127.43554104546405,0.0,0.42,1.0,0.58
415,mean_std,78.8270326955997,4.261119952898323,120.22147835541263,0.020454545454545454,0.22,0.896551724137931,0.78
415,median_std,78.43531394862858,4.205350423664803,120.31991046788863,0.025,0.19,0.8804347826086957,0.81
415,quantile_99,78.47161808550315,4.124339591685401,120.78546491348143,0.022727272727272728,0.18,0.8913043478260869,0.82
415,median_mad,80.56676326102613,4.502105851115849,123.1644107716211,0.004545454545454545,0.37,0.9692307692307692,0.63
416,mean_std,80.48935369995453,4.036710928239915,118.75414886254632,0.03636363636363636,0.19,0.8350515463917526,0.81
416,median_std,80.3781717740953,4.034813553779801,119.09751692128839,0.03409090909090909,0.19,0.84375,0.81
416,quantile_99,79.44886343551379,3.8109855559299177,116.25203332096089,0.09318181818181819,0.13,0.6796875,0.87
416,median_mad,82.21963331945815,4.338328170684793,119.37320765883364,0.01818181818181818,0.3,0.8974358974358975,0.7
417,mean_std,80.5895535835096,4.346516723829183,122.21023298052813,0.006818181818181818,0.34,0.9565217391304348,0.66
417,median_std,80.82846044390611,4.330570029203537,120.62361653681332,0.00909090909090909,0.32,0.9444444444444444,0.68
417,quantile_99,79.36000893743217,4.108268596776377,121.33585800357733,0.015909090909090907,0.21,0.9186046511627907,0.79
417,median_mad,83.22903229854214,4.475467764366799,124.60539470200519,0.0,0.43,1.0,0.57
418,mean_std,79.24812935624385,4.262671466648273,122.55741359638402,0.011363636363636364,0.28,0.935064935064935,0.72
418,median_std,79.84720631307925,4.256103898942918,121.0484475781126,0.013636363636363636,0.29,0.922077922077922,0.71
418,quantile_99,75.32268961730522,4.191757656837542,120.78546491348143,0.08863636363636364,0.12,0.6929133858267716,0.88
418,median_mad,78.63103277721274,4.399028243232005,121.80077601968989,0.020454545454545454,0.26,0.891566265060241,0.74
419,mean_std,78.9918220263257,4.132249559408336,121.0318132022384,0.020454545454545454,0.2,0.898876404494382,0.8
419,median_std,78.76209021473124,4.132634410852806,120.74368388400345,0.025,0.2,0.8791208791208791,0.8
419,quantile_99,78.20823338070026,4.039156390981333,119.46040622851639,0.038636363636363635,0.14,0.8349514563106796,0.86
419,median_mad,79.88844974146224,4.373578752182397,125.67613755597405,0.006818181818181818,0.36,0.9552238805970149,0.64
420,mean_std,80.21023154804334,4.457031493010034,122.20556773745723,0.0022727272727272726,0.36,0.9846153846153847,0.64
420,median_std,80.32901903822054,4.401585084377937,122.14289272913324,0.004545454545454545,0.34,0.9705882352941176,0.66
420,quantile_99,78.47161808550315,4.191757656837542,124.20051347231971,0.013636363636363636,0.22,0.9285714285714286,0.78
420,median_mad,80.45224918285396,4.6811416060194695,128.58968941431604,0.0,0.43,1.0,0.57
421,mean_std,79.2676223036524,4.233207933923366,118.54985603303732,0.031818181818181815,0.21,0.8494623655913979,0.79
421,median_std,78.76212071403918,4.246084088199305,119.15691239498327,0.031818181818181815,0.21,0.8494623655913979,0.79
421,quantile_99,78.37322940475646,4.000526933612731,112.8635281428617,0.08636363636363636,0.07,0.7099236641221374,0.93
421,median_mad,79.02946764921067,4.380386768408635,122.6275092950377,0.011363636363636364,0.28,0.935064935064935,0.72
422,mean_std,81.12038204801561,4.359793143585621,120.84399933664815,0.00909090909090909,0.33,0.9436619718309859,0.67
422,median_std,81.86654975198034,4.410205164724804,120.79251145224293,0.006818181818181818,0.35,0.9558823529411765,0.65
422,quantile_99,77.04355298801262,4.124899529699766,120.43379081682384,0.04318181818181818,0.12,0.822429906542056,0.88
422,median_mad,83.38010320272969,4.61775776085287,125.0439883794491,0.0,0.47,1.0,0.53
423,mean_std,80.70033148486374,3.9456530167478,120.73191395445116,0.031818181818181815,0.18,0.8541666666666666,0.82
423,median_std,80.94725068372733,3.975353418588032,121.09479701773685,0.031818181818181815,0.2,0.851063829787234,0.8
423,quantile_99,79.02962653583945,3.6950487736204516,117.83061326858437,0.125,0.11,0.6180555555555556,0.89
423,median_mad,81.67658727707723,4.336117450230194,125.41204325043125,0.0022727272727272726,0.39,0.9838709677419355,0.61
424,mean_std,78.7837860541973,4.034274683966055,122.16661304546602,0.02727272727272727,0.2,0.8695652173913043,0.8
424,median_std,78.87773015279637,4.0911125610708154,122.6321015643203,0.022727272727272728,0.22,0.8863636363636364,0.78
424,quantile_99,76.25089189700932,3.8242869912061015,119.37641154102812,0.10681818181818181,0.09,0.6594202898550725,0.91
424,median_mad,81.70238907211123,4.257791182169428,126.65825277170079,0.004545454545454545,0.38,0.96875,0.62
425,mean_std,79.60952253325227,4.169574854414665,118.02298652174719,0.03636363636363636,0.21,0.8315789473684211,0.79
425,median_std,79.30128163655499,4.15147771884506,118.12965842373755,0.03636363636363636,0.19,0.8350515463917526,0.81
425,quantile_99,77.95900091672905,3.9895542014074836,117.7645834188415,0.06136363636363636,0.11,0.7672413793103449,0.89
425,median_mad,81.38819437670365,4.210566553595871,123.04773725709487,0.00909090909090909,0.31,0.9452054794520548,0.69
426,mean_std,80.51941917437077,4.369014060389408,120.72176621132246,0.006818181818181818,0.32,0.9577464788732394,0.68
426,median_std,80.47328856721728,4.383070034629055,121.40160909327827,0.004545454545454545,0.32,0.9714285714285714,0.68
426,quantile_99,79.36000893743217,4.251767935171409,122.11234334885636,0.00909090909090909,0.29,0.9466666666666667,0.71
426,median_mad,78.54147264322741,4.7147596173740745,122.58707793160286,0.00909090909090909,0.29,0.9466666666666667,0.71
427,mean_std,80.50616587681972,4.30522010366019,120.9970334276843,0.013636363636363636,0.31,0.92,0.69
427,median_std,80.96857915053148,4.234230009034139,119.91786108473138,0.01818181818181818,0.25,0.9036144578313253,0.75
427,quantile_99,78.3033021552745,4.159682957612302,118.79187456048433,0.03409090909090909,0.16,0.8484848484848485,0.84
427,median_mad,79.64305256991679,4.539161116117464,126.12133786020216,0.0022727272727272726,0.4,0.9836065573770492,0.6
428,mean_std,77.18445011397225,4.1712216676045015,119.57742382360628,0.045454545454545456,0.12,0.8148148148148148,0.88
428,median_std,76.87189988356909,4.172291652082956,121.06948839863686,0.04772727272727273,0.14,0.8037383177570093,0.86
428,quantile_99,77.40732105540603,3.9404078919560064,114.94045366723597,0.08409090909090909,0.07,0.7153846153846154,0.93
428,median_mad,76.80171788831865,4.4420752193052495,125.31353267802048,0.03409090909090909,0.23,0.8369565217391305,0.77
429,mean_std,79.27734022540437,4.150258826565869,117.77167595598716,0.03636363636363636,0.19,0.8350515463917526,0.81
429,median_std,78.94880712273797,4.073416368959559,117.66253241686618,0.04318181818181818,0.17,0.8137254901960784,0.83
429,quantile_99,77.77226725004518,4.123018311182777,118.57441251446801,0.04318181818181818,0.13,0.8207547169811321,0.87
429,median_mad,79.27843709409514,4.0916411067216565,117.57218016477081,0.04090909090909091,0.18,0.82,0.82
430,mean_std,80.1814936155225,4.240467281192039,120.13746259579443,0.01818181818181818,0.25,0.9036144578313253,0.75
430,median_std,80.1603954666761,4.276836689212463,120.64185636639704,0.013636363636363636,0.3,0.9210526315789473,0.7
430,quantile_99,77.71926843834053,4.032387595768356,115.30470609805337,0.07045454545454545,0.09,0.7459016393442623,0.91
430,median_mad,81.63277264102935,4.579603991656102,122.79680722212524,0.004545454545454545,0.39,0.9682539682539683,0.61
431,mean_std,79.34404992399148,4.26422374287888,119.75274745645939,0.025,0.23,0.875,0.77
431,median_std,79.4357489895067,4.315100889612497,120.03550881016449,0.020454545454545454,0.26,0.891566265060241,0.74
431,quantile_99,78.09814038060584,3.9625485967826846,113.91200554848699,0.08636363636363636,0.06,0.7121212121212122,0.94
431,median_mad,82.10984895845228,4.7180460702768,123.32654769029126,0.004545454545454545,0.42,0.9666666666666667,0.58
432,mean_std,79.37024105216273,4.057252743104546,120.4151507522927,0.031818181818181815,0.19,0.8526315789473684,0.81
432,median_std,79.10016182351315,4.102853734315937,119.30897958746544,0.031818181818181815,0.18,0.8541666666666666,0.82
432,quantile_99,78.22560560688004,3.8475033820690716,117.09545101651676,0.08409090909090909,0.13,0.7016129032258065,0.87
432,median_mad,79.0444087977821,4.295056576141142,129.45085874238356,0.00909090909090909,0.32,0.9444444444444444,0.68
433,mean_std,78.84996943816837,4.437268180517686,119.95331946709035,0.020454545454545454,0.23,0.8953488372093024,0.77
433,median_std,79.19337815110278,4.451951703193598,119.6939286821397,0.020454545454545454,0.25,0.8928571428571429,0.75
433,quantile_99,76.80353759904358,4.070335571178606,115.27806303438719,0.08636363636363636,0.08,0.7076923076923077,0.92
433,median_mad,80.30565058955958,5.148145149639099,125.12637775015664,0.0,0.48,1.0,0.52
434,mean_std,77.27852308240462,4.129157710615811,122.51430821770055,0.03409090909090909,0.15,0.85,0.85
434,median_std,77.92782112239945,4.026712924262994,121.48577004765022,0.031818181818181815,0.14,0.86,0.86
434,quantile_99,74.80859406298511,3.925715674109581,123.22609664194201,0.11363636363636363,0.08,0.647887323943662,0.92
434,median_mad,78.82359945743757,4.407970425522877,125.79832018576124,0.00909090909090909,0.33,0.9436619718309859,0.67
435,mean_std,81.11822376540583,4.34731966902503,119.15006206850798,0.01818181818181818,0.29,0.8987341772151899,0.71
435,median_std,81.54635263350502,4.319748499596542,120.76583169990205,0.00909090909090909,0.34,0.9428571428571428,0.66
435,quantile_99,78.6821740975398,4.274894488820981,111.69059665384593,0.09772727272727273,0.09,0.6791044776119403,0.91
435,median_mad,82.78258344097794,4.297694473100251,124.68046737573135,0.0022727272727272726,0.37,0.984375,0.63
436,mean_std,80.19398132698095,4.222551689360829,119.27557283767499,0.015909090909090907,0.24,0.9156626506024096,0.76
436,median_std,80.3567591267137,4.240225037251662,118.79492400771417,0.020454545454545454,0.24,0.8941176470588236,0.76
436,quantile_99,77.77741786483674,4.031824986535282,119.60170365611084,0.04090909090909091,0.11,0.8317757009345794,0.89
436,median_mad,78.87607089171436,4.821632522317891,119.01107811045296,0.025,0.24,0.8735632183908046,0.76
437,mean_std,79.51562752256129,4.163957750858117,119.98938570779728,0.022727272727272728,0.2,0.8888888888888888,0.8
437,median_std,79.5058598152518,4.150786849329216,120.0107073525796,0.022727272727272728,0.2,0.8888888888888888,0.8
437,quantile_99,78.20276337150953,3.995351236589576,116.96965219096668,0.05909090909090909,0.13,0.7699115044247787,0.87
437,median_mad,80.54723555654766,4.630461126362396,127.00671723640859,0.0,0.43,1.0,0.57
438,mean_std,79.74173634664253,4.170404912255813,120.10185285194228,0.022727272727272728,0.22,0.8863636363636364,0.78
438,median_std,79.78661101297502,4.215679202036172,120.13517326056572,0.020454545454545454,0.24,0.8941176470588236,0.76
438,quantile_99,77.77741786483674,3.8743033940067537,117.51702192151842,0.08409090909090909,0.11,0.7063492063492064,0.89
438,median_mad,80.13427061311074,4.806383022209809,118.68299721916384,0.020454545454545454,0.29,0.8875,0.71
439,mean_std,79.06657108918485,4.063553096482661,121.48253738914073,0.022727272727272728,0.2,0.8888888888888888,0.8
439,median_std,79.47235760581941,4.041552261907659,120.24982219194754,0.02727272727272727,0.19,0.8709677419354839,0.81
439,quantile_99,78.24211688857893,3.969334822387906,120.12682338659678,0.04318181818181818,0.14,0.819047619047619,0.86
439,median_mad,82.01769830914732,4.35731225319912,125.30511635003242,0.0022727272727272726,0.39,0.9838709677419355,0.61
440,mean_std,79.08575302707112,4.367660372989186,123.18259032265533,0.011363636363636364,0.3,0.9333333333333333,0.7
440,median_std,79.68537984848471,4.331951921923958,123.5392763522284,0.011363636363636364,0.33,0.9305555555555556,0.67
440,quantile_99,78.02379992501173,4.094254452419688,119.9813546838581,0.03636363636363636,0.13,0.8446601941747572,0.87
440,median_mad,80.40845429705588,4.825307821149897,125.5300415789589,0.0,0.42,1.0,0.58
441,mean_std,80.5458699842427,4.309238583082488,124.08767188817396,0.006818181818181818,0.33,0.9571428571428572,0.67
441,median_std,80.50948505989395,4.377392629651651,124.67691945953524,0.0022727272727272726,0.36,0.9846153846153847,0.64
441,quantile_99,79.37165218310308,4.030385414109241,120.68613157207729,0.020454545454545454,0.19,0.9,0.81
441,median_mad,79.70089554447352,4.617010141681007,123.62426675963769,0.004545454545454545,0.36,0.9696969696969697,0.64
442,mean_std,79.654857348007,4.330617586221475,121.58432840737201,0.011363636363636364,0.31,0.9324324324324325,0.69
442,median_std,79.50630043101947,4.313864243880227,121.61327758366889,0.011363636363636364,0.29,0.9342105263157895,0.71
442,quantile_99,78.20276337150953,4.054705921510839,119.93006424850203,0.038636363636363635,0.15,0.8333333333333334,0.85
442,median_mad,79.76883305881287,4.706323710116905,125.56969063586392,0.0022727272727272726,0.4,0.9836065573770492,0.6
443,mean_std,79.06177987668765,4.106712022496382,121.04347449605018,0.020454545454545454,0.2,0.898876404494382,0.8
443,median_std,79.05415024911903,4.077141316293245,120.02153585316799,0.02727272727272727,0.17,0.8736842105263158,0.83
443,quantile_99,77.9342714901572,3.8739269763451456,122.13996823320066,0.056818181818181816,0.13,0.7767857142857143,0.87
443,median_mad,80.22929744384172,4.257835351016444,120.55953397580014,0.011363636363636364,0.29,0.9342105263157895,0.71
444,mean_std,79.68451376768923,4.012076857072751,120.20580151116266,0.031818181818181815,0.19,0.8526315789473684,0.81
444,median_std,79.78925056545853,4.006674404434088,120.46724162943842,0.031818181818181815,0.19,0.8526315789473684,0.81
444,quantile_99,78.7972261296666,3.8674243296213957,116.64512904475649,0.08181818181818182,0.14,0.7049180327868853,0.86
444,median_mad,79.64523131972261,4.296021210319341,128.9643637411697,0.00909090909090909,0.36,0.9411764705882353,0.64
445,mean_std,79.53308025771352,4.274310135517295,123.91261911096204,0.013636363636363636,0.31,0.92,0.69
445,median_std,79.1271120510242,4.246901161854913,124.45417388127349,0.00909090909090909,0.3,0.9459459459459459,0.7
445,quantile_99,78.04436449025164,3.9569293487881096,118.39557853739542,0.05454545454545454,0.11,0.7876106194690266,0.89
445,median_mad,81.67205200718846,4.352963036490799,130.12863564800867,0.0022727272727272726,0.41,0.9833333333333333,0.59
446,mean_std,79.82188768751331,4.223518041054895,119.07721050290174,0.029545454545454545,0.23,0.8555555555555555,0.77
446,median_std,79.9401800048792,4.237075361954268,118.05756662136392,0.03636363636363636,0.24,0.8260869565217391,0.76
446,quantile_99,77.45486076412693,3.8858983822118636,115.64984226504207,0.09090909090909091,0.08,0.696969696969697,0.92
446,median_mad,80.96837456318875,4.637437891179551,122.62432636679125,0.004545454545454545,0.39,0.9682539682539683,0.61
447,mean_std,79.2277510061444,4.17369708863375,122.76878422030896,0.013636363636363636,0.24,0.926829268292683,0.76
447,median_std,78.84983631822631,4.146788003632029,122.238946885139,0.015909090909090907,0.23,0.9166666666666666,0.77
447,quantile_99,78.56141479950881,3.8604839566826374,121.33585800357733,0.05,0.13,0.7981651376146789,0.87
447,median_mad,77.57476720843185,4.300172643926578,123.15494837617833,0.025,0.21,0.8777777777777778,0.79
448,mean_std,80.59034930047467,4.320484822546469,122.06207385821212,0.00909090909090909,0.34,0.9428571428571428,0.66
448,median_std,80.50450502163406,4.30925003527992,121.70321219012126,0.011363636363636364,0.32,0.9315068493150684,0.68
448,quantile_99,80.10587662939002,4.004315635319461,116.96778884398095,0.04318181818181818,0.19,0.81,0.81
448,median_mad,79.49787928247937,4.712975908108562,128.43947519842408,0.0,0.41,1.0,0.59
449,mean_std,79.13782573736657,4.138643289464039,120.40796344360436,0.022727272727272728,0.2,0.8888888888888888,0.8
449,median_std,79.35174711272029,4.0939614762229235,119.85470347991111,0.029545454545454545,0.18,0.8631578947368421,0.82
449,quantile_99,78.38858259325944,3.9126166644823486,117.18462275970889,0.06363636363636363,0.13,0.7565217391304347,0.87
449,median_mad,81.95803554355895,4.437158014152857,123.47363300254477,0.004545454545454545,0.38,0.96875,0.62
450,mean_std,79.13996883754339,4.091691517123162,126.17575749733099,0.015909090909090907,0.27,0.9125,0.73
450,median_std,78.96740467345715,4.04341165713212,126.29619355000622,0.020454545454545454,0.26,0.891566265060241,0.74
450,quantile_99,76.93203513969988,3.9348763598151115,121.26156659745892,0.056818181818181816,0.09,0.7844827586206896,0.91
450,median_mad,80.09198378994208,4.322716071776503,124.84850590111901,0.006818181818181818,0.36,0.9552238805970149,0.64
451,mean_std,78.94896327477352,4.326386215383851,119.4848875679735,0.022727272727272728,0.23,0.8850574712643678,0.77
451,median_std,78.97825953250741,4.3701173424328505,118.58039654466418,0.02727272727272727,0.23,0.8651685393258427,0.77
451,quantile_99,77.86373415860649,4.021935848853907,117.67982301437536,0.056818181818181816,0.11,0.7807017543859649,0.89
451,median_mad,79.06655223956636,4.605501548539751,122.61724871827077,0.006818181818181818,0.31,0.9583333333333334,0.69
452,mean_std,79.20017113992712,4.221718883825194,118.63396260900963,0.02727272727272727,0.21,0.8681318681318682,0.79
452,median_std,79.45708684482491,4.160933507492525,118.0963108839351,0.031818181818181815,0.2,0.851063829787234,0.8
452,quantile_99,76.68108446233354,4.1369612413306065,122.11234334885636,0.04772727272727273,0.16,0.8,0.84
452,median_mad,79.97765932885656,4.448979336163484,116.75784795248187,0.038636363636363635,0.26,0.8131868131868132,0.74
453,mean_std,79.52313869873888,4.259567249893571,122.11173422307601,0.013636363636363636,0.3,0.9210526315789473,0.7
453,median_std,79.81579525034103,4.236223366749934,122.47182155756619,0.011363636363636364,0.29,0.9342105263157895,0.71
453,quantile_99,76.57667015350908,4.090248238525845,117.65423948117026,0.07272727272727272,0.11,0.7355371900826446,0.89
453,median_mad,78.90407589649054,4.3087433217799695,121.9001648867555,0.015909090909090907,0.27,0.9125,0.73
454,mean_std,78.35226354635712,4.091466990683226,121.11563803370134,0.029545454545454545,0.18,0.8631578947368421,0.82
454,median_std,78.16898909006088,4.1101748582604,121.47757842025271,0.02727272727272727,0.18,0.8723404255319149,0.82
454,quantile_99,78.17195032978107,4.124339591685401,117.39133901127163,0.04772727272727273,0.15,0.8018867924528302,0.85
454,median_mad,78.80408496426993,4.359797225855635,125.09858661092326,0.00909090909090909,0.31,0.9452054794520548,0.69
455,mean_std,78.78060043018084,4.2276507525469995,123.22853794907472,0.01818181818181818,0.25,0.9036144578313253,0.75
455,median_std,78.66154236835688,4.19966615101874,124.14054580956828,0.01818181818181818,0.24,0.9047619047619048,0.76
455,quantile_99,77.40732105540603,4.040797472781226,121.65044507271563,0.03636363636363636,0.14,0.8431372549019608,0.86
455,median_mad,78.70045719053759,4.431800469033984,128.18797383366092,0.00909090909090909,0.33,0.9436619718309859,0.67
456,mean_std,79.714013146729,4.204396213265876,121.44837366131217,0.011363636363636364,0.26,0.9367088607594937,0.74
456,median_std,80.01788163157977,4.15670834450629,121.60491269549713,0.013636363636363636,0.25,0.9259259259259259,0.75
456,quantile_99,78.21440661718043,3.900208673037485,121.75156429081643,0.04318181818181818,0.15,0.8173076923076923,0.85
456,median_mad,79.27369729188972,4.304229776806077,127.34074086838707,0.006818181818181818,0.33,0.9571428571428572,0.67
457,mean_std,77.71177547774488,4.295353688464091,122.40803866913744,0.029545454545454545,0.23,0.8555555555555555,0.77
457,median_std,78.08251127482171,4.228299319295236,122.63164497942834,0.02727272727272727,0.21,0.8681318681318682,0.79
457,quantile_99,75.34014926620448,3.9427003457687997,115.9136675555105,0.1318181818181818,0.07,0.6158940397350994,0.93
457,median_mad,76.23003089304868,4.446182549934627,129.97093210448034,0.05,0.23,0.7777777777777778,0.77
458,mean_std,81.47422851070039,4.272552962908356,125.34965894457157,0.004545454545454545,0.37,0.9692307692307692,0.63
458,median_std,81.77358734500211,4.2668609725077395,123.9679169599091,0.006818181818181818,0.34,0.9565217391304348,0.66
458,quantile_99,78.56141479950881,3.9564388254454137,122.50122182411306,0.029545454545454545,0.16,0.865979381443299,0.84
458,median_mad,84.1002034894671,4.619447797842501,131.2598414534013,0.0,0.53,1.0,0.47
459,mean_std,78.636117419874,4.475941573849959,121.71136697301498,0.011363636363636364,0.26,0.9367088607594937,0.74
459,median_std,78.14741885804558,4.378885420651981,121.36168145317572,0.020454545454545454,0.24,0.8941176470588236,0.76
459,quantile_99,78.74357085256763,4.235050906024787,120.08513134241613,0.020454545454545454,0.21,0.8977272727272727,0.79
459,median_mad,79.80058979029673,4.83017322358526,124.00328333028341,0.006818181818181818,0.37,0.9545454545454546,0.63
460,mean_std,78.29075019870933,4.16252991337395,123.65018157659064,0.025,0.21,0.8777777777777778,0.79
460,median_std,78.5003474853394,4.139247061255726,123.5690066553039,0.025,0.21,0.8777777777777778,0.79
460,quantile_99,77.01739536900003,3.9335690723711028,119.12023515287552,0.06136363636363636,0.09,0.7711864406779662,0.91
460,median_mad,81.28394518351513,4.412179982506165,128.01983702905704,0.0,0.42,1.0,0.58
461,mean_std,80.14779117072523,4.230873757132958,122.3480461374831,0.006818181818181818,0.3,0.958904109589041,0.7
461,median_std,80.14419551046848,4.204047553826967,122.43139752050243,0.006818181818181818,0.29,0.9594594594594594,0.71
461,quantile_99,78.80391034330513,4.164743112495959,120.10543022443264,0.022727272727272728,0.19,0.8901098901098901,0.81
461,median_mad,79.61919489749367,4.352398890237743,128.45589413312666,0.0022727272727272726,0.37,0.984375,0.63
462,mean_std,79.3309723986896,4.035873857963436,119.16193631067489,0.03409090909090909,0.16,0.8484848484848485,0.84
462,median_std,79.20710453189761,4.000419310738192,118.2621237395518,0.04318181818181818,0.16,0.8155339805825242,0.84
462,quantile_99,76.74762685060907,3.906799582961311,115.06961116036133,0.1,0.06,0.6811594202898551,0.94
462,median_mad,80.21527914999393,4.404198385859427,121.21106364244999,0.00909090909090909,0.33,0.9436619718309859,0.67
463,mean_std,79.99912819220383,4.239944905902163,120.80542790861055,0.015909090909090907,0.28,0.9113924050632911,0.72
463,median_std,79.9852634451036,4.2504705831190055,120.59494022284859,0.015909090909090907,0.29,0.9102564102564102,0.71
463,quantile_99,78.6938173432107,3.8371815196289942,116.18126320227182,0.09318181818181819,0.12,0.6821705426356589,0.88
463,median_mad,83.57185835644145,4.646800874863885,123.07302853372326,0.004545454545454545,0.41,0.9672131147540983,0.59
464,mean_std,78.76244966125897,4.184263327179318,122.98433177337887,0.015909090909090907,0.23,0.9166666666666666,0.77
464,median_std,78.41819656741085,4.205934559771602,125.06056979891403,0.013636363636363636,0.26,0.925,0.74
464,quantile_99,79.16641681690659,3.9210861339643457,114.31400729375859,0.075,0.08,0.736,0.92
464,median_mad,78.76037516111477,4.368938283027283,127.85603718866929,0.00909090909090909,0.32,0.9444444444444444,0.68
465,mean_std,77.59075162366106,4.3659845144182645,120.74424493426451,0.02727272727272727,0.2,0.8695652173913043,0.8
465,median_std,77.46650369385078,4.333506373164207,120.58673985691257,0.02727272727272727,0.19,0.8709677419354839,0.81
465,quantile_99,75.93848635647463,3.9942310447363756,121.65044507271563,0.07727272727272727,0.1,0.7258064516129032,0.9
465,median_mad,79.66841276881678,4.833008349060743,121.96908296149269,0.00909090909090909,0.36,0.9411764705882353,0.64
466,mean_std,79.4481745604055,4.384261201545619,121.16412060667997,0.013636363636363636,0.3,0.9210526315789473,0.7
466,median_std,79.13483171941782,4.374721005661742,120.9357192146156,0.013636363636363636,0.28,0.9230769230769231,0.72
466,quantile_99,77.73189312082022,4.235050906024787,119.9813546838581,0.031818181818181815,0.16,0.8571428571428571,0.84
466,median_mad,81.37010516620231,4.88257048341528,119.01699569950645,0.015909090909090907,0.33,0.9054054054054054,0.67
467,mean_std,78.56607702147518,4.380392487185587,123.55192989267377,0.01818181818181818,0.26,0.9024390243902439,0.74
467,median_std,78.52476311611673,4.3791296311055525,123.93730964768383,0.01818181818181818,0.26,0.9024390243902439,0.74
467,quantile_99,75.10532238888833,4.1369612413306065,119.88013810934993,0.09545454545454546,0.09,0.6842105263157895,0.91
467,median_mad,81.47895276292421,4.702891767136858,126.47706293315517,0.0,0.48,1.0,0.52
468,mean_std,78.08380190984151,4.09999753429702,119.8297129096675,0.04318181818181818,0.13,0.8207547169811321,0.87
468,median_std,78.06450237752357,4.0949596679075855,119.80783544506372,0.04318181818181818,0.13,0.8207547169811321,0.87
468,quantile_99,76.47276303440997,3.837771658025282,118.66581612189584,0.10681818181818181,0.09,0.6594202898550725,0.91
468,median_mad,79.37427527437296,4.4020823348089015,123.10690652985186,0.011363636363636364,0.32,0.9315068493150684,0.68
469,mean_std,79.96394992741935,4.0248199485042395,119.97674872694759,0.031818181818181815,0.19,0.8526315789473684,0.81
469,median_std,80.57364566476478,4.082904751258326,120.2393035902006,0.029545454545454545,0.22,0.8571428571428571,0.78
469,quantile_99,76.80688952785285,3.830542458107479,116.34993157135608,0.12045454545454545,0.08,0.6344827586206897,0.92
469,median_mad,81.66583680929376,4.448348807888465,120.86632119797262,0.00909090909090909,0.36,0.9411764705882353,0.64
470,mean_std,80.1617261147659,4.161643769144344,122.94473161224064,0.00909090909090909,0.27,0.948051948051948,0.73
470,median_std,80.38603233704973,4.14602094492779,122.94538153704389,0.00909090909090909,0.27,0.948051948051948,0.73
470,quantile_99,76.88028729228714,4.031824986535282,120.12682338659678,0.05454545454545454,0.1,0.7894736842105263,0.9
470,median_mad,83.43854266882194,4.067201895033531,130.1883223841554,0.013636363636363636,0.33,0.9178082191780822,0.67
471,mean_std,79.04489974132979,4.1737744709303755,125.12591868348905,0.011363636363636364,0.26,0.9367088607594937,0.74
471,median_std,79.09187368005897,4.142839995421593,124.72341589246452,0.011363636363636364,0.26,0.9367088607594937,0.74
471,quantile_99,76.81244057332036,3.9553206780312173,118.75623205455894,0.06818181818181818,0.09,0.7520661157024794,0.91
471,median_mad,82.36613910631097,4.200452090842563,131.03897379580525,0.004545454545454545,0.38,0.96875,0.62
472,mean_std,78.3023665199617,4.254144178533819,117.5287344521206,0.045454545454545456,0.19,0.801980198019802,0.81
472,median_std,78.77883934120915,4.133348114286434,117.76030998188011,0.04090909090909091,0.17,0.8217821782178217,0.83
472,quantile_99,76.45088661196579,4.274894488820981,111.17163364191244,0.1409090909090909,0.08,0.5974025974025974,0.92
472,median_mad,78.2168699677502,4.233031238280429,123.72069986311783,0.022727272727272728,0.23,0.8850574712643678,0.77
473,mean_std,80.23401600186428,4.209526715105383,121.77466413844112,0.011363636363636364,0.29,0.9342105263157895,0.71
473,median_std,79.9456983815926,4.207913266695491,123.09223598704804,0.011363636363636364,0.29,0.9342105263157895,0.71
473,quantile_99,79.16641681690659,4.120890246421582,116.42721637161696,0.04772727272727273,0.15,0.8018867924528302,0.85
473,median_mad,80.64642148824313,4.4473214247038015,128.00463024870612,0.0,0.41,1.0,0.59
474,mean_std,78.98059787624443,4.319153739325192,119.9050902174857,0.022727272727272728,0.23,0.8850574712643678,0.77
474,median_std,79.26517192587491,4.244685515900062,118.7575898216319,0.02727272727272727,0.23,0.8651685393258427,0.77
474,quantile_99,75.6051907076935,4.18920263609352,117.43374343951568,0.09545454545454546,0.12,0.676923076923077,0.88
474,median_mad,81.42027106914412,4.651981393514111,118.98534205352401,0.020454545454545454,0.32,0.8831168831168831,0.68
475,mean_std,80.5441238500936,4.325247144018661,120.70634968846284,0.006818181818181818,0.32,0.9577464788732394,0.68
475,median_std,80.64277473618215,4.304152226036823,121.4369985571057,0.00909090909090909,0.31,0.9452054794520548,0.69
475,quantile_99,77.74382870784734,4.1631020306960655,118.90426765467932,0.04090909090909091,0.14,0.8269230769230769,0.86
475,median_mad,82.23570928579683,4.458652949160572,127.33557862049472,0.0,0.45,1.0,0.55
476,mean_std,80.05283043332147,4.2441754718480285,120.72919768209397,0.015909090909090907,0.3,0.9090909090909091,0.7
476,median_std,80.21003971529635,4.188932442111148,120.8563268560164,0.011363636363636364,0.26,0.9367088607594937,0.74
476,quantile_99,76.08988109105519,3.9337359470389144,118.84510396602762,0.08409090909090909,0.08,0.7131782945736435,0.92
476,median_mad,81.22317379198455,4.650042100201775,126.57018899658749,0.0,0.45,1.0,0.55
477,mean_std,78.46672612717599,4.054565412017048,126.13385255032395,0.022727272727272728,0.24,0.8837209302325582,0.76
477,median_std,79.17925153770805,4.004595888335036,126.11497187879282,0.015909090909090907,0.24,0.9156626506024096,0.76
477,quantile_99,75.85701565994546,3.874938920805685,121.33585800357733,0.10227272727272728,0.08,0.6715328467153284,0.92
477,median_mad,78.07420715731247,4.140237602461858,132.6506570137634,0.025,0.23,0.875,0.77
478,mean_std,80.52245303017129,4.265198065421939,120.02064870914293,0.013636363636363636,0.26,0.925,0.74
478,median_std,81.08111605974962,4.100944693669036,118.75069592328518,0.02727272727272727,0.22,0.8666666666666667,0.78
478,quantile_99,76.94177173560753,4.235050906024787,119.50615552239802,0.045454545454545456,0.14,0.8113207547169812,0.86
478,median_mad,84.19871399471097,4.371253976230392,119.20319118114176,0.015909090909090907,0.3,0.9090909090909091,0.7
479,mean_std,78.69966451398595,4.546088144376477,123.3083199746919,0.011363636363636364,0.29,0.9342105263157895,0.71
479,median_std,78.88672030365142,4.573610529125467,124.78805234839578,0.006818181818181818,0.32,0.9577464788732394,0.68
479,quantile_99,76.46710079300767,4.274894488820981,119.75527620220481,0.056818181818181816,0.15,0.7727272727272727,0.85
479,median_mad,81.29310684457508,5.132262588420293,122.26487950931468,0.004545454545454545,0.46,0.9642857142857143,0.54
480,mean_std,78.40054688373701,4.337242336653877,119.48639928995954,0.029545454545454545,0.21,0.8586956521739131,0.79
480,median_std,78.44646511845369,4.339713848530821,119.79222068649489,0.029545454545454545,0.21,0.8586956521739131,0.79
480,quantile_99,77.27182433693291,4.039156390981333,114.96290974801424,0.075,0.07,0.7380952380952381,0.93
480,median_mad,81.03118831461548,4.821908895662647,124.91825816024388,0.0,0.42,1.0,0.58
481,mean_std,79.43750406635628,4.1417213948828975,118.6226360067227,0.031818181818181815,0.2,0.851063829787234,0.8
481,median_std,79.48849511728451,4.154713395777198,119.12373686766746,0.02727272727272727,0.2,0.8695652173913043,0.8
481,quantile_99,77.592546852702,3.8604839566826374,116.96965219096668,0.08636363636363636,0.1,0.703125,0.9
481,median_mad,81.04881554561295,4.501110135881218,118.62562457573192,0.020454545454545454,0.3,0.8860759493670886,0.7
482,mean_std,80.83112221191988,4.288321628711462,122.87662128090025,0.004545454545454545,0.33,0.9710144927536232,0.67
482,median_std,80.721713108174,4.223261714706526,122.18048797592544,0.006818181818181818,0.3,0.958904109589041,0.7
482,quantile_99,78.33708796784978,4.18920263609352,120.25877097439854,0.025,0.18,0.8817204301075269,0.82
482,median_mad,81.494083793725,4.7602491652608245,127.41112252703167,0.0,0.48,1.0,0.52
483,mean_std,79.27829592018863,4.172831503675742,120.32317105026898,0.022727272727272728,0.2,0.8888888888888888,0.8
483,median_std,78.75214036975,4.184789375158051,121.34771959160553,0.015909090909090907,0.21,0.9186046511627907,0.79
483,quantile_99,79.36000893743217,4.108268596776377,113.0605012907571,0.075,0.09,0.7338709677419355,0.91
483,median_mad,79.20348304870662,4.499876874670434,126.67162665950661,0.0022727272727272726,0.36,0.9846153846153847,0.64
484,mean_std,79.61602220839092,4.297533912496166,116.88134371887715,0.038636363636363635,0.25,0.8152173913043478,0.75
484,median_std,79.97455904468339,4.265982260944801,115.65656543857818,0.045454545454545456,0.19,0.801980198019802,0.81
484,quantile_99,76.77952064455742,4.274894488820981,117.50075812837306,0.06363636363636363,0.15,0.7522123893805309,0.85
484,median_mad,81.11082709466072,4.51070513389754,117.45347712890934,0.02727272727272727,0.28,0.8571428571428571,0.72
485,mean_std,78.12758409405508,4.119760547518945,120.80789119196811,0.03409090909090909,0.18,0.845360824742268,0.82
485,median_std,77.57699361727646,4.082595425176833,120.8258461411755,0.04318181818181818,0.14,0.819047619047619,0.86
485,quantile_99,76.90795876649608,3.904051740342915,116.17201030235222,0.09545454545454546,0.08,0.6865671641791045,0.92
485,median_mad,79.38956411905193,4.3386263693655955,123.03385134858596,0.011363636363636364,0.32,0.9315068493150684,0.68
486,mean_std,78.18985116436643,4.189223337493429,121.26504821703541,0.02727272727272727,0.2,0.8695652173913043,0.8
486,median_std,77.80237666756065,4.1764553235593755,121.89909951168988,0.031818181818181815,0.19,0.8526315789473684,0.81
486,quantile_99,76.97521882290357,4.030145277392146,118.3106385772065,0.06363636363636363,0.09,0.7647058823529411,0.91
486,median_mad,79.00155109497005,4.515514149475279,129.54723363252876,0.004545454545454545,0.35,0.9701492537313433,0.65
487,mean_std,80.07800974115702,4.272397003405324,119.3284809189224,0.01818181818181818,0.26,0.9024390243902439,0.74
487,median_std,80.25458965484466,4.182258017498169,117.6768027669221,0.029545454545454545,0.22,0.8571428571428571,0.78
487,quantile_99,77.77226725004518,4.090248238525845,121.75156429081643,0.031818181818181815,0.18,0.8541666666666666,0.82
487,median_mad,83.54577766971121,4.565002538982926,119.11814340545862,0.013636363636363636,0.32,0.918918918918919,0.68
488,mean_std,80.54933940394596,4.240518784239734,119.53755419347236,0.020454545454545454,0.24,0.8941176470588236,0.76
488,median_std,80.36935436045044,4.234827620706302,119.49719893358164,0.020454545454545454,0.24,0.8941176470588236,0.76
488,quantile_99,79.37165218310308,3.9973752047352136,115.76658373643694,0.056818181818181816,0.13,0.7767857142857143,0.87
488,median_mad,82.99905030450535,4.444043933348822,123.04301582838318,0.004545454545454545,0.39,0.9682539682539683,0.61
489,mean_std,80.4008531837948,4.116166841335723,116.97320301662356,0.038636363636363635,0.21,0.8229166666666666,0.79
489,median_std,80.48168286972133,4.119868398150933,117.32111708175134,0.038636363636363635,0.21,0.8229166666666666,0.79
489,quantile_99,78.09814038060584,4.112471607787592,111.53206712751393,0.1159090909090909,0.07,0.6458333333333334,0.93
489,median_mad,82.83716331611828,4.271376459611076,118.41988500062025,0.02727272727272727,0.28,0.8571428571428571,0.72
490,mean_std,78.49570696909049,4.3260034299607835,118.96044578086449,0.025,0.21,0.8777777777777778,0.79
490,median_std,78.42510486687044,4.255305443213481,119.22601046855705,0.025,0.19,0.8804347826086957,0.81
490,quantile_99,78.31494540094539,4.130091821322038,120.78546491348143,0.022727272727272728,0.18,0.8913043478260869,0.82
490,median_mad,79.76545615113713,4.64403246544196,120.80041611295403,0.00909090909090909,0.33,0.9436619718309859,0.67
491,mean_std,78.65631464084339,4.272930747955796,121.6010164020646,0.020454545454545454,0.23,0.8953488372093024,0.77
491,median_std,78.8423430162322,4.344367261842723,121.59348555593648,0.015909090909090907,0.26,0.9135802469135802,0.74
491,quantile_99,76.88553880398644,3.9290793246330193,119.08460273002873,0.07045454545454545,0.09,0.7459016393442623,0.91
491,median_mad,80.88341532634719,4.738444215764559,129.70309248975207,0.0,0.45,1.0,0.55
492,mean_std,77.96287244186472,4.22691467703203,119.31114786118047,0.038636363636363635,0.16,0.8316831683168316,0.84
492,median_std,78.23742028534106,4.156536656112669,120.0849025320847,0.03409090909090909,0.17,0.8469387755102041,0.83
492,quantile_99,75.3545781336141,4.139516262074627,116.60127492478975,0.11818181818181818,0.11,0.6312056737588653,0.89
492,median_mad,82.23151165396067,4.4954140410753975,123.68054634899181,0.004545454545454545,0.4,0.967741935483871,0.6
493,mean_std,78.71059570194686,4.344751948819708,118.45926433358395,0.031818181818181815,0.22,0.8478260869565217,0.78
493,median_std,78.5799939648454,4.2753492092985494,118.31902080703728,0.03636363636363636,0.19,0.8350515463917526,0.81
493,quantile_99,75.17896594314946,4.164743112495959,120.00899445266228,0.09545454545454546,0.09,0.6842105263157895,0.91
493,median_mad,80.96995473364902,4.713977397759689,123.13811247278517,0.004545454545454545,0.4,0.967741935483871,0.6
494,mean_std,78.54130459844276,4.240049228089359,119.58996456534686,0.029545454545454545,0.18,0.8631578947368421,0.82
494,median_std,78.31866689651017,4.180107836965113,118.6394799669639,0.038636363636363635,0.16,0.8316831683168316,0.84
494,quantile_99,76.88553880398644,4.235050906024787,114.93596198017164,0.08181818181818182,0.09,0.7165354330708661,0.91
494,median_mad,77.99250728583885,4.076106424367433,123.98210869168801,0.02727272727272727,0.18,0.8723404255319149,0.82
495,mean_std,78.90404090891363,4.487058583853481,118.49965072688096,0.031818181818181815,0.23,0.8461538461538461,0.77
495,median_std,78.85132335253678,4.466569943989967,117.7031854002082,0.03636363636363636,0.22,0.8297872340425532,0.78
495,quantile_99,77.61872965457557,4.191757656837542,114.98751239544958,0.0659090909090909,0.09,0.7583333333333333,0.91
495,median_mad,80.40229201851025,5.148951990890392,119.22357897521049,0.015909090909090907,0.35,0.9027777777777778,0.65
496,mean_std,79.31074449886403,4.294313905629962,120.65488256128494,0.015909090909090907,0.28,0.9113924050632911,0.72
496,median_std,79.36995373588705,4.322262923861312,120.50472590916492,0.01818181818181818,0.26,0.9024390243902439,0.74
496,quantile_99,77.33736065587588,4.123258447899873,117.5921617358009,0.05454545454545454,0.11,0.7876106194690266,0.89
496,median_mad,80.24383602713696,4.589296409720422,120.05829402989987,0.013636363636363636,0.3,0.9210526315789473,0.7
497,mean_std,79.72725262436362,4.229128778022738,119.16606313301594,0.025,0.23,0.875,0.77
497,median_std,79.69984359448694,4.217374318106825,118.21469658467774,0.029545454545454545,0.23,0.8555555555555555,0.77
497,quantile_99,77.2215018336561,4.084628990531271,118.65979628278856,0.05227272727272727,0.11,0.7946428571428571,0.89
497,median_mad,81.98764085722664,4.268571918208114,118.6825366179651,0.022727272727272728,0.28,0.8780487804878049,0.72
498,mean_std,79.26877753416798,4.170526043961769,124.708600322889,0.011363636363636364,0.26,0.9367088607594937,0.74
498,median_std,79.78839927430502,4.201156863655779,124.45107836234669,0.00909090909090909,0.3,0.9459459459459459,0.7
498,quantile_99,76.67845140591419,3.9045765840369713,119.71111709935768,0.07272727272727272,0.09,0.7398373983739838,0.91
498,median_mad,81.3098497167952,4.482630544652281,129.88158906367556,0.0,0.45,1.0,0.55
499,mean_std,79.7874160939404,4.377237547206183,121.4342195904535,0.013636363636363636,0.31,0.92,0.69
499,median_std,80.19863121494238,4.344627058800569,121.65323629187873,0.00909090909090909,0.33,0.9436619718309859,0.67
499,quantile_99,76.3799285459524,4.074223253412248,115.28927844332517,0.09545454545454546,0.08,0.6865671641791045,0.92
499,median_mad,82.57607362489685,4.617944510003477,123.95453442557165,0.004545454545454545,0.41,0.9672131147540983,0.59
500,mean_std,79.02059693904673,3.9850602603795267,123.68658686902614,0.029545454545454545,0.18,0.8631578947368421,0.82
500,median_std,78.30715863775927,3.937624302984676,123.54220311336016,0.03636363636363636,0.15,0.8415841584158416,0.85
500,quantile_99,77.9091562543407,3.8002947840120247,120.73091486074735,0.075,0.11,0.7295081967213115,0.89
500,median_mad,80.80792697431534,4.163724797602201,128.86045015066952,0.006818181818181818,0.31,0.9583333333333334,0.69
501,mean_std,79.50458978333731,4.189757989839896,122.29710782235144,0.015909090909090907,0.26,0.9135802469135802,0.74
501,median_std,79.77129098477853,4.200462340959755,123.21838092505136,0.013636363636363636,0.28,0.9230769230769231,0.72
501,quantile_99,77.6292674600674,3.7822148837459175,117.50075812837306,0.10454545454545454,0.1,0.6617647058823529,0.9
501,median_mad,80.5891888228116,4.4432350186459395,119.28354564677147,0.015909090909090907,0.29,0.9102564102564102,0.71
502,mean_std,79.89771778967784,4.223884268666685,120.28945090340184,0.01818181818181818,0.24,0.9047619047619048,0.76
502,median_std,79.74428832270732,4.233835286531578,120.74648591861681,0.013636363636363636,0.27,0.9240506329113924,0.73
502,quantile_99,77.76100584957136,4.006146181607305,124.20051347231971,0.02727272727272727,0.15,0.8762886597938144,0.85
502,median_mad,81.64856126757776,4.56099103840012,123.57279808831134,0.0,0.4,1.0,0.6
503,mean_std,79.41706434465004,4.081834228072387,118.45003477599917,0.038636363636363635,0.19,0.826530612244898,0.81
503,median_std,79.71249205345498,4.1207699340775745,118.44706237025548,0.031818181818181815,0.2,0.851063829787234,0.8
503,quantile_99,77.592546852702,3.8977310621450334,119.40911579316032,0.05909090909090909,0.1,0.7758620689655172,0.9
503,median_mad,81.28519519945544,4.557526265898778,122.09010879578797,0.006818181818181818,0.39,0.953125,0.61
504,mean_std,79.92279797101301,4.192425248520028,121.85723446732584,0.013636363636363636,0.27,0.9240506329113924,0.73
504,median_std,79.82456441656245,4.203173304006443,120.85147441398159,0.015909090909090907,0.26,0.9135802469135802,0.74
504,quantile_99,77.46397996525708,3.9944711814534704,121.28919148180324,0.038636363636363635,0.11,0.839622641509434,0.89
504,median_mad,78.86641248072,4.639878927611932,125.35417563542305,0.006818181818181818,0.34,0.9565217391304348,0.66
505,mean_std,79.0314825868478,4.057809197497199,121.96578695770714,0.025,0.22,0.8764044943820225,0.78
505,median_std,79.42653772825321,4.167199328159845,123.30787948270975,0.015909090909090907,0.25,0.9146341463414634,0.75
505,quantile_99,77.25507773228401,3.730801593868711,118.91802127843293,0.1159090909090909,0.08,0.6433566433566433,0.92
505,median_mad,79.07691801774389,4.590213778664558,125.8408858849394,0.004545454545454545,0.37,0.9692307692307692,0.63
506,mean_std,79.61027694350828,4.229624963605157,123.16862537917017,0.011363636363636364,0.29,0.9342105263157895,0.71
506,median_std,79.38068677709137,4.157970520510261,122.58344603003879,0.013636363636363636,0.24,0.926829268292683,0.76
506,quantile_99,78.33569860697447,3.8977310621450334,121.33585800357733,0.04090909090909091,0.13,0.8285714285714286,0.87
506,median_mad,81.57286615653548,4.715172344488699,128.1082494543988,0.0,0.48,1.0,0.52
507,mean_std,78.80593081010238,4.072748513243862,120.74439614969398,0.029545454545454545,0.2,0.8602150537634409,0.8
507,median_std,78.6184254522395,4.100205097225404,120.74153572388434,0.031818181818181815,0.18,0.8541666666666666,0.82
507,quantile_99,76.40122907661323,3.8389069644154965,118.61571054859034,0.10454545454545454,0.09,0.6642335766423357,0.91
507,median_mad,82.03966576675302,4.46353290458359,121.14313789376882,0.00909090909090909,0.36,0.9411764705882353,0.64
508,mean_std,79.19844558572773,4.135765115361129,122.4111535744633,0.015909090909090907,0.24,0.9156626506024096,0.76
508,median_std,79.52057809611794,4.111906729522067,122.26353908510825,0.01818181818181818,0.24,0.9047619047619048,0.76
508,quantile_99,76.57924700393164,3.9427003457687997,117.82034452034394,0.07954545454545454,0.09,0.7222222222222222,0.91
508,median_mad,81.51241379722164,4.268463196340878,129.1619795965675,0.004545454545454545,0.39,0.9682539682539683,0.61
509,mean_std,81.00379673839716,4.363473296028969,121.84926300291616,0.006818181818181818,0.35,0.9558823529411765,0.65
509,median_std,80.7873140726041,4.341071958722683,121.08193472592257,0.00909090909090909,0.32,0.9444444444444444,0.68
509,quantile_99,78.79226709763422,4.054946058227935,118.19415904093344,0.04318181818181818,0.17,0.8137254901960784,0.83
509,median_mad,82.71274609164173,4.7445719434038605,126.27001785177013,0.0,0.5,1.0,0.5
510,mean_std,80.28373115924738,4.1858865144558814,121.41102034105171,0.011363636363636364,0.25,0.9375,0.75
510,median_std,80.23387189469966,4.045624609810809,123.11433986370731,0.015909090909090907,0.26,0.9135802469135802,0.74
510,quantile_99,78.2820433298755,4.092478929529775,114.98550144403612,0.06363636363636363,0.1,0.7627118644067796,0.9
510,median_mad,80.38322735809778,4.218899674197573,131.4431123686857,0.004545454545454545,0.34,0.9705882352941176,0.66
511,mean_std,79.43194255811105,4.300175075044956,122.78742010751024,0.00909090909090909,0.31,0.9452054794520548,0.69
511,median_std,79.6684395394745,4.240358312213757,121.75735166791014,0.011363636363636364,0.29,0.9342105263157895,0.71
511,quantile_99,78.90344044677242,3.9973752047352136,124.20051347231971,0.01818181818181818,0.18,0.9111111111111111,0.82
511,median_mad,78.41029885955258,4.814991634208914,124.16018375191717,0.00909090909090909,0.3,0.9459459459459459,0.7
512,mean_std,78.89209145458432,4.305224430292153,118.62050836634599,0.025,0.22,0.8764044943820225,0.78
512,median_std,78.59658320638458,4.181844258691141,116.99324206383668,0.04090909090909091,0.16,0.8235294117647058,0.84
512,quantile_99,76.72263522741916,4.18920263609352,120.23157694238124,0.05227272727272727,0.14,0.7889908256880734,0.86
512,median_mad,82.05258448206898,4.335070591799246,116.82734773253173,0.03409090909090909,0.28,0.8275862068965517,0.72
513,mean_std,78.36790893451213,4.369717751162617,120.39828884144066,0.029545454545454545,0.22,0.8571428571428571,0.78
513,median_std,78.41897372082582,4.319100443649856,120.90311847233814,0.025,0.24,0.8735632183908046,0.76
513,quantile_99,76.53810558279054,4.074223253412248,115.51400951860992,0.08863636363636364,0.08,0.7022900763358778,0.92
513,median_mad,79.59001993798309,4.281839698789941,127.24706213392378,0.00909090909090909,0.35,0.9420289855072463,0.65
514,mean_std,79.63481409565766,4.18418492106442,123.63123246869222,0.013636363636363636,0.26,0.925,0.74
514,median_std,79.51034653792323,4.215717753402027,123.67302479279772,0.013636363636363636,0.28,0.9230769230769231,0.72
514,quantile_99,78.52527336260212,4.038006843762932,120.78546491348143,0.025,0.17,0.8829787234042553,0.83
514,median_mad,79.0375477392509,4.3642716193368,123.87420962865214,0.011363636363636364,0.29,0.9342105263157895,0.71
515,mean_std,78.71552886001587,4.091030322163644,121.35959745846027,0.02727272727272727,0.19,0.8709677419354839,0.81
515,median_std,79.18634397749948,4.0825515818094065,121.5153910023567,0.025,0.21,0.8777777777777778,0.79
515,quantile_99,76.0016369780082,3.803222124065595,119.9813546838581,0.1159090909090909,0.08,0.6433566433566433,0.92
515,median_mad,79.30011379393073,4.3056254617827125,123.78023317465355,0.013636363636363636,0.3,0.9210526315789473,0.7
516,mean_std,79.51104618977989,4.260155089966348,121.46768612746902,0.013636363636363636,0.28,0.9230769230769231,0.72
516,median_std,78.86386811954173,4.239752799769841,120.3702602586573,0.020454545454545454,0.21,0.8977272727272727,0.79
516,quantile_99,79.25379462032635,4.058152258503224,119.67902361752903,0.029545454545454545,0.18,0.8631578947368421,0.82
516,median_mad,79.31883795165126,4.484862619394871,125.97268504838016,0.0022727272727272726,0.37,0.984375,0.63
517,mean_std,79.58492634885233,4.433008862739683,120.83871161685043,0.00909090909090909,0.32,0.9444444444444444,0.68
517,median_std,79.91497106173517,4.4391542069761,120.54106693575406,0.00909090909090909,0.3,0.9459459459459459,0.7
517,quantile_99,79.26543786599724,4.040797472781226,119.88013810934993,0.025,0.17,0.8829787234042553,0.83
517,median_mad,80.15549506535629,4.9908608380148,119.47952138414921,0.013636363636363636,0.3,0.9210526315789473,0.7
518,mean_std,78.58265662101557,4.030011457109742,117.88510567065865,0.05,0.13,0.7981651376146789,0.87
518,median_std,78.97747887905511,4.021625745161867,118.00895478602514,0.04772727272727273,0.15,0.8018867924528302,0.85
518,quantile_99,76.71445548679296,3.9273490074087376,116.10269322540677,0.09772727272727273,0.08,0.6814814814814815,0.92
518,median_mad,81.96806566985504,4.328766422803573,118.21625441572444,0.02727272727272727,0.3,0.8536585365853658,0.7
519,mean_std,80.1257778758042,4.271191327020308,122.48622265931499,0.006818181818181818,0.32,0.9577464788732394,0.68
519,median_std,79.49630577627727,4.266184768159469,122.17811057906891,0.011363636363636364,0.3,0.9333333333333333,0.7
519,quantile_99,79.26543786599724,4.191757656837542,119.45761278955902,0.01818181818181818,0.2,0.9090909090909091,0.8
519,median_mad,80.98521937653915,4.391512636446557,127.33864095671652,0.0022727272727272726,0.39,0.9838709677419355,0.61
520,mean_std,79.33500438584962,4.296373360467797,120.43111414014588,0.01818181818181818,0.25,0.9036144578313253,0.75
520,median_std,79.82520196829103,4.272701976636814,120.61450082062939,0.015909090909090907,0.28,0.9113924050632911,0.72
520,quantile_99,77.52470013373522,4.235050906024787,117.63504252764287,0.05,0.15,0.794392523364486,0.85
520,median_mad,79.83836895321107,4.801815283105324,128.37109711188717,0.004545454545454545,0.42,0.9666666666666667,0.58
521,mean_std,78.27861057739997,4.261494167011153,123.00136145496838,0.020454545454545454,0.24,0.8941176470588236,0.76
521,median_std,77.81030034775432,4.227135384784624,122.01184632741817,0.029545454545454545,0.21,0.8586956521739131,0.79
521,quantile_99,75.2851760661851,4.077490794856037,119.12023515287552,0.10227272727272728,0.09,0.6691176470588235,0.91
521,median_mad,81.05807311657321,4.5986832655835475,126.18136369149428,0.0,0.43,1.0,0.57
522,mean_std,80.67095924222414,4.249116034561568,122.17827383155128,0.00909090909090909,0.32,0.9444444444444444,0.68
522,median_std,81.09996189004912,4.243526377007585,122.01387281919989,0.00909090909090909,0.31,0.9452054794520548,0.69
522,quantile_99,78.39780813632792,3.9029992130129343,121.16221837159492,0.04090909090909091,0.13,0.8285714285714286,0.87
522,median_mad,84.26397745225505,4.604744372044846,123.93312187292364,0.0022727272727272726,0.41,0.9833333333333333,0.59
523,mean_std,78.98553932898183,4.091348989696215,119.96089734869642,0.02727272727272727,0.17,0.8736842105263158,0.83
523,median_std,78.7396611346901,4.016263754594805,120.26826034396532,0.031818181818181815,0.15,0.8585858585858586,0.85
523,quantile_99,77.9499899758365,3.9547013113086713,118.5925297482006,0.05227272727272727,0.11,0.7946428571428571,0.89
523,median_mad,80.43068029437372,4.253271966800167,126.38587862441264,0.004545454545454545,0.36,0.9696969696969697,0.64
524,mean_std,78.69235509454023,4.1616329312905425,121.94469838032038,0.022727272727272728,0.22,0.8863636363636364,0.78
524,median_std,78.86384625663413,4.177524042950288,121.18810372136883,0.020454545454545454,0.21,0.8977272727272727,0.79
524,quantile_99,78.58238309997263,3.849003996812515,118.41477549092284,0.07045454545454545,0.13,0.7372881355932204,0.87
524,median_mad,77.52863756187246,4.375671545347829,126.47197974899484,0.020454545454545454,0.24,0.8941176470588236,0.76
525,mean_std,79.55602266392563,4.121020174262721,117.30822086921968,0.04090909090909091,0.2,0.8163265306122449,0.8
525,median_std,80.263059672198,4.101353137619818,117.34559184805208,0.04090909090909091,0.21,0.8144329896907216,0.79
525,quantile_99,76.4782339712852,3.919556953931497,115.67971312613741,0.1,0.07,0.6788321167883211,0.93
525,median_mad,80.14901606824361,4.411184772730305,118.07781811900452,0.029545454545454545,0.28,0.8470588235294118,0.72
526,mean_std,81.83997573144995,4.295781155648105,121.570026459912,0.00909090909090909,0.33,0.9436619718309859,0.67
526,median_std,81.858247549129,4.297243718323185,122.16096374965478,0.00909090909090909,0.35,0.9420289855072463,0.65
526,quantile_99,78.50775952240984,4.092478929529775,118.84510396602762,0.038636363636363635,0.15,0.8333333333333334,0.85
526,median_mad,83.29144581826088,4.479115544426626,125.69774608540904,0.0,0.47,1.0,0.53
527,mean_std,79.70084687832188,4.277574913243334,118.12252621069754,0.03409090909090909,0.25,0.8333333333333334,0.75
527,median_std,80.01454565852943,4.232198192722538,116.95689952626819,0.03409090909090909,0.24,0.8351648351648352,0.76
527,quantile_99,78.52527336260212,4.123018311182777,118.90426765467932,0.031818181818181815,0.15,0.8585858585858586,0.85
527,median_mad,81.60808981776376,4.473766016691837,116.9413956039004,0.029545454545454545,0.28,0.8470588235294118,0.72
528,mean_std,78.81027737256265,4.2041106656706,120.55865979249153,0.020454545454545454,0.22,0.896551724137931,0.78
528,median_std,77.89091265963863,4.169765738589963,120.6075088836407,0.031818181818181815,0.16,0.8571428571428571,0.84
528,quantile_99,77.4854425906623,4.016316600859333,116.85685925183547,0.0659090909090909,0.1,0.7563025210084033,0.9
528,median_mad,82.07955190034971,4.403900816733467,123.42145230346324,0.006818181818181818,0.37,0.9545454545454546,0.63
529,mean_std,78.45846024638712,4.162194896247997,125.37547929874748,0.020454545454545454,0.24,0.8941176470588236,0.76
529,median_std,78.63952677607462,4.1492802902202355,125.79609430847268,0.01818181818181818,0.24,0.9047619047619048,0.76
529,quantile_99,76.75380041448248,3.838285195813508,121.96632860121825,0.08409090909090909,0.11,0.7063492063492064,0.89
529,median_mad,80.97791721966271,4.581554330552839,131.62663832965475,0.0,0.44,1.0,0.56
530,mean_std,79.79034703770225,4.201879097063909,123.35214187239768,0.011363636363636364,0.28,0.935064935064935,0.72
530,median_std,79.86832282314589,4.21953726669001,123.56106456099158,0.011363636363636364,0.29,0.9342105263157895,0.71
530,quantile_99,78.33569860697447,3.849003996812515,120.78256734384766,0.056818181818181816,0.13,0.7767857142857143,0.87
530,median_mad,79.60804902384616,4.435594148493229,125.66661759292177,0.004545454545454545,0.38,0.96875,0.62
531,mean_std,78.07876632529087,3.9945283299504144,121.04764975608865,0.03636363636363636,0.12,0.8461538461538461,0.88
531,median_std,78.12629741875821,4.017501951484646,120.83027218591046,0.03409090909090909,0.14,0.8514851485148515,0.86
531,quantile_99,77.21898027319439,3.9107966489993364,119.72785037405944,0.056818181818181816,0.09,0.7844827586206896,0.91
531,median_mad,79.06069153054855,4.123431286519818,124.40080550596372,0.013636363636363636,0.24,0.926829268292683,0.76
532,mean_std,79.17493963461459,4.146752006218344,118.61358895281344,0.031818181818181815,0.19,0.8526315789473684,0.81
532,median_std,79.33080669726108,4.139695638375148,118.66298751852112,0.031818181818181815,0.19,0.8526315789473684,0.81
532,quantile_99,79.17806006257749,3.8826872352766544,117.83061326858437,0.05909090909090909,0.15,0.7657657657657657,0.85
532,median_mad,78.98097284624555,4.379377460816912,122.47712394114993,0.00909090909090909,0.28,0.9473684210526315,0.72
533,mean_std,79.25777181395665,4.236216925502962,118.33021758844151,0.03636363636363636,0.21,0.8315789473684211,0.79
533,median_std,79.02665038784089,4.2295069478248575,117.95131017896844,0.03636363636363636,0.2,0.8333333333333334,0.8
533,quantile_99,77.01748061881722,3.8858983822118636,117.3441992009427,0.08409090909090909,0.09,0.7109375,0.91
533,median_mad,79.31317123336976,4.715602017498938,117.26793204837467,0.03409090909090909,0.25,0.8333333333333334,0.75
534,mean_std,78.66042477650132,4.05582783624817,118.64905068476077,0.04090909090909091,0.16,0.8235294117647058,0.84
534,median_std,78.66807353045219,4.0436699615948015,118.21219395387709,0.04318181818181818,0.16,0.8155339805825242,0.84
534,quantile_99,78.52527336260212,3.8369514666219144,118.79187456048433,0.075,0.13,0.725,0.87
534,median_mad,78.01209699392996,4.224103423530172,120.00955281496913,0.031818181818181815,0.16,0.8571428571428571,0.84
535,mean_std,80.74943822531286,4.06543665900923,121.15211339535396,0.020454545454545454,0.24,0.8941176470588236,0.76
535,median_std,80.83612486474205,4.087214153864236,121.76057597474322,0.020454545454545454,0.26,0.891566265060241,0.74
535,quantile_99,78.65619304914786,3.9973752047352136,117.82034452034394,0.05,0.14,0.7962962962962963,0.86
535,median_mad,80.31382199760942,4.21879597750032,123.98282874034841,0.00909090909090909,0.3,0.9459459459459459,0.7
536,mean_std,78.9117006177504,4.201671778179034,122.48608448382109,0.00909090909090909,0.25,0.9493670886075949,0.75
536,median_std,78.28485235968036,4.196220894201365,123.2933536073493,0.015909090909090907,0.23,0.9166666666666666,0.77
536,quantile_99,78.80391034330513,4.030698854756095,119.92891583418724,0.02727272727272727,0.15,0.8762886597938144,0.85
536,median_mad,79.04416678349052,4.511459077907561,125.71261823890097,0.0022727272727272726,0.34,0.9850746268656716,0.66
537,mean_std,78.67489040798895,4.401343091856509,121.42780816640285,0.01818181818181818,0.25,0.9036144578313253,0.75
537,median_std,78.88485559612033,4.426686176234264,121.64210070953729,0.013636363636363636,0.28,0.9230769230769231,0.72
537,quantile_99,76.47327389449323,4.004739156685521,115.25004031874467,0.09318181818181819,0.07,0.6940298507462687,0.93
537,median_mad,80.82100630665373,4.924809563746086,124.46064213624324,0.0,0.43,1.0,0.57
538,mean_std,77.70948580404482,4.255423643319851,125.01426194119946,0.025,0.24,0.8735632183908046,0.76
538,median_std,77.74467663322704,4.270165766264798,125.60259295516158,0.025,0.25,0.872093023255814,0.75
538,quantile_99,75.4839250756478,3.9158561465804493,118.61571054859034,0.10909090909090909,0.08,0.6571428571428571,0.92
538,median_mad,80.12981950346465,4.664527328163754,130.7505600411747,0.0,0.42,1.0,0.58
539,mean_std,80.44462402597827,4.279908249858695,123.9557523104296,0.00909090909090909,0.32,0.9444444444444444,0.68
539,median_std,80.46544520902954,4.325952659570129,122.83263594992343,0.006818181818181818,0.34,0.9565217391304348,0.66
539,quantile_99,76.53112796576906,3.9625485967826846,119.46040622851639,0.07045454545454545,0.09,0.7459016393442623,0.91
539,median_mad,82.21024547687831,4.814165950625383,125.07279070217504,0.0,0.49,1.0,0.51
540,mean_std,78.56628303478765,4.159647734776926,118.7618810074261,0.03636363636363636,0.16,0.84,0.84
540,median_std,78.83572445316214,4.174302278114127,118.43493339034033,0.038636363636363635,0.18,0.8282828282828283,0.82
540,quantile_99,77.39594845654761,3.9335690723711028,115.52994821479932,0.08409090909090909,0.07,0.7153846153846154,0.93
540,median_mad,81.00935363446095,4.365757725096017,121.29490157785742,0.00909090909090909,0.33,0.9436619718309859,0.67
541,mean_std,79.37326032637438,4.22761493077966,119.81173406653045,0.01818181818181818,0.21,0.9080459770114943,0.79
541,median_std,79.9985650197883,4.177867374710351,119.48601304361301,0.020454545454545454,0.22,0.896551724137931,0.78
541,quantile_99,76.88319810742844,4.231601239633735,116.96778884398095,0.0659090909090909,0.14,0.7478260869565218,0.86
541,median_mad,80.94697969472337,4.221440282503046,123.88807216886778,0.006818181818181818,0.31,0.9583333333333334,0.69
542,mean_std,80.93100395353395,4.327085661486883,121.49995306870514,0.006818181818181818,0.33,0.9571428571428572,0.67
542,median_std,81.02906022836235,4.357054984654761,121.22826352183242,0.006818181818181818,0.33,0.9571428571428572,0.67
542,quantile_99,78.7972261296666,4.042572995671139,121.28919148180324,0.020454545454545454,0.19,0.9,0.81
542,median_mad,82.1763536146692,4.5343402450968195,126.3710345955688,0.0,0.47,1.0,0.53
543,mean_std,80.74623399270175,4.390937534415894,122.12979164484189,0.00909090909090909,0.34,0.9428571428571428,0.66
543,median_std,81.4248363310118,4.327540454250656,121.91486323220093,0.00909090909090909,0.36,0.9411764705882353,0.64
543,quantile_99,77.77226725004518,4.070776916419864,118.51927477681998,0.05,0.13,0.7981651376146789,0.87
543,median_mad,82.11841598480727,4.580259499104874,126.15654208915129,0.0,0.46,1.0,0.54
544,mean_std,79.76406536358601,4.240849858758757,123.69869052986289,0.00909090909090909,0.29,0.9466666666666667,0.71
544,median_std,79.68129913594274,4.280282050458508,123.11779586014703,0.00909090909090909,0.31,0.9452054794520548,0.69
544,quantile_99,78.79226709763422,4.056587140027828,123.22609664194201,0.020454545454545454,0.22,0.896551724137931,0.78
544,median_mad,80.96084613080014,4.618150053866781,129.4180569857691,0.0,0.45,1.0,0.55
545,mean_std,79.58315070594087,4.456497991035846,119.12637480197063,0.022727272727272728,0.27,0.8795180722891566,0.73
545,median_std,79.79462168608008,4.409987032285505,119.61177827702781,0.020454545454545454,0.27,0.8902439024390244,0.73
545,quantile_99,77.59736300316683,4.231601239633735,115.80749575200636,0.06363636363636363,0.13,0.7565217391304347,0.87
545,median_mad,79.29426069001502,4.374598450412361,122.95716748880875,0.00909090909090909,0.31,0.9452054794520548,0.69
546,mean_std,80.00771747491328,4.399765033294347,124.00421474196686,0.006818181818181818,0.34,0.9565217391304348,0.66
546,median_std,80.40072628872315,4.424850410441174,123.97743152022957,0.0022727272727272726,0.36,0.9846153846153847,0.64
546,quantile_99,77.74382870784734,4.162861893978971,122.50122182411306,0.025,0.19,0.8804347826086957,0.81
546,median_mad,81.92869524111228,4.681149406954248,132.65687591049365,0.0,0.49,1.0,0.51
547,mean_std,80.4236467219028,4.141537859676443,120.72083370235501,0.015909090909090907,0.25,0.9146341463414634,0.75
547,median_std,80.34603889813059,4.083048847758581,120.4244036512674,0.022727272727272728,0.22,0.8863636363636364,0.78
547,quantile_99,78.65619304914786,4.139516262074627,118.05346405912628,0.04090909090909091,0.17,0.8217821782178217,0.83
547,median_mad,83.63115710195413,4.381110343423295,123.97720919848271,0.006818181818181818,0.36,0.9552238805970149,0.64
548,mean_std,77.43720710544467,4.019697050064615,122.48304345139573,0.04090909090909091,0.13,0.8285714285714286,0.87
548,median_std,77.5154706515578,3.9537450415123105,123.55606727356677,0.04772727272727273,0.13,0.8055555555555556,0.87
548,quantile_99,75.315847877855,3.854713654270633,117.58841940694751,0.13636363636363635,0.07,0.6078431372549019,0.93
548,median_mad,78.4324680306244,3.9772119715090533,126.76140982405333,0.03409090909090909,0.2,0.8421052631578947,0.8
549,mean_std,79.69971283328644,4.152069527333011,121.80868497361477,0.015909090909090907,0.26,0.9135802469135802,0.74
549,median_std,79.4834700118207,4.140466974394518,121.42853803144166,0.015909090909090907,0.23,0.9166666666666666,0.77
549,quantile_99,77.2608553507255,3.9026861288983943,121.28456756822126,0.05227272727272727,0.09,0.7982456140350878,0.91
549,median_mad,80.3201442912877,4.576769952180281,127.62585208434515,0.0,0.42,1.0,0.58
550,mean_std,78.4852294809736,4.409056500628561,120.47613123298737,0.025,0.23,0.875,0.77
550,median_std,78.03562816666664,4.257598992306385,120.92239768561879,0.029545454545454545,0.2,0.8602150537634409,0.8
550,quantile_99,76.39388246732982,4.139516262074627,118.32529183466121,0.07272727272727272,0.12,0.7333333333333333,0.88
550,median_mad,81.29571598705895,4.733804123093476,122.05454523577018,0.006818181818181818,0.4,0.9523809523809523,0.6
551,mean_std,81.37344340733205,4.317594474949277,119.43333208999599,0.01818181818181818,0.3,0.8974358974358975,0.7
551,median_std,81.85085918707406,4.303690362808818,120.23643167665739,0.015909090909090907,0.3,0.9090909090909091,0.7
551,quantile_99,78.7972261296666,4.123258447899873,116.83162572604834,0.045454545454545456,0.17,0.8058252427184466,0.83
551,median_mad,79.83673998026649,4.5436125225958595,123.01595949537146,0.00909090909090909,0.35,0.9420289855072463,0.65
552,mean_std,79.03746038070388,4.150480222808854,118.53721779060609,0.03409090909090909,0.18,0.845360824742268,0.82
552,median_std,79.11722959218977,4.210968201809167,117.59106739484184,0.038636363636363635,0.21,0.8229166666666666,0.79
552,quantile_99,77.55276215491703,3.889391408125801,116.1177454411779,0.08863636363636364,0.09,0.7,0.91
552,median_mad,79.87384596261064,4.478444528868734,121.27238112168033,0.011363636363636364,0.32,0.9315068493150684,0.68
553,mean_std,80.47910396858973,4.430992330989852,119.89318028867567,0.013636363636363636,0.28,0.9230769230769231,0.72
553,median_std,79.99126852171538,4.382301700468814,119.79344302006243,0.022727272727272728,0.28,0.8780487804878049,0.72
553,quantile_99,78.17195032978107,4.124339591685401,117.02256285936296,0.05,0.15,0.794392523364486,0.85
553,median_mad,83.52628723919996,4.8566525769838655,122.37128288554248,0.006818181818181818,0.44,0.9491525423728814,0.56
554,mean_std,80.24613165482607,4.03906702065875,120.312883506075,0.029545454545454545,0.21,0.8586956521739131,0.79
554,median_std,80.37011692450584,4.084341126897676,119.72648303183112,0.029545454545454545,0.21,0.8586956521739131,0.79
554,quantile_99,77.49421428119635,3.706606470052125,117.05980851059137,0.13636363636363635,0.08,0.6052631578947368,0.92
554,median_mad,79.37203726817464,4.406085142507945,120.04516154058236,0.020454545454545454,0.27,0.8902439024390244,0.73
555,mean_std,80.44985494379382,4.2924499465825114,121.985326227059,0.011363636363636364,0.33,0.9305555555555556,0.67
555,median_std,80.8213670782816,4.257002197632409,122.25373550109437,0.011363636363636364,0.32,0.9315068493150684,0.68
555,quantile_99,77.11854985746047,3.9402410172881948,120.3970609710972,0.05227272727272727,0.09,0.7982456140350878,0.91
555,median_mad,84.76064993388746,4.777431790402278,124.86389772175868,0.0,0.48,1.0,0.52
556,mean_std,78.32032463964616,4.004819619077529,122.2695816286658,0.031818181818181815,0.17,0.8556701030927835,0.83
556,median_std,78.8967194934127,4.042544334256058,124.28197969290875,0.022727272727272728,0.22,0.8863636363636364,0.78
556,quantile_99,75.8122702209999,3.8463187820422062,118.85546308568641,0.12045454545454545,0.08,0.6344827586206897,0.92
556,median_mad,80.93114522710259,4.404588378910666,129.33206541768072,0.0022727272727272726,0.41,0.9833333333333333,0.59
557,mean_std,78.2129637411077,4.222986650710467,120.9275770950093,0.022727272727272728,0.21,0.8876404494382022,0.79
557,median_std,78.10795721783688,4.246657680816147,120.45319515096972,0.029545454545454545,0.19,0.8617021276595744,0.81
557,quantile_99,79.01798329016856,4.159682957612302,120.95620697583007,0.013636363636363636,0.21,0.9294117647058824,0.79
557,median_mad,79.08316928747328,4.6691773157760785,121.64639672086594,0.006818181818181818,0.31,0.9583333333333334,0.69
558,mean_std,79.98546291594269,4.221502990325492,121.95298041511296,0.013636363636363636,0.3,0.9210526315789473,0.7
558,median_std,80.28201862060672,4.195596269974762,121.35403917439558,0.011363636363636364,0.27,0.9358974358974359,0.73
558,quantile_99,78.6821740975398,4.159682957612302,119.50526788434047,0.025,0.17,0.8829787234042553,0.83
558,median_mad,81.19538315429682,4.41143426644916,126.37105771879396,0.0,0.41,1.0,0.59
559,mean_std,80.11662238212475,4.319935777388796,118.73169470636033,0.02727272727272727,0.28,0.8571428571428571,0.72
559,median_std,79.71158757081847,4.3422420305045915,119.22432186568875,0.022727272727272728,0.27,0.8795180722891566,0.73
559,quantile_99,78.04436449025164,4.040931913871246,114.47260328232373,0.07272727272727272,0.08,0.7419354838709677,0.92
559,median_mad,82.62086704828474,4.819823816073407,123.68901402272395,0.004545454545454545,0.44,0.9655172413793104,0.56
560,mean_std,78.0526924314793,4.187385987826704,119.25155229834122,0.038636363636363635,0.14,0.8349514563106796,0.86
560,median_std,78.29029963114813,4.217476541034125,119.87286839281715,0.03409090909090909,0.18,0.845360824742268,0.82
560,quantile_99,76.06710170295621,3.845910320944927,114.0786953249235,0.1340909090909091,0.05,0.6168831168831169,0.95
560,median_mad,80.08301108923379,4.716749976105934,125.1052719536596,0.004545454545454545,0.41,0.9672131147540983,0.59
561,mean_std,78.36186707317965,4.162669425250405,119.55112295322223,0.03636363636363636,0.16,0.84,0.84
561,median_std,78.61840263628824,4.235309583164959,119.74941811837203,0.031818181818181815,0.18,0.8541666666666666,0.82
561,quantile_99,77.49421428119635,3.7959323373637153,115.06061124336601,0.11363636363636363,0.07,0.6503496503496503,0.93
561,median_mad,79.76771584179488,4.4277794298008475,127.0958698387954,0.004545454545454545,0.39,0.9682539682539683,0.61
562,mean_std,78.2695778600628,4.3481073863653865,122.68971997867709,0.020454545454545454,0.26,0.891566265060241,0.74
562,median_std,78.33370288159499,4.332231260947764,123.2793695199154,0.01818181818181818,0.26,0.9024390243902439,0.74
562,quantile_99,76.00053085683179,4.0977101738756145,119.9813546838581,0.07727272727272727,0.1,0.7258064516129032,0.9
562,median_mad,80.18995097970364,4.520280828322617,126.27402621332658,0.0,0.41,1.0,0.59
563,mean_std,78.72158129001852,4.226782604920065,123.90377756382874,0.01818181818181818,0.24,0.9047619047619048,0.76
563,median_std,79.10084265435995,4.256677729980905,123.05131111194531,0.013636363636363636,0.28,0.9230769230769231,0.72
563,quantile_99,76.25134898920003,3.7883136287634134,120.78546491348143,0.10681818181818181,0.09,0.6594202898550725,0.91
563,median_mad,79.47223566355548,4.836608653741686,124.57030589652125,0.004545454545454545,0.39,0.9682539682539683,0.61
564,mean_std,79.09683560936614,4.212059049607182,121.26285486139966,0.015909090909090907,0.24,0.9156626506024096,0.76
564,median_std,78.89207357021662,4.225222219285235,120.9313412974814,0.020454545454545454,0.23,0.8953488372093024,0.77
564,quantile_99,77.87835882550073,3.977462537387974,119.46040622851639,0.05,0.11,0.8018018018018018,0.89
564,median_mad,78.60295031294825,4.479453714606545,122.27153966938187,0.015909090909090907,0.28,0.9113924050632911,0.72
565,mean_std,78.15771641738787,4.036453362346583,120.52943225921986,0.04090909090909091,0.15,0.8252427184466019,0.85
565,median_std,78.13213969582047,3.9736148847031583,120.61696291744774,0.045454545454545456,0.14,0.8113207547169812,0.86
565,quantile_99,76.29203329224941,3.8736538270438583,114.14382585116145,0.12954545454545455,0.05,0.625,0.95
565,median_mad,81.42439496826707,4.202536508129665,125.6058508799579,0.004545454545454545,0.33,0.9710144927536232,0.67
566,mean_std,79.43628497005041,4.3317292846140605,121.60924922508813,0.013636363636363636,0.3,0.9210526315789473,0.7
566,median_std,79.38840224228372,4.334880973719198,121.28653360087743,0.013636363636363636,0.29,0.922077922077922,0.71
566,quantile_99,76.38554406358521,3.9297439195559876,117.44020708675461,0.08863636363636364,0.09,0.7,0.91
566,median_mad,81.93191673211695,4.83880530731445,125.97018664655238,0.0,0.52,1.0,0.48
567,mean_std,80.64773018463853,4.0097473802215795,123.57420082270995,0.020454545454545454,0.23,0.8953488372093024,0.77
567,median_std,80.97868474902809,3.9883445879077923,122.99715207859559,0.029545454545454545,0.23,0.8555555555555555,0.77
567,quantile_99,77.1158315512239,3.9045765840369713,120.5067993981641,0.056818181818181816,0.09,0.7844827586206896,0.91
567,median_mad,80.83274767706862,3.991790982241515,128.1944255375672,0.025,0.26,0.8705882352941177,0.74
568,mean_std,80.55182766518377,4.239314963329019,120.45489188065548,0.013636363636363636,0.25,0.9259259259259259,0.75
568,median_std,81.09769235220524,4.2046283955548915,121.37934916816818,0.006818181818181818,0.28,0.96,0.72
568,quantile_99,77.592546852702,4.274894488820981,120.90078753941901,0.029545454545454545,0.18,0.8631578947368421,0.82
568,median_mad,84.6862528433712,4.412217089805772,117.5394384499717,0.022727272727272728,0.29,0.8765432098765432,0.71
569,mean_std,80.16134748808848,4.552603050737217,121.03463793035226,0.006818181818181818,0.33,0.9571428571428572,0.67
569,median_std,80.37431716099333,4.604770012623037,121.24897187232978,0.004545454545454545,0.34,0.9705882352941176,0.66
569,quantile_99,78.22883574070494,4.251767935171409,120.55727522876494,0.022727272727272728,0.21,0.8876404494382022,0.79
569,median_mad,81.81690220910761,5.141407959451016,123.97429576405486,0.0022727272727272726,0.52,0.9795918367346939,0.48
570,mean_std,77.65725511359626,4.001366991443724,119.4227447911089,0.04772727272727273,0.1,0.8108108108108109,0.9
570,median_std,77.38053259981385,4.002480658880618,121.0727985901481,0.04318181818181818,0.1,0.8256880733944955,0.9
570,quantile_99,76.21806208345237,3.648614857520046,114.0786953249235,0.18863636363636363,0.04,0.5363128491620112,0.96
570,median_mad,78.73175762856093,4.3819080762726195,123.79400766254321,0.015909090909090907,0.27,0.9125,0.73
571,mean_std,79.10138229022158,4.0172854597461765,121.13008273791989,0.02727272727272727,0.18,0.8723404255319149,0.82
571,median_std,79.37328958361039,4.054297114690987,121.30097845791485,0.025,0.21,0.8777777777777778,0.79
571,quantile_99,77.9320141025997,3.9317620132690934,117.67405434115402,0.06136363636363636,0.11,0.7672413793103449,0.89
571,median_mad,81.14528186087745,4.097548711974526,123.0009249400768,0.01818181818181818,0.27,0.9012345679012346,0.73
572,mean_std,79.67506766617889,4.135915480470108,121.58807659774168,0.01818181818181818,0.24,0.9047619047619048,0.76
572,median_std,79.66150428659155,4.117129145590518,121.33242136749216,0.01818181818181818,0.23,0.9058823529411765,0.77
572,quantile_99,76.67440435356339,3.8597479372370764,119.65982666400161,0.08636363636363636,0.09,0.7054263565891473,0.91
572,median_mad,81.38534184036119,4.237931907015071,125.21081472476429,0.004545454545454545,0.34,0.9705882352941176,0.66
573,mean_std,79.56438969168643,4.270972929389941,121.64223305596418,0.015909090909090907,0.3,0.9090909090909091,0.7
573,median_std,79.73869197317877,4.219483235486716,122.80420892021591,0.013636363636363636,0.29,0.922077922077922,0.71
573,quantile_99,77.87835882550073,4.030385414109241,119.23503029984005,0.04318181818181818,0.11,0.8240740740740741,0.89
573,median_mad,81.6126099727618,4.452304504547685,125.66397371680469,0.0,0.43,1.0,0.57
574,mean_std,80.49345360655175,4.186071971889211,121.95091199486066,0.011363636363636364,0.27,0.9358974358974359,0.73
574,median_std,80.78094167655257,4.138155987878582,121.84735550938558,0.013636363636363636,0.27,0.9240506329113924,0.73
574,quantile_99,78.33569860697447,4.004739156685521,119.72785037405944,0.03409090909090909,0.13,0.8529411764705882,0.87
574,median_mad,84.52259947609689,4.5912704242291245,127.18558747076497,0.0,0.49,1.0,0.51
575,mean_std,78.8781473256414,4.230341882360378,116.34167755331019,0.05454545454545454,0.18,0.7735849056603774,0.82
575,median_std,79.08945426284158,4.279026607363505,116.06670894654712,0.05227272727272727,0.19,0.7788461538461539,0.81
575,quantile_99,77.33736065587588,3.9721764065273564,112.51982447937134,0.11136363636363636,0.05,0.6597222222222222,0.95
575,median_mad,78.6011669924143,4.773531929024944,118.74098567015429,0.03409090909090909,0.22,0.8387096774193549,0.78
576,mean_std,79.53528596446453,4.147560933193948,122.94481547605007,0.013636363636363636,0.26,0.925,0.74
576,median_std,80.09645038691723,4.060763262991578,123.69441224843146,0.020454545454545454,0.26,0.891566265060241,0.74
576,quantile_99,77.70829383174664,4.056587140027828,120.23157694238124,0.04090909090909091,0.14,0.8269230769230769,0.86
576,median_mad,81.20826050690015,4.240474644217139,125.62892898636021,0.004545454545454545,0.34,0.9705882352941176,0.66
577,mean_std,79.53381465755353,4.206299440428083,121.8239315338879,0.013636363636363636,0.28,0.9230769230769231,0.72
577,median_std,79.86309387577829,4.064134112795223,120.08897548378364,0.025,0.21,0.8777777777777778,0.79
577,quantile_99,78.98184185326188,4.120890246421582,119.65982666400161,0.022727272727272728,0.17,0.8924731182795699,0.83
577,median_mad,79.57331426314747,4.328062011154718,121.0660059449189,0.013636363636363636,0.31,0.92,0.69
578,mean_std,79.17596063690702,4.33257769641315,119.92866825102999,0.020454545454545454,0.25,0.8928571428571429,0.75
578,median_std,79.1109299079107,4.290119742948656,119.9250366566699,0.022727272727272728,0.24,0.8837209302325582,0.76
578,quantile_99,77.48194851278642,4.124339591685401,117.09545101651676,0.05454545454545454,0.12,0.7857142857142857,0.88
578,median_mad,78.98346791830359,4.595969229622598,121.04816970031857,0.013636363636363636,0.27,0.9240506329113924,0.73
579,mean_std,78.38670723989138,4.225934666660786,121.1586969503888,0.025,0.21,0.8777777777777778,0.79
579,median_std,78.3568560269639,4.187266354720785,121.50903585986931,0.025,0.19,0.8804347826086957,0.81
579,quantile_99,76.14109903770857,3.9795835917723683,119.9813546838581,0.07954545454545454,0.09,0.7222222222222222,0.91
579,median_mad,83.17899554619588,4.5037526195000375,124.6499506944778,0.0,0.43,1.0,0.57
580,mean_std,78.74182445122362,4.306562225264306,122.29973675021279,0.013636363636363636,0.27,0.9240506329113924,0.73
580,median_std,78.26156205159555,4.2869566732966735,122.71288685953915,0.01818181818181818,0.25,0.9036144578313253,0.75
580,quantile_99,79.43722018984289,4.251767935171409,118.2357424660758,0.029545454545454545,0.24,0.8539325842696629,0.76
580,median_mad,78.24574674174971,4.6130446592098995,126.0949131262897,0.011363636363636364,0.34,0.9295774647887324,0.66
581,mean_std,78.35083025174302,4.328062062702758,122.04159335701351,0.01818181818181818,0.26,0.9024390243902439,0.74
581,median_std,78.13622751249453,4.321980747864009,122.40796747381884,0.022727272727272728,0.26,0.8809523809523809,0.74
581,quantile_99,77.1498761660065,4.1369612413306065,119.88013810934993,0.04090909090909091,0.12,0.8301886792452831,0.88
581,median_mad,80.10902794073793,4.622335497208919,123.16158018176796,0.006818181818181818,0.37,0.9545454545454546,0.63
582,mean_std,79.57982833727353,4.156075461307855,117.2539586764656,0.04318181818181818,0.21,0.8061224489795918,0.79
582,median_std,80.18977503088169,4.125638526852297,117.89567206307757,0.038636363636363635,0.21,0.8229166666666666,0.79
582,quantile_99,76.46900469903377,3.886102531446504,112.55379550197752,0.13863636363636364,0.05,0.6089743589743589,0.95
582,median_mad,80.59783190395434,4.1744121782725685,121.94499865530581,0.013636363636363636,0.27,0.9240506329113924,0.73
583,mean_std,79.57133093580069,4.24751197662167,122.40496312408733,0.011363636363636364,0.31,0.9324324324324325,0.69
583,median_std,79.6530323511873,4.26106543392355,122.04708835515379,0.013636363636363636,0.31,0.92,0.69
583,quantile_99,76.93203513969988,4.110179153974799,119.40911579316032,0.05,0.11,0.8018018018018018,0.89
583,median_mad,79.7241525093855,4.444780499958011,121.54026600408064,0.011363636363636364,0.32,0.9315068493150684,0.68
584,mean_std,78.79756248033459,4.109820132673419,120.1533181354963,0.029545454545454545,0.18,0.8631578947368421,0.82
584,median_std,78.76502821387926,4.086842227405112,120.36689218744792,0.03409090909090909,0.18,0.845360824742268,0.82
584,quantile_99,76.05259766917395,3.8136704275112154,117.02256285936296,0.12727272727272726,0.08,0.6216216216216216,0.92
584,median_mad,78.65848478900666,4.435897472614587,123.82763483973105,0.015909090909090907,0.29,0.9102564102564102,0.71
585,mean_std,79.0772397182057,4.162258967870725,119.49164389177304,0.022727272727272728,0.19,0.8901098901098901,0.81
585,median_std,79.1237928150662,4.190767893126974,118.52131804914511,0.031818181818181815,0.2,0.851063829787234,0.8
585,quantile_99,76.50418105280887,4.0726581349368525,119.40799422300111,0.06136363636363636,0.11,0.7672413793103449,0.89
585,median_mad,79.27024843415778,4.496191967552671,118.90816337360022,0.022727272727272728,0.25,0.8823529411764706,0.75
586,mean_std,79.77842488975321,4.176768951072068,126.4131670084655,0.011363636363636364,0.3,0.9333333333333333,0.7
586,median_std,79.52497812734214,4.120281292738602,126.31417186826688,0.011363636363636364,0.28,0.935064935064935,0.72
586,quantile_99,76.88028729228714,3.9942310447363756,121.28919148180324,0.05227272727272727,0.1,0.7964601769911505,0.9
586,median_mad,82.84618308169095,4.564300080705525,127.01430997821717,0.0,0.48,1.0,0.52
587,mean_std,79.38515694673256,4.42857443858334,119.50287341838074,0.020454545454545454,0.25,0.8928571428571429,0.75
587,median_std,80.20807077581964,4.513560603617178,119.8668908391907,0.015909090909090907,0.28,0.9113924050632911,0.72
587,quantile_99,75.79966648421099,4.139516262074627,117.18462275970889,0.09772727272727273,0.11,0.6742424242424242,0.89
587,median_mad,81.00379724476188,4.667054510451079,123.95751902233938,0.004545454545454545,0.39,0.9682539682539683,0.61
588,mean_std,79.87789669086621,4.248904824099357,121.76780925653553,0.015909090909090907,0.31,0.9078947368421053,0.69
588,median_std,79.64382183382625,4.252310422726415,122.2925842751792,0.015909090909090907,0.31,0.9078947368421053,0.69
588,quantile_99,78.20823338070026,3.8377808326363096,120.1460203401242,0.075,0.13,0.725,0.87
588,median_mad,79.45631976758588,4.8505424519765405,125.52819977406142,0.004545454545454545,0.4,0.967741935483871,0.6
589,mean_std,78.80649671427517,4.1557284141877044,123.7299080767855,0.01818181818181818,0.23,0.9058823529411765,0.77
589,median_std,78.5878348313328,4.148342502667343,123.30409927275295,0.020454545454545454,0.21,0.8977272727272727,0.79
589,quantile_99,78.0774552021107,3.9290793246330193,121.28919148180324,0.04090909090909091,0.11,0.8317757009345794,0.89
589,median_mad,78.2504322135105,4.8082139320152795,123.41437418771652,0.01818181818181818,0.3,0.8974358974358975,0.7
590,mean_std,77.66340545138559,4.148743146758077,123.14317890880099,0.031818181818181815,0.19,0.8526315789473684,0.81
590,median_std,77.97073801590076,4.169658750228083,122.68407232254167,0.02727272727272727,0.19,0.8709677419354839,0.81
590,quantile_99,75.76946838612648,3.875391018709995,121.93870371687395,0.10454545454545454,0.1,0.6617647058823529,0.9
590,median_mad,79.37939362799449,4.4473087949335515,125.7503585618525,0.004545454545454545,0.36,0.9696969696969697,0.64
591,mean_std,79.44572492780645,4.39162854894024,123.8939223533964,0.00909090909090909,0.32,0.9444444444444444,0.68
591,median_std,79.55861312603322,4.410712855744064,122.67172447989525,0.006818181818181818,0.35,0.9558823529411765,0.65
591,quantile_99,77.95900091672905,4.120890246421582,120.4850812521799,0.03409090909090909,0.14,0.8514851485148515,0.86
591,median_mad,80.98686936384902,4.9114388486368465,122.14797315765863,0.004545454545454545,0.41,0.9672131147540983,0.59
592,mean_std,80.56916143444855,4.379862956790793,119.71150466915479,0.015909090909090907,0.28,0.9113924050632911,0.72
592,median_std,81.143461783341,4.452005111553073,120.22589804870742,0.013636363636363636,0.32,0.918918918918919,0.68
592,quantile_99,77.2215018336561,4.130091821322038,118.30275715493318,0.05227272727272727,0.11,0.7946428571428571,0.89
592,median_mad,82.08707856841502,4.562881598889359,122.0727041622817,0.006818181818181818,0.39,0.953125,0.61
593,mean_std,79.05518733910408,4.207978963060757,121.0436828002639,0.015909090909090907,0.23,0.9166666666666666,0.77
593,median_std,79.00044455931152,4.158447853245858,121.42480020895583,0.015909090909090907,0.21,0.9186046511627907,0.79
593,quantile_99,77.48382636055639,4.123258447899873,115.16512184305763,0.06818181818181818,0.09,0.7520661157024794,0.91
593,median_mad,77.46901582417634,4.136412443074717,125.07484810699307,0.025,0.18,0.8817204301075269,0.82
594,mean_std,79.93282277921459,4.038951339927868,119.5168890695669,0.029545454545454545,0.2,0.8602150537634409,0.8
594,median_std,79.70065864421827,4.043876585047682,119.88463347423776,0.02727272727272727,0.2,0.8695652173913043,0.8
594,quantile_99,79.44886343551379,3.945892325683409,113.61728041539496,0.07727272727272727,0.09,0.728,0.91
594,median_mad,80.95092472033956,4.400401262724456,125.03598352475166,0.0022727272727272726,0.37,0.984375,0.63
595,mean_std,80.39919110380777,4.069698266960927,121.81692401130495,0.020454545454545454,0.26,0.891566265060241,0.74
595,median_std,80.31437031214105,4.039614480168275,121.29906075278642,0.020454545454545454,0.23,0.8953488372093024,0.77
595,quantile_99,78.12037709634008,3.8788844048238986,121.93870371687395,0.05454545454545454,0.14,0.7818181818181819,0.86
595,median_mad,83.60924943961997,4.35076517810767,123.0647997807386,0.004545454545454545,0.36,0.9696969696969697,0.64
596,mean_std,79.08091746731358,4.195047412551498,117.49693397071994,0.03409090909090909,0.21,0.8404255319148937,0.79
596,median_std,78.59493577262798,4.199134632199986,117.68432972213458,0.038636363636363635,0.18,0.8282828282828283,0.82
596,quantile_99,77.80454887632548,4.070335571178606,114.82965610084588,0.07272727272727272,0.08,0.7419354838709677,0.92
596,median_mad,79.5676854980232,4.5539912793712345,119.55240831401987,0.020454545454545454,0.27,0.8902439024390244,0.73
597,mean_std,80.19398836189501,4.143624759496095,119.54588224000378,0.022727272727272728,0.22,0.8863636363636364,0.78
597,median_std,79.83361955024364,4.127531052625766,120.06139423067007,0.025,0.21,0.8777777777777778,0.79
597,quantile_99,78.37322940475646,3.860410352233431,112.770179026824,0.11363636363636363,0.07,0.6503496503496503,0.93
597,median_mad,78.20348641996424,4.712042542603972,124.85177728024166,0.013636363636363636,0.32,0.918918918918919,0.68
598,mean_std,79.7370739621324,4.3207937640923495,120.23309114192122,0.020454545454545454,0.28,0.8888888888888888,0.72
598,median_std,79.83539937116504,4.295586636912145,119.43919814759214,0.025,0.26,0.8705882352941177,0.74
598,quantile_99,77.2215018336561,3.9601536846354346,117.81172322917041,0.0659090909090909,0.09,0.7583333333333333,0.91
598,median_mad,81.27124538478081,4.842868845094232,118.36625851111722,0.022727272727272728,0.33,0.8701298701298701,0.67
599,mean_std,82.17094656986605,4.205925953035209,119.66810219996765,0.01818181818181818,0.25,0.9036144578313253,0.75
599,median_std,82.44227190376056,4.18100831371034,119.43531355393239,0.01818181818181818,0.23,0.9058823529411765,0.77
599,quantile_99,77.9499899758365,4.0114222314985994,116.96965219096668,0.05454545454545454,0.11,0.7876106194690266,0.89
599,median_mad,83.78753673888598,4.385943309223945,124.1252843129696,0.004545454545454545,0.36,0.9696969696969697,0.64
600,mean_std,80.9763279344064,4.168598800736514,120.32994120682591,0.020454545454545454,0.24,0.8941176470588236,0.76
600,median_std,81.33478530101708,4.114629525232221,120.57512028022677,0.01818181818181818,0.24,0.9047619047619048,0.76
600,quantile_99,78.52527336260212,3.900671682888199,116.67506679861798,0.07272727272727272,0.13,0.7310924369747899,0.87
600,median_mad,81.79318025418765,4.207368335291047,122.59660391984055,0.00909090909090909,0.3,0.9459459459459459,0.7
601,mean_std,78.87758006162815,4.246113347102828,116.48721882210192,0.04772727272727273,0.19,0.7941176470588235,0.81
601,median_std,78.94259365753169,4.272686758690058,115.65642768019651,0.05,0.16,0.7924528301886793,0.84
601,quantile_99,76.54069113631361,4.072628024991399,114.03302297458116,0.09772727272727273,0.06,0.6861313868613139,0.94
601,median_mad,81.56784099286325,4.486714505160249,114.4055055031794,0.04772727272727273,0.18,0.7961165048543689,0.82
602,mean_std,78.60352688176971,4.082238562657974,119.90552888350308,0.03636363636363636,0.15,0.8415841584158416,0.85
602,median_std,78.91697979315467,4.121210786267579,119.76291756358603,0.029545454545454545,0.17,0.8645833333333334,0.83
602,quantile_99,75.1781914094425,3.7530637187511493,115.68944781002676,0.17045454545454544,0.05,0.5588235294117647,0.95
602,median_mad,79.2680154732009,4.409808564980058,122.43530640222401,0.00909090909090909,0.32,0.9444444444444444,0.68
603,mean_std,78.15515788076013,4.225380619059424,121.18383843334618,0.02727272727272727,0.21,0.8681318681318682,0.79
603,median_std,78.48727152896461,4.1838316568957366,121.61694295454656,0.022727272727272728,0.2,0.8888888888888888,0.8
603,quantile_99,76.73038468509034,3.925715674109581,121.26156659745892,0.06363636363636363,0.09,0.7647058823529411,0.91
603,median_mad,81.20046014278027,4.7139368205592636,127.06704700593386,0.0,0.46,1.0,0.54
604,mean_std,82.60148062993864,4.217972104030732,122.10829348967545,0.00909090909090909,0.31,0.9452054794520548,0.69
604,median_std,82.55914381304139,4.252084266759798,121.95365315619134,0.00909090909090909,0.34,0.9428571428571428,0.66
604,quantile_99,77.9091562543407,3.9045765840369713,121.16221837159492,0.04318181818181818,0.11,0.8240740740740741,0.89
604,median_mad,86.13909631821426,4.561685190047154,121.43625025059852,0.004545454545454545,0.39,0.9682539682539683,0.61
605,mean_std,79.4957181474841,4.166930829334859,120.50082609096017,0.020454545454545454,0.21,0.8977272727272727,0.79
605,median_std,79.72325012383175,4.136960969330795,120.3220331810279,0.022727272727272728,0.22,0.8863636363636364,0.78
605,quantile_99,78.37322940475646,4.123018311182777,118.2357424660758,0.04090909090909091,0.15,0.8252427184466019,0.85
605,median_mad,81.6012933885905,4.244177119023655,122.28188998795943,0.00909090909090909,0.33,0.9436619718309859,0.67
606,mean_std,79.65681055564373,4.215727643933377,122.6163623545383,0.013636363636363636,0.29,0.922077922077922,0.71
606,median_std,80.49783708282297,4.200743260766101,122.57594304963644,0.00909090909090909,0.29,0.9466666666666667,0.71
606,quantile_99,76.92345109797688,3.8877983470016564,119.93006424850203,0.07045454545454545,0.09,0.7459016393442623,0.91
606,median_mad,81.69398725851295,4.599791622622293,122.30641906416207,0.006818181818181818,0.39,0.953125,0.61
607,mean_std,78.769279984534,4.188578961863093,125.0805034430736,0.013636363636363636,0.27,0.9240506329113924,0.73
607,median_std,78.42130026232907,4.166336465252112,125.45216340963158,0.020454545454545454,0.24,0.8941176470588236,0.76
607,quantile_99,77.0923670555869,4.044138114146535,118.98431942899876,0.05227272727272727,0.11,0.7946428571428571,0.89
607,median_mad,80.50582310215341,4.467090839110551,127.22612738950974,0.0,0.41,1.0,0.59
608,mean_std,79.07260838267672,4.167559998311669,123.08885534825701,0.013636363636363636,0.23,0.927710843373494,0.77
608,median_std,79.2333428251355,4.143127254076467,123.21025746002543,0.013636363636363636,0.24,0.926829268292683,0.76
608,quantile_99,77.2550742086239,4.092478929529775,120.90871406179625,0.038636363636363635,0.13,0.8365384615384616,0.87
608,median_mad,83.75712161724202,4.3273994820632415,124.28018288264519,0.004545454545454545,0.37,0.9692307692307692,0.63
609,mean_std,79.76103274052798,4.178712597713295,118.38111578578474,0.03636363636363636,0.21,0.8315789473684211,0.79
609,median_std,80.08973201197252,4.160232397298824,118.56675730298025,0.03409090909090909,0.22,0.8387096774193549,0.78
609,quantile_99,76.36189922673016,3.8667134541051,111.83942239879676,0.16363636363636364,0.05,0.5688622754491018,0.95
609,median_mad,79.45199515146598,4.456042961557336,125.67463434231837,0.004545454545454545,0.37,0.9692307692307692,0.63
610,mean_std,79.20707482790978,4.0930730473292725,121.39261350365598,0.020454545454545454,0.21,0.8977272727272727,0.79
610,median_std,79.54471289561154,4.1321650486159935,120.32309255686508,0.022727272727272728,0.21,0.8876404494382022,0.79
610,quantile_99,76.02468826472786,3.805123303494291,121.33585800357733,0.10909090909090909,0.08,0.6571428571428571,0.92
610,median_mad,78.35655815538051,4.515250402930555,123.51245527406087,0.015909090909090907,0.28,0.9113924050632911,0.72
611,mean_std,79.77825725757133,4.0677997292568175,117.16523931659466,0.045454545454545456,0.2,0.8,0.8
611,median_std,79.77930586719198,4.098356856384442,118.29653427123046,0.04318181818181818,0.2,0.8080808080808081,0.8
611,quantile_99,78.47161808550315,3.869701759650955,114.77349373966229,0.09318181818181819,0.08,0.6917293233082706,0.92
611,median_mad,82.01959824112346,4.343754173347404,118.51830531717343,0.02727272727272727,0.3,0.8536585365853658,0.7
612,mean_std,80.35565786684934,4.2597161066336895,120.08039019038169,0.01818181818181818,0.27,0.9012345679012346,0.73
612,median_std,81.26854143022622,4.274557206750323,120.38768185346603,0.01818181818181818,0.29,0.8987341772151899,0.71
612,quantile_99,76.53810558279054,3.9953186694396168,116.67506679861798,0.08636363636363636,0.09,0.7054263565891473,0.91
612,median_mad,82.77895206175224,4.675415447079269,123.82378861078533,0.004545454545454545,0.41,0.9672131147540983,0.59
613,mean_std,79.63121208036473,4.31561872417103,122.02539003855495,0.011363636363636364,0.32,0.9315068493150684,0.68
613,median_std,79.38823407203452,4.374799480475015,121.00080712274752,0.013636363636363636,0.29,0.922077922077922,0.71
613,quantile_99,78.17658056963596,4.058152258503224,120.12682338659678,0.038636363636363635,0.16,0.8316831683168316,0.84
613,median_mad,81.8969603833091,4.908202774046311,122.23317351891579,0.006818181818181818,0.43,0.95,0.57
614,mean_std,78.47094561561819,4.136966414134138,122.68006100588717,0.022727272727272728,0.21,0.8876404494382022,0.79
614,median_std,78.08442842718914,4.081188120735413,122.61666487078273,0.029545454545454545,0.18,0.8631578947368421,0.82
614,quantile_99,77.48093313332234,4.123258447899873,119.67902361752903,0.038636363636363635,0.12,0.8380952380952381,0.88
614,median_mad,79.98330694857974,4.261091843460909,120.1336341207398,0.01818181818181818,0.27,0.9012345679012346,0.73
615,mean_std,80.06891616423542,4.256487931899242,122.32877976782876,0.013636363636363636,0.32,0.918918918918919,0.68
615,median_std,80.060105583384,4.238434282325593,122.3277124764787,0.013636363636363636,0.3,0.9210526315789473,0.7
615,quantile_99,75.61752193302559,3.944928383248238,119.08614379988009,0.09772727272727273,0.08,0.6814814814814815,0.92
615,median_mad,84.89912277074096,4.736497677279699,127.04314040328512,0.0,0.53,1.0,0.47
616,mean_std,77.47370312615395,4.456792088301557,118.49412736953198,0.045454545454545456,0.18,0.803921568627451,0.82
616,median_std,77.37228303311758,4.483972254351554,117.29105237353858,0.05454545454545454,0.16,0.7777777777777778,0.84
616,quantile_99,75.90644146881762,4.350071130065174,118.0550542501608,0.08636363636363636,0.15,0.6910569105691057,0.85
616,median_mad,78.38127570976528,5.137458895440931,118.88742004432726,0.031818181818181815,0.26,0.8409090909090909,0.74
617,mean_std,80.04658406456929,4.332967200869407,122.45190405277262,0.006818181818181818,0.34,0.9565217391304348,0.66
617,median_std,79.94920618693928,4.301501304981393,121.40027793089774,0.011363636363636364,0.31,0.9324324324324325,0.69
617,quantile_99,79.02962653583945,4.006146181607305,121.96632860121825,0.01818181818181818,0.19,0.9101123595505618,0.81
617,median_mad,80.08281379262277,4.607331668129346,121.7405349703657,0.006818181818181818,0.35,0.9558823529411765,0.65
618,mean_std,80.39849432328351,4.121103006010074,123.2580496990976,0.013636363636363636,0.26,0.925,0.74
618,median_std,80.38643218975024,4.185342552163608,123.78884798413691,0.00909090909090909,0.27,0.948051948051948,0.73
618,quantile_99,78.80391034330513,3.7357150983288347,119.40911579316032,0.09318181818181819,0.11,0.6846153846153846,0.89
618,median_mad,80.94949365206767,4.802547776189881,127.3373925912954,0.0,0.45,1.0,0.55
619,mean_std,79.43593821457692,3.9786969520089017,119.06463522738495,0.04318181818181818,0.16,0.8155339805825242,0.84
619,median_std,79.75201856031153,4.0172587555191,119.86456279517557,0.031818181818181815,0.18,0.8541666666666666,0.82
619,quantile_99,79.17806006257749,3.775964415849018,112.89673242564909,0.12272727272727273,0.06,0.6351351351351351,0.94
619,median_mad,79.21806017429991,4.157061596571358,121.94307759884097,0.015909090909090907,0.24,0.9156626506024096,0.76
620,mean_std,80.15568652881458,4.1241381484156445,119.77879620098173,0.020454545454545454,0.21,0.8977272727272727,0.79
620,median_std,80.41967129051427,4.062620596848576,119.26092963956013,0.025,0.21,0.8777777777777778,0.79
620,quantile_99,78.65619304914786,4.2164245692445075,118.6340300701789,0.031818181818181815,0.19,0.8526315789473684,0.81
620,median_mad,80.16028748124519,4.101701952772622,123.18283902404919,0.015909090909090907,0.26,0.9135802469135802,0.74
621,mean_std,79.2985470504532,4.240324320245319,124.5747756078984,0.006818181818181818,0.29,0.9594594594594594,0.71
621,median_std,79.29358664320677,4.20478053284939,123.99558925828845,0.00909090909090909,0.26,0.9487179487179487,0.74
621,quantile_99,78.80391034330513,3.9290793246330193,123.05245700995958,0.029545454545454545,0.16,0.865979381443299,0.84
621,median_mad,80.54620967773081,4.932404687363638,124.98679363335195,0.0,0.43,1.0,0.57
622,mean_std,78.22906095352104,4.2093593292861975,123.17128836119342,0.025,0.23,0.875,0.77
622,median_std,78.53096652632114,4.190221514528109,122.80851640638144,0.020454545454545454,0.22,0.896551724137931,0.78
622,quantile_99,75.7204773066045,4.070776916419864,118.30275715493318,0.09772727272727273,0.1,0.6766917293233082,0.9
622,median_mad,81.3526689506091,4.671674359868456,126.06323466334578,0.0,0.46,1.0,0.54
623,mean_std,80.6772349242232,4.310809724696208,118.12265418069472,0.031818181818181815,0.27,0.8390804597701149,0.73
623,median_std,80.70861734970131,4.347427030068448,118.50935537013203,0.02727272727272727,0.28,0.8571428571428571,0.72
623,quantile_99,78.40022583893034,3.9423021416733173,112.57663945043481,0.09772727272727273,0.07,0.6838235294117647,0.93
623,median_mad,84.16961243324725,4.598783793552307,120.38359207395438,0.013636363636363636,0.34,0.9166666666666666,0.66
624,mean_std,79.51409431844255,4.341168130394475,122.8376193093359,0.004545454545454545,0.32,0.9714285714285714,0.68
624,median_std,79.47365349059311,4.335526415057423,122.21689699307258,0.006818181818181818,0.32,0.9577464788732394,0.68
624,quantile_99,80.10587662939002,4.251767935171409,120.1460203401242,0.013636363636363636,0.27,0.9240506329113924,0.73
624,median_mad,78.62697183308075,4.773345065405682,129.44177698974002,0.006818181818181818,0.35,0.9558823529411765,0.65
625,mean_std,78.89586662237305,4.2651764955903495,120.98387922738289,0.01818181818181818,0.24,0.9047619047619048,0.76
625,median_std,79.1511189521153,4.190449978864943,119.81328238042785,0.022727272727272728,0.2,0.8888888888888888,0.8
625,quantile_99,75.23973365100956,3.8838276480528515,120.23157694238124,0.1159090909090909,0.07,0.6458333333333334,0.93
625,median_mad,79.29275583868159,4.91440136020738,120.27696119650528,0.015909090909090907,0.29,0.9102564102564102,0.71
626,mean_std,79.76222587849993,4.208984559179026,123.83785914586593,0.011363636363636364,0.28,0.935064935064935,0.72
626,median_std,79.43032193139547,4.20843737969305,124.14976567828934,0.00909090909090909,0.27,0.948051948051948,0.73
626,quantile_99,78.98184185326188,4.054946058227935,120.78546491348143,0.022727272727272728,0.2,0.8888888888888888,0.8
626,median_mad,79.06644619408667,4.293559090331064,127.44288398441037,0.006818181818181818,0.32,0.9577464788732394,0.68
627,mean_std,79.43819558506725,4.067335885010859,122.88995017452753,0.022727272727272728,0.24,0.8837209302325582,0.76
627,median_std,79.43780162709606,4.04728989553128,122.75933029807841,0.022727272727272728,0.24,0.8837209302325582,0.76
627,quantile_99,77.48382636055639,3.861058429385349,119.73031405288509,0.07045454545454545,0.1,0.743801652892562,0.9
627,median_mad,80.09133535651779,4.346975052291701,124.95809812521274,0.006818181818181818,0.36,0.9552238805970149,0.64
628,mean_std,81.03642146147192,4.115128315106402,126.22568703213202,0.00909090909090909,0.31,0.9452054794520548,0.69
628,median_std,81.58692434080525,4.09370152696909,124.9118468155641,0.013636363636363636,0.29,0.922077922077922,0.71
628,quantile_99,77.9342714901572,3.865756269989829,124.20051347231971,0.05454545454545454,0.13,0.7837837837837838,0.87
628,median_mad,82.38939995119114,4.391293634543144,125.65296967384128,0.0022727272727272726,0.4,0.9836065573770492,0.6
629,mean_std,80.77072065156572,4.386598442694465,119.91461502357626,0.013636363636363636,0.28,0.9230769230769231,0.72
629,median_std,80.63142737664344,4.443610780840884,120.94867446136715,0.00909090909090909,0.34,0.9428571428571428,0.66
629,quantile_99,78.58238309997263,4.231601239633735,113.69935095818815,0.0659090909090909,0.1,0.7563025210084033,0.9
629,median_mad,82.29949707479649,4.881324586606678,124.10989436342858,0.0022727272727272726,0.46,0.9818181818181818,0.54
630,mean_std,80.13899650406961,4.299310646153965,124.4149944791215,0.006818181818181818,0.35,0.9558823529411765,0.65
630,median_std,79.75419669396811,4.238241594538728,123.9153034293809,0.011363636363636364,0.29,0.9342105263157895,0.71
630,quantile_99,79.25379462032635,4.056587140027828,119.08460273002873,0.031818181818181815,0.18,0.8541666666666666,0.82
630,median_mad,82.2373605483723,4.718775388248485,130.48303307994323,0.0,0.53,1.0,0.47
631,mean_std,79.813406730852,4.321788809977022,120.83725020644796,0.013636363636363636,0.31,0.92,0.69
631,median_std,80.02425304567907,4.249374625680895,122.52797855645304,0.00909090909090909,0.32,0.9444444444444444,0.68
631,quantile_99,78.31494540094539,4.235050906024787,114.62770051061068,0.05909090909090909,0.11,0.7739130434782608,0.89
631,median_mad,81.20946987971872,4.4645636725929485,126.82684603856565,0.0,0.42,1.0,0.58
632,mean_std,80.28350669450664,4.196414702046508,121.5326214446417,0.006818181818181818,0.27,0.9605263157894737,0.73
632,median_std,80.76812880765573,4.2083495967741325,120.56820073915978,0.00909090909090909,0.26,0.9487179487179487,0.74
632,quantile_99,79.43722018984289,4.251767935171409,119.16954269021765,0.020454545454545454,0.24,0.8941176470588236,0.76
632,median_mad,82.44600427448513,4.344542292090983,125.0986736473772,0.0,0.4,1.0,0.6
633,mean_std,80.68435907182142,4.326164438953731,121.22774390020419,0.0022727272727272726,0.32,0.9855072463768116,0.68
633,median_std,80.70276034107603,4.290226486786849,121.26552913475534,0.004545454545454545,0.31,0.971830985915493,0.69
633,quantile_99,79.02962653583945,4.229046218889713,123.05245700995958,0.006818181818181818,0.25,0.9615384615384616,0.75
633,median_mad,83.04004824615936,4.5335775327494385,125.25824407402928,0.0,0.46,1.0,0.54
634,mean_std,77.51401941080383,4.237913645459187,117.71132639888009,0.056818181818181816,0.15,0.7727272727272727,0.85
634,median_std,77.03323205216427,4.176820595189178,117.47224876022284,0.0659090909090909,0.12,0.7521367521367521,0.88
634,quantile_99,75.92763964325584,3.9337359470389144,113.35636248634378,0.1318181818181818,0.05,0.6209150326797386,0.95
634,median_mad,78.61257553164701,4.5800599907920265,121.15816925052613,0.01818181818181818,0.25,0.9036144578313253,0.75
635,mean_std,80.36466094811934,4.242495659879568,120.43326258263339,0.015909090909090907,0.25,0.9146341463414634,0.75
635,median_std,80.41863236004626,4.202315231486911,121.69536463529754,0.011363636363636364,0.28,0.935064935064935,0.72
635,quantile_99,78.09814038060584,3.9603205593032462,119.10617395652771,0.04772727272727273,0.11,0.8090909090909091,0.89
635,median_mad,81.21886572348329,4.697323294355737,125.97527780194305,0.0,0.46,1.0,0.54
636,mean_std,80.7619556421246,4.043480533485884,118.94533413836608,0.03409090909090909,0.21,0.8404255319148937,0.79
636,median_std,80.96776606488334,4.040332309832562,118.96541056927973,0.03409090909090909,0.21,0.8404255319148937,0.79
636,quantile_99,79.44886343551379,3.865587322325913,119.80241601253374,0.05454545454545454,0.16,0.7777777777777778,0.84
636,median_mad,82.29435756337861,4.574364377073849,118.3669742014768,0.022727272727272728,0.31,0.8734177215189873,0.69
637,mean_std,78.80089957406064,4.062575260798767,119.08796282344645,0.038636363636363635,0.17,0.83,0.83
637,median_std,79.14708946188307,4.163851670163099,120.26241821893481,0.025,0.2,0.8791208791208791,0.8
637,quantile_99,76.05259766917395,3.8096244741805876,116.67506679861798,0.1340909090909091,0.08,0.609271523178808,0.92
637,median_mad,80.49374787069945,4.338395529707696,120.17336227574394,0.015909090909090907,0.29,0.9102564102564102,0.71
638,mean_std,79.92465897818886,4.082216735796445,119.65159388449705,0.031818181818181815,0.2,0.851063829787234,0.8
638,median_std,79.78566738718943,4.147021095823453,120.2180884251912,0.022727272727272728,0.22,0.8863636363636364,0.78
638,quantile_99,77.77741786483674,3.9268859975580237,116.66472189109277,0.07727272727272727,0.11,0.7235772357723578,0.89
638,median_mad,80.32524016830276,4.439816444711074,117.16238041231301,0.029545454545454545,0.26,0.8505747126436781,0.74
639,mean_std,78.90882269077032,4.483298780301704,123.67103005905078,0.00909090909090909,0.3,0.9459459459459459,0.7
639,median_std,78.89386840668557,4.5005982358524275,123.53902101179123,0.00909090909090909,0.3,0.9459459459459459,0.7
639,quantile_99,76.36871133455325,4.139516262074627,121.08235369377867,0.056818181818181816,0.14,0.7747747747747747,0.86
639,median_mad,80.3655364332143,4.953930349847402,128.63521202221926,0.0,0.46,1.0,0.54
640,mean_std,80.57205424735332,4.106249707118577,118.28263800823804,0.03636363636363636,0.21,0.8315789473684211,0.79
640,median_std,81.05295941793854,4.172943147094712,116.96074873546785,0.03636363636363636,0.23,0.8279569892473119,0.77
640,quantile_99,78.56141479950881,4.012614914499253,115.29346499403268,0.06136363636363636,0.1,0.7692307692307693,0.9
640,median_mad,82.17345172399541,4.6407483460433845,118.17576775167115,0.02727272727272727,0.32,0.85,0.68
641,mean_std,80.08607547137737,4.386492797037002,120.97514783093722,0.015909090909090907,0.32,0.9066666666666666,0.68
641,median_std,79.93916532701694,4.37720944908347,121.59628372967057,0.013636363636363636,0.32,0.918918918918919,0.68
641,quantile_99,78.20823338070026,4.020386630228485,114.93005266709264,0.07045454545454545,0.09,0.7459016393442623,0.91
641,median_mad,81.67154981164443,4.790271692029365,120.23962054038991,0.013636363636363636,0.34,0.9166666666666666,0.66
642,mean_std,78.83566365382697,4.251589879761912,121.90915088601925,0.01818181818181818,0.26,0.9024390243902439,0.74
642,median_std,78.89506662461737,4.293383775737086,121.28474673550646,0.015909090909090907,0.25,0.9146341463414634,0.75
642,quantile_99,76.67776091612832,4.042362591256622,122.32758219213065,0.05227272727272727,0.14,0.7889908256880734,0.86
642,median_mad,80.36319043801927,4.5505057719390525,126.36389885617334,0.0,0.42,1.0,0.58
643,mean_std,80.43066136768667,4.339201219085304,122.84691300490479,0.0022727272727272726,0.34,0.9850746268656716,0.66
643,median_std,80.93630092438408,4.291404855036802,123.062610721385,0.004545454545454545,0.34,0.9705882352941176,0.66
643,quantile_99,77.71926843834053,4.162861893978971,121.57792465883402,0.02727272727272727,0.17,0.8736842105263158,0.83
643,median_mad,83.89422934145165,4.712474659893887,123.54302663952461,0.0022727272727272726,0.43,0.9827586206896551,0.57
644,mean_std,79.67544841226422,4.219968414835827,115.33070182540182,0.05227272727272727,0.17,0.7830188679245284,0.83
644,median_std,79.64699291697136,4.25771918260275,115.1389285248046,0.05227272727272727,0.17,0.7830188679245284,0.83
644,quantile_99,76.3101513793174,4.1631020306960655,111.75522728259493,0.13863636363636364,0.06,0.6064516129032258,0.94
644,median_mad,79.89920164782657,4.4200290902756585,118.4517438925428,0.029545454545454545,0.27,0.8488372093023255,0.73
645,mean_std,79.38936506256934,4.3042190223097485,122.04982536445884,0.013636363636363636,0.31,0.92,0.69
645,median_std,80.04974207247433,4.257967146087328,121.80541979825708,0.013636363636363636,0.32,0.918918918918919,0.68
645,quantile_99,76.66723419451506,4.166308230971355,119.37641154102812,0.05454545454545454,0.12,0.7857142857142857,0.88
645,median_mad,82.00246471780335,4.736928587803689,127.3882799579303,0.0,0.49,1.0,0.51
646,mean_std,78.73820764582575,4.084844352663975,124.09407371972034,0.022727272727272728,0.21,0.8876404494382022,0.79
646,median_std,78.72394011614429,4.060084785370862,124.95286588154633,0.020454545454545454,0.23,0.8953488372093024,0.77
646,quantile_99,77.21915443734605,3.901823702863477,119.65982666400161,0.06136363636363636,0.09,0.7711864406779662,0.91
646,median_mad,78.84754932811744,4.093102313030465,128.56075352053315,0.020454545454545454,0.26,0.891566265060241,0.74
647,mean_std,81.45735553741599,4.242888230781989,123.8127378918373,0.006818181818181818,0.31,0.9583333333333334,0.69
647,median_std,81.80834920453698,4.251009256991684,124.34479615414926,0.006818181818181818,0.36,0.9552238805970149,0.64
647,quantile_99,78.47161808550315,3.9973752047352136,121.16221837159492,0.029545454545454545,0.14,0.8686868686868687,0.86
647,median_mad,82.12683220459948,4.679491450270794,122.39732894508246,0.0022727272727272726,0.4,0.9836065573770492,0.6
648,mean_std,80.60049289657967,4.216189072162263,119.38316843032231,0.015909090909090907,0.24,0.9156626506024096,0.76
648,median_std,80.73896268908585,4.192876367322273,118.06403950526443,0.025,0.23,0.875,0.77
648,quantile_99,77.72001207897621,4.191757656837542,119.46040622851639,0.03409090909090909,0.15,0.85,0.85
648,median_mad,82.1350545078093,4.53832943542874,119.8248187407226,0.013636363636363636,0.31,0.92,0.69
649,mean_std,80.46919255472937,4.271462312629829,115.1211421508992,0.05,0.18,0.7884615384615384,0.82
649,median_std,80.85204434721199,4.304963135602586,115.50173936560071,0.05,0.2,0.7843137254901961,0.8
649,quantile_99,78.74357085256763,4.094254452419688,114.07578602697421,0.06818181818181818,0.09,0.7520661157024794,0.91
649,median_mad,80.80528321288487,4.442009243051429,117.2100504765705,0.031818181818181815,0.26,0.8409090909090909,0.74
650,mean_std,79.4400388272,4.076069141296797,126.43594730673489,0.01818181818181818,0.28,0.9,0.72
650,median_std,79.29422559021351,4.092892957713524,125.35084218659097,0.015909090909090907,0.26,0.9135802469135802,0.74
650,quantile_99,77.49421428119635,3.680648084135434,120.75784002913713,0.12727272727272726,0.08,0.6216216216216216,0.92
650,median_mad,81.38626122667608,4.478077863039749,124.94109593324852,0.0,0.42,1.0,0.58
651,mean_std,79.83975611989366,4.270898574234072,122.64887950868095,0.006818181818181818,0.31,0.9583333333333334,0.69
651,median_std,80.21908253362508,4.1628643334284225,121.90009752453709,0.00909090909090909,0.27,0.948051948051948,0.73
651,quantile_99,79.43722018984289,4.251767935171409,122.32758219213065,0.00909090909090909,0.3,0.9459459459459459,0.7
651,median_mad,79.21087178323094,4.293501397432847,123.66961457221888,0.006818181818181818,0.29,0.9594594594594594,0.71
652,mean_std,78.55041285309859,4.3028689453357645,122.70285897328377,0.01818181818181818,0.25,0.9036144578313253,0.75
652,median_std,78.73065792810313,4.270192943400111,122.97905870703116,0.015909090909090907,0.25,0.9146341463414634,0.75
652,quantile_99,77.66635680187724,4.03359161438453,118.85546308568641,0.05,0.11,0.8018018018018018,0.89
652,median_mad,80.92290096746156,4.72511794949868,123.3042164953745,0.004545454545454545,0.4,0.967741935483871,0.6
653,mean_std,80.56662065157921,4.222969386649321,118.96126149595105,0.022727272727272728,0.24,0.8837209302325582,0.76
653,median_std,80.71281560487655,4.231644707763197,118.70331038305164,0.025,0.24,0.8735632183908046,0.76
653,quantile_99,80.10587662939002,4.054705921510839,117.72894091291609,0.04090909090909091,0.21,0.8144329896907216,0.79
653,median_mad,80.47630057693071,4.498116237010723,123.7369453982947,0.004545454545454545,0.37,0.9692307692307692,0.63
654,mean_std,80.37415095194427,4.1778488902950235,124.36886555199978,0.006818181818181818,0.29,0.9594594594594594,0.71
654,median_std,81.14579192249137,4.154457836651394,122.66534211459145,0.00909090909090909,0.28,0.9473684210526315,0.72
654,quantile_99,77.27182433693291,4.032387595768356,120.3970609710972,0.04318181818181818,0.1,0.8256880733944955,0.9
654,median_mad,81.34226068609564,4.557948218347587,127.08882477004215,0.0,0.45,1.0,0.55
655,mean_std,79.37534623819299,4.199805417154144,122.39646960566353,0.011363636363636364,0.26,0.9367088607594937,0.74
655,median_std,80.04039877905089,4.231519891500053,120.83733968915926,0.015909090909090907,0.28,0.9113924050632911,0.72
655,quantile_99,76.88028729228714,3.906891747850564,121.75156429081643,0.06136363636363636,0.11,0.7672413793103449,0.89
655,median_mad,81.26173187322586,4.508100382615549,119.013059938755,0.015909090909090907,0.31,0.9078947368421053,0.69
656,mean_std,78.09043102387072,4.303808535060857,120.9381535183451,0.029545454545454545,0.21,0.8586956521739131,0.79
656,median_std,77.60687788123327,4.233416273259181,120.67901125532225,0.03409090909090909,0.17,0.8469387755102041,0.83
656,quantile_99,76.77612765783175,4.1369612413306065,120.3970609710972,0.05227272727272727,0.13,0.7909090909090909,0.87
656,median_mad,78.76266842114916,4.706583373329156,121.96076596851961,0.015909090909090907,0.31,0.9078947368421053,0.69
657,mean_std,78.82197359101671,4.370401125773021,119.63726961290047,0.025,0.23,0.875,0.77
657,median_std,78.59411070397522,4.399155201977316,119.78999242923999,0.02727272727272727,0.21,0.8681318681318682,0.79
657,quantile_99,78.3033021552745,4.120890246421582,114.98621502827623,0.06136363636363636,0.1,0.7692307692307693,0.9
657,median_mad,79.2601300436878,4.817180487426284,124.86544775693184,0.0022727272727272726,0.36,0.9846153846153847,0.64
658,mean_std,78.58976457457912,4.308803809855432,120.29434257567749,0.022727272727272728,0.21,0.8876404494382022,0.79
658,median_std,78.27310472775166,4.313361261857208,118.35929490306164,0.03636363636363636,0.2,0.8333333333333334,0.8
658,quantile_99,77.5356037898854,4.191757656837542,119.71111709935768,0.03636363636363636,0.14,0.8431372549019608,0.86
658,median_mad,78.46767292067885,4.54795766811398,122.02836565989857,0.01818181818181818,0.28,0.9,0.72
659,mean_std,78.7398059055707,4.313126261884489,122.44365224201496,0.013636363636363636,0.26,0.925,0.74
659,median_std,78.84499811544246,4.322158485325283,122.49624267499831,0.013636363636363636,0.28,0.9230769230769231,0.72
659,quantile_99,77.422664311874,4.120890246421582,115.52994821479932,0.07272727272727272,0.09,0.7398373983739838,0.91
659,median_mad,80.32260533920183,4.5342329774521986,124.91441750410686,0.0,0.39,1.0,0.61
660,mean_std,78.84277799947115,4.23691947152549,120.58347605004158,0.020454545454545454,0.22,0.896551724137931,0.78
660,median_std,78.87788052885989,4.162676189697473,121.1191271610634,0.020454545454545454,0.21,0.8977272727272727,0.79
660,quantile_99,77.42867796225337,4.126464648175162,119.40911579316032,0.04090909090909091,0.12,0.8301886792452831,0.88
660,median_mad,81.43149135025712,4.354664178650425,127.09861752018904,0.0022727272727272726,0.4,0.9836065573770492,0.6
661,mean_std,80.23450989184855,4.296543420173773,116.9146142784621,0.03636363636363636,0.26,0.8222222222222222,0.74
661,median_std,80.217797256746,4.2845400316482385,116.72293374404639,0.04318181818181818,0.26,0.7956989247311828,0.74
661,quantile_99,78.37322940475646,4.126464648175162,112.64139919027123,0.08409090909090909,0.08,0.7131782945736435,0.92
661,median_mad,80.70188335775548,4.7289787822784835,124.89410743586988,0.0,0.41,1.0,0.59
662,mean_std,80.68892949449723,4.342111464918217,119.13054974516909,0.020454545454545454,0.28,0.8888888888888888,0.72
662,median_std,81.04641012750308,4.334915910974768,119.00307202041472,0.022727272727272728,0.29,0.8765432098765432,0.71
662,quantile_99,77.93059302917037,4.057866591079422,114.17361319795187,0.07272727272727272,0.07,0.744,0.93
662,median_mad,83.57144127665295,4.707627181706936,124.97067597331232,0.0,0.48,1.0,0.52
663,mean_std,81.47603486414273,4.211441581132858,120.53533755345279,0.013636363636363636,0.27,0.9240506329113924,0.73
663,median_std,81.90073810833154,4.234215209361824,120.35945341173795,0.01818181818181818,0.26,0.9024390243902439,0.74
663,quantile_99,79.44886343551379,3.849003996812515,116.79136953056695,0.07954545454545454,0.16,0.7058823529411765,0.84
663,median_mad,82.88004419862382,4.5747332244826815,125.20551633140427,0.0,0.46,1.0,0.54
664,mean_std,79.7765453035509,4.163427948627966,121.8744037764753,0.015909090909090907,0.26,0.9135802469135802,0.74
664,median_std,80.25104415503722,4.141361926627046,121.5404775610085,0.013636363636363636,0.25,0.9259259259259259,0.75
664,quantile_99,77.01091074269172,3.8277211824231254,120.25877097439854,0.08863636363636364,0.09,0.7,0.91
664,median_mad,82.29704365893629,4.799209385755686,125.65290435828585,0.0,0.49,1.0,0.51
665,mean_std,77.87189350232649,4.339719760227377,121.37284889759084,0.029545454545454545,0.22,0.8571428571428571,0.78
665,median_std,77.89712900934751,4.361636383118287,121.648325721894,0.02727272727272727,0.23,0.8651685393258427,0.77
665,quantile_99,75.74101197593438,4.18920263609352,120.5067993981641,0.07727272727272727,0.13,0.71900826446281,0.87
665,median_mad,77.04311994779503,4.520002405057665,126.78384775667695,0.029545454545454545,0.24,0.8539325842696629,0.76
666,mean_std,79.08109846394557,4.303067374159967,120.12880276331543,0.020454545454545454,0.25,0.8928571428571429,0.75
666,median_std,79.65420177345804,4.350467331021017,118.62949152556408,0.022727272727272728,0.27,0.8795180722891566,0.73
666,quantile_99,77.66635680187724,4.094254452419688,120.90078753941901,0.03636363636363636,0.16,0.84,0.84
666,median_mad,81.40542247874531,4.869034167923877,123.5324371108518,0.004545454545454545,0.44,0.9655172413793104,0.56
667,mean_std,81.13365090426541,4.295228944573211,122.46275907872925,0.006818181818181818,0.34,0.9565217391304348,0.66
667,median_std,81.44133777672495,4.3630717311832665,122.4439432911937,0.004545454545454545,0.36,0.9696969696969697,0.64
667,quantile_99,78.65619304914786,4.2164245692445075,118.0944385590528,0.038636363636363635,0.19,0.826530612244898,0.81
667,median_mad,82.4583537012359,4.623132333655269,126.5896643974988,0.0,0.48,1.0,0.52
668,mean_std,79.89450717083979,4.082186059747557,124.6352073022046,0.01818181818181818,0.27,0.9012345679012346,0.73
668,median_std,79.63056340494312,3.98009997680333,124.62178223791462,0.02727272727272727,0.22,0.8666666666666667,0.78
668,quantile_99,77.11801940258219,3.9010947126684723,121.93870371687395,0.05454545454545454,0.11,0.7876106194690266,0.89
668,median_mad,84.33847907770372,4.393785927587026,127.02753365638384,0.0022727272727272726,0.42,0.9830508474576272,0.58
669,mean_std,79.79849821198378,4.250462822717569,120.29071192285586,0.015909090909090907,0.26,0.9135802469135802,0.74
669,median_std,80.00432675728467,4.239356059933863,119.57082733679174,0.01818181818181818,0.24,0.9047619047619048,0.76
669,quantile_99,78.47161808550315,4.2164245692445075,120.75784002913713,0.020454545454545454,0.21,0.8977272727272727,0.79
669,median_mad,80.06585714210703,4.611052175902808,122.47715311859012,0.00909090909090909,0.37,0.9402985074626866,0.63
670,mean_std,80.0431039650511,4.204166734178632,120.005753539615,0.01818181818181818,0.24,0.9047619047619048,0.76
670,median_std,80.5511978338642,4.2518710755716125,119.48274580962423,0.01818181818181818,0.26,0.9024390243902439,0.74
670,quantile_99,78.40022583893034,3.9547013113086713,118.32337188349499,0.05227272727272727,0.13,0.7909090909090909,0.87
670,median_mad,81.03337840517048,4.654534916568636,123.90012200268002,0.004545454545454545,0.39,0.9682539682539683,0.61
671,mean_std,79.1812237527274,4.2639998610180845,123.88126381316535,0.013636363636363636,0.28,0.9230769230769231,0.72
671,median_std,78.84812620062836,4.263637319960374,124.25766812275693,0.015909090909090907,0.27,0.9125,0.73
671,quantile_99,77.42974552831043,3.8985520938313316,119.37641154102812,0.06136363636363636,0.1,0.7692307692307693,0.9
671,median_mad,78.82430688081811,4.398261702810414,126.23078426961807,0.011363636363636364,0.32,0.9315068493150684,0.68
672,mean_std,78.91968102282915,4.284404997377816,124.03455422331612,0.00909090909090909,0.27,0.948051948051948,0.73
672,median_std,78.78745525397059,4.252343490126286,123.80206690857554,0.013636363636363636,0.26,0.925,0.74
672,quantile_99,78.53402369277046,4.054946058227935,121.08235369377867,0.02727272727272727,0.18,0.8723404255319149,0.82
672,median_mad,77.25248643619945,4.503228341844321,121.72616493760128,0.025,0.22,0.8764044943820225,0.78
673,mean_std,79.28787468674554,3.9762673912894364,121.84004447264788,0.029545454545454545,0.18,0.8631578947368421,0.82
673,median_std,79.4593752098821,4.013168944006251,123.89184496501173,0.020454545454545454,0.21,0.8977272727272727,0.79
673,quantile_99,77.06353994633454,3.7959323373637153,117.53258110821895,0.10454545454545454,0.09,0.6642335766423357,0.91
673,median_mad,79.29437196100652,4.269670933115739,126.04578592998756,0.00909090909090909,0.33,0.9436619718309859,0.67
674,mean_std,79.88675353804591,4.1815766333228135,124.51822967807632,0.00909090909090909,0.28,0.9473684210526315,0.72
674,median_std,80.1016355900676,4.116827545635231,123.74638176253244,0.011363636363636364,0.26,0.9367088607594937,0.74
674,quantile_99,77.34741839513305,4.0726581349368525,123.22609664194201,0.03409090909090909,0.15,0.85,0.85
674,median_mad,81.7019876000852,4.335111505914146,128.27263026781773,0.0022727272727272726,0.4,0.9836065573770492,0.6
675,mean_std,79.76228666790377,4.225320099659244,123.95252896936601,0.006818181818181818,0.29,0.9594594594594594,0.71
675,median_std,79.60808803216341,4.216516186984542,123.5075487219673,0.006818181818181818,0.29,0.9594594594594594,0.71
675,quantile_99,79.16641681690659,4.251767935171409,122.11234334885636,0.00909090909090909,0.28,0.9473684210526315,0.72
675,median_mad,79.6379994626612,4.576184844896461,126.27115462903387,0.0022727272727272726,0.4,0.9836065573770492,0.6
676,mean_std,78.99370499004159,4.137876238982128,125.42512908433997,0.00909090909090909,0.26,0.9487179487179487,0.74
676,median_std,78.4405648882242,4.164678679132187,125.26367732529908,0.015909090909090907,0.24,0.9156626506024096,0.76
676,quantile_99,79.26543786599724,3.997199887956605,123.22609664194201,0.01818181818181818,0.19,0.9101123595505618,0.81
676,median_mad,78.59541617489197,4.067952173417445,133.20533214290955,0.01818181818181818,0.24,0.9047619047619048,0.76
677,mean_std,78.92494173422399,4.346282938569479,123.49561699790331,0.013636363636363636,0.28,0.9230769230769231,0.72
677,median_std,78.96242148072885,4.319600011226729,122.14794201861702,0.015909090909090907,0.28,0.9113924050632911,0.72
677,quantile_99,76.62639472389161,4.070335571178606,119.46040622851639,0.06136363636363636,0.11,0.7672413793103449,0.89
677,median_mad,79.87163480914286,4.9089852600060935,125.22662908558164,0.004545454545454545,0.41,0.9672131147540983,0.59
678,mean_std,77.81001971554517,3.9152582643650917,121.9010252558113,0.045454545454545456,0.13,0.8130841121495327,0.87
678,median_std,77.76824448990307,3.9030968769128918,121.20057482131901,0.05,0.11,0.8018018018018018,0.89
678,quantile_99,77.33571600747008,3.8000535751772935,121.65044507271563,0.08181818181818182,0.1,0.7142857142857143,0.9
678,median_mad,79.33105169673351,4.166987429290359,126.13020170931314,0.011363636363636364,0.28,0.935064935064935,0.72
679,mean_std,79.65319774692844,4.299410292407625,125.49345935222159,0.00909090909090909,0.35,0.9420289855072463,0.65
679,median_std,79.85176782713596,4.321631544455281,124.97879808101962,0.006818181818181818,0.35,0.9558823529411765,0.65
679,quantile_99,76.30454365044817,3.9290793246330193,120.10543022443264,0.07727272727272727,0.09,0.728,0.91
679,median_mad,82.71147103650537,4.653226309359109,134.01518469582675,0.0,0.53,1.0,0.47
680,mean_std,80.9869174180382,4.317658450660156,122.71206860916563,0.006818181818181818,0.35,0.9558823529411765,0.65
680,median_std,80.5146680166032,4.322119748546703,123.38716816799679,0.006818181818181818,0.34,0.9565217391304348,0.66
680,quantile_99,78.65619304914786,4.030385414109241,119.40911579316032,0.03409090909090909,0.14,0.8514851485148515,0.86
680,median_mad,84.03284604308666,4.6903475347918455,131.00491661056566,0.0,0.54,1.0,0.46
681,mean_std,79.12163602861307,4.348788195231448,120.9483337707569,0.013636363636363636,0.28,0.9230769230769231,0.72
681,median_std,79.52307204197322,4.343400164411786,122.52736602913453,0.00909090909090909,0.32,0.9444444444444444,0.68
681,quantile_99,76.8241882373423,4.274894488820981,116.00781311495608,0.07727272727272727,0.14,0.7166666666666667,0.86
681,median_mad,81.14744594225908,4.453389957568188,128.09437799832472,0.0,0.42,1.0,0.58
682,mean_std,77.9637264082065,4.2496093046383425,119.2413272002074,0.03636363636363636,0.17,0.8383838383838383,0.83
682,median_std,77.68570058763478,4.240172203112286,118.98578914693871,0.045454545454545456,0.16,0.8076923076923077,0.84
682,quantile_99,76.17103122624547,3.995558806156712,119.08614379988009,0.075,0.09,0.7338709677419355,0.91
682,median_mad,78.90266498991252,4.80364640593195,125.48660701111156,0.006818181818181818,0.35,0.9558823529411765,0.65
683,mean_std,79.62198769414029,4.223484936703851,119.39639097226251,0.025,0.23,0.875,0.77
683,median_std,79.4577327338119,4.204669842280843,118.69418192389244,0.029545454545454545,0.22,0.8571428571428571,0.78
683,quantile_99,78.17195032978107,4.092478929529775,117.63555921727644,0.05227272727272727,0.15,0.7870370370370371,0.85
683,median_mad,83.52905593692859,4.5859566159894545,122.2883944962875,0.006818181818181818,0.4,0.9523809523809523,0.6
684,mean_std,79.52621697941296,4.227786953094804,122.26954161648459,0.013636363636363636,0.28,0.9230769230769231,0.72
684,median_std,79.1531405232283,4.289789686793335,121.07936233857549,0.013636363636363636,0.27,0.9240506329113924,0.73
684,quantile_99,77.29800713880647,3.843108166838747,122.50122182411306,0.06818181818181818,0.11,0.7478991596638656,0.89
684,median_mad,80.832913505396,4.898220808821684,124.67889417771315,0.0,0.43,1.0,0.57
685,mean_std,78.36493189114776,4.198377021505655,119.90159619444584,0.02727272727272727,0.18,0.8723404255319149,0.82
685,median_std,78.38245742921,4.121403252556142,118.85993803387055,0.03636363636363636,0.15,0.8415841584158416,0.85
685,quantile_99,76.33940975210137,4.229046218889713,119.72785037405944,0.05909090909090909,0.14,0.7678571428571429,0.86
685,median_mad,79.80986311853476,4.158594853892918,119.83195416378896,0.022727272727272728,0.21,0.8876404494382022,0.79
686,mean_std,78.45485402424478,4.341051661261771,118.90192629682994,0.03636363636363636,0.21,0.8315789473684211,0.79
686,median_std,78.50448932444179,4.318801903709707,119.78055655740322,0.031818181818181815,0.21,0.8494623655913979,0.79
686,quantile_99,75.82476167585043,4.070776916419864,114.69733435760848,0.11818181818181818,0.06,0.6438356164383562,0.94
686,median_mad,78.99090691060725,4.737880904327586,125.04258498061773,0.004545454545454545,0.34,0.9705882352941176,0.66
687,mean_std,80.09708429984565,4.123744980873959,118.63704386398238,0.031818181818181815,0.21,0.8494623655913979,0.79
687,median_std,80.00329134654342,4.046250223032246,119.54221052892002,0.031818181818181815,0.21,0.8494623655913979,0.79
687,quantile_99,76.95821794157345,3.881993481063091,115.53892095902947,0.1,0.07,0.6788321167883211,0.93
687,median_mad,83.71290468068334,4.36347979022702,126.80031877123074,0.0022727272727272726,0.42,0.9830508474576272,0.58
688,mean_std,78.91994596299,4.0310757914886635,121.04757046622572,0.029545454545454545,0.18,0.8631578947368421,0.82
688,median_std,79.43936267098397,4.061895656877886,120.71262695817654,0.02727272727272727,0.22,0.8666666666666667,0.78
688,quantile_99,77.53182668422387,3.764921060992948,119.08075520076913,0.10227272727272728,0.09,0.6691176470588235,0.91
688,median_mad,82.08575722813544,4.472054660339236,127.80673386651564,0.0,0.44,1.0,0.56
689,mean_std,78.86100296413208,4.143583865958645,121.43968755350534,0.01818181818181818,0.21,0.9080459770114943,0.79
689,median_std,78.80460293767894,4.173293173915055,121.43554875319896,0.020454545454545454,0.21,0.8977272727272727,0.79
689,quantile_99,77.6292674600674,3.997199887956605,120.90078753941901,0.038636363636363635,0.11,0.839622641509434,0.89
689,median_mad,78.54356856978288,4.540598349807529,122.8837885811813,0.015909090909090907,0.28,0.9113924050632911,0.72
690,mean_std,80.74060126364495,4.431309200174117,119.30917109920638,0.015909090909090907,0.28,0.9113924050632911,0.72
690,median_std,80.72220735522092,4.422455248974807,119.50638237401478,0.015909090909090907,0.28,0.9113924050632911,0.72
690,quantile_99,78.3033021552745,4.350071130065174,113.917213481743,0.0659090909090909,0.12,0.7521367521367521,0.88
690,median_mad,81.19321319057302,4.875690465637221,126.64024153606081,0.0,0.48,1.0,0.52
691,mean_std,78.73472924695056,4.259221318142065,122.93985696474556,0.01818181818181818,0.25,0.9036144578313253,0.75
691,median_std,78.60270308953493,4.302763833769948,123.13442127874319,0.020454545454545454,0.25,0.8928571428571429,0.75
691,quantile_99,76.47276303440997,4.039156390981333,119.50526788434047,0.06363636363636363,0.1,0.7627118644067796,0.9
691,median_mad,80.47102819126741,4.556968184436419,129.33287979613002,0.0,0.42,1.0,0.58
692,mean_std,80.54195594083637,4.345739307065768,119.5199480075303,0.015909090909090907,0.28,0.9113924050632911,0.72
692,median_std,80.63058914728136,4.329635071993248,118.85345277872777,0.020454545454545454,0.28,0.8888888888888888,0.72
692,quantile_99,78.0774552021107,4.123018311182777,118.37051169382391,0.04318181818181818,0.13,0.8207547169811321,0.87
692,median_mad,82.1136118283822,4.892694659330072,117.64988254462509,0.02727272727272727,0.31,0.8518518518518519,0.69
693,mean_std,80.20906999511459,4.112728214206647,118.61097918949837,0.029545454545454545,0.21,0.8586956521739131,0.79
693,median_std,79.91093997408709,4.105316068172726,118.66260362537533,0.03409090909090909,0.2,0.8421052631578947,0.8
693,quantile_99,78.39780813632792,4.0387653594740405,113.6654499095435,0.075,0.08,0.736,0.92
693,median_mad,82.54483545975432,4.2658506270875725,115.86556248168542,0.045454545454545456,0.24,0.7916666666666666,0.76
694,mean_std,79.31702006820889,3.9850089086273,119.30824583250092,0.03636363636363636,0.16,0.84,0.84
694,median_std,79.62569278146299,3.918889414963008,117.9629065026305,0.05454545454545454,0.17,0.7757009345794392,0.83
694,quantile_99,76.37904003010632,3.9275158820765492,118.14486766655413,0.09318181818181819,0.09,0.6893939393939394,0.91
694,median_mad,78.04740410660132,4.269682820117388,121.0143193807602,0.031818181818181815,0.2,0.851063829787234,0.8
695,mean_std,79.61967565976174,4.1733887642418726,121.34173309337233,0.01818181818181818,0.24,0.9047619047619048,0.76
695,median_std,79.41680940620132,4.176724461892619,120.74810683282692,0.020454545454545454,0.23,0.8953488372093024,0.77
695,quantile_99,77.01380276177343,3.944928383248238,117.54789793870198,0.07045454545454545,0.09,0.7459016393442623,0.91
695,median_mad,81.35360832865052,4.367041845966655,131.51510236913512,0.0022727272727272726,0.41,0.9833333333333333,0.59
696,mean_std,77.89967701402978,4.173019452422572,114.98041138564419,0.0659090909090909,0.09,0.7583333333333333,0.91
696,median_std,77.89722001356407,4.103807371443743,115.0258398583472,0.07045454545454545,0.09,0.7459016393442623,0.91
696,quantile_99,76.68108446233354,4.097287144095342,114.91415298701106,0.09090909090909091,0.07,0.6992481203007519,0.93
696,median_mad,80.7534198433192,4.512115660062063,116.4755223268971,0.038636363636363635,0.23,0.8191489361702128,0.77
697,mean_std,79.86260440325556,4.37278076286916,122.0269388068896,0.013636363636363636,0.33,0.9178082191780822,0.67
697,median_std,79.84276390987932,4.35627313852733,123.85104079252281,0.011363636363636364,0.33,0.9305555555555556,0.67
697,quantile_99,78.70984832624684,3.995558806156712,115.78308203967131,0.05909090909090909,0.12,0.7719298245614035,0.88
697,median_mad,81.67006655147324,4.598964616066561,123.74865392024674,0.004545454545454545,0.4,0.967741935483871,0.6
698,mean_std,79.9706901090068,4.017290599722605,116.89496737185384,0.04772727272727273,0.19,0.7941176470588235,0.81
698,median_std,80.11098676699669,4.122724600120921,116.80989982013732,0.045454545454545456,0.21,0.797979797979798,0.79
698,quantile_99,77.05683413588663,3.8393629321612455,115.80749575200636,0.10909090909090909,0.08,0.6571428571428571,0.92
698,median_mad,80.55394462204376,4.327741928303425,123.02896639081621,0.006818181818181818,0.34,0.9565217391304348,0.66
699,mean_std,78.97877261870278,4.350226682957507,122.37308893633573,0.00909090909090909,0.28,0.9473684210526315,0.72
699,median_std,78.82290357912889,4.292698017535419,121.65681676013614,0.011363636363636364,0.26,0.9367088607594937,0.74
699,quantile_99,77.93059302917037,4.235050906024787,124.20051347231971,0.01818181818181818,0.21,0.9080459770114943,0.79
699,median_mad,79.7490517485609,4.698932492499372,125.01943619081274,0.0022727272727272726,0.39,0.9838709677419355,0.61
700,mean_std,78.88280739544454,4.087584486042829,124.49187769682715,0.013636363636363636,0.24,0.926829268292683,0.76
700,median_std,78.71279036260613,4.021902122174183,124.21085733002977,0.01818181818181818,0.19,0.9101123595505618,0.81
700,quantile_99,78.24047898637583,3.9104414795176914,120.90871406179625,0.04090909090909091,0.13,0.8285714285714286,0.87
700,median_mad,78.65942814466048,4.447644649483497,133.69539784983857,0.00909090909090909,0.34,0.9428571428571428,0.66
701,mean_std,77.74774081792827,4.251546684328035,121.79720309059131,0.029545454545454545,0.22,0.8571428571428571,0.78
701,median_std,77.99721127585694,4.187846294178398,121.81764306146249,0.02727272727272727,0.2,0.8695652173913043,0.8
701,quantile_99,76.64364311250925,4.110179153974799,118.43161349824553,0.06363636363636363,0.11,0.7606837606837606,0.89
701,median_mad,78.19368161862364,4.499687166414933,123.71510939533447,0.022727272727272728,0.28,0.8780487804878049,0.72
702,mean_std,79.74324761192497,4.198956376411204,120.44872766064431,0.020454545454545454,0.24,0.8941176470588236,0.76
702,median_std,79.97331340946488,4.245410837525387,119.5925626019574,0.022727272727272728,0.26,0.8809523809523809,0.74
702,quantile_99,79.17806006257749,3.8324802395511757,119.12023515287552,0.07045454545454545,0.14,0.7350427350427351,0.86
702,median_mad,81.57298049908113,4.617501632671932,119.63689629278102,0.015909090909090907,0.32,0.9066666666666666,0.68
703,mean_std,80.64921754039335,4.342886709743771,122.99997532817895,0.006818181818181818,0.34,0.9565217391304348,0.66
703,median_std,80.29388251577903,4.298409013317901,123.70584731296842,0.00909090909090909,0.33,0.9436619718309859,0.67
703,quantile_99,80.10587662939002,4.054946058227935,118.61571054859034,0.03409090909090909,0.21,0.8404255319148937,0.79
703,median_mad,82.04344297892801,4.734267942334313,123.96125813496477,0.004545454545454545,0.43,0.9661016949152542,0.57
704,mean_std,77.47980918070839,3.869849965782737,121.10389047623117,0.07045454545454545,0.1,0.743801652892562,0.9
704,median_std,77.55888132157168,3.8768272817777722,120.53248062362174,0.07045454545454545,0.1,0.743801652892562,0.9
704,quantile_99,76.99757145864285,3.7435488440140006,118.88237877250752,0.11818181818181818,0.08,0.6388888888888888,0.92
704,median_mad,78.12836264767445,4.136021678431259,123.97082894070422,0.029545454545454545,0.21,0.8586956521739131,0.79
705,mean_std,80.47387492435544,4.382478567101466,122.49307663524323,0.004545454545454545,0.34,0.9705882352941176,0.66
705,median_std,80.87535964855536,4.372721316153967,123.06329083757686,0.004545454545454545,0.34,0.9705882352941176,0.66
705,quantile_99,78.58238309997263,4.162861893978971,118.53093993947621,0.03409090909090909,0.16,0.8484848484848485,0.84
705,median_mad,82.68952499251662,4.3706000372423155,129.5236590561803,0.0,0.43,1.0,0.57
706,mean_std,80.35134953011286,4.263603039936317,122.43683182924084,0.00909090909090909,0.32,0.9444444444444444,0.68
706,median_std,80.50530669395728,4.276822399578185,123.1169706112738,0.00909090909090909,0.32,0.9444444444444444,0.68
706,quantile_99,77.87835882550073,4.094254452419688,117.43374343951568,0.05454545454545454,0.13,0.7837837837837838,0.87
706,median_mad,83.41017127791534,4.331356428352665,128.03072055893546,0.0022727272727272726,0.42,0.9830508474576272,0.58
707,mean_std,77.81507385785795,4.219745016774075,121.74884309718763,0.02727272727272727,0.21,0.8681318681318682,0.79
707,median_std,77.75906274067349,4.19140301754153,121.15004530153475,0.02727272727272727,0.18,0.8723404255319149,0.82
707,quantile_99,77.01739536900003,3.9903014909627723,122.13996823320066,0.04772727272727273,0.12,0.8073394495412844,0.88
707,median_mad,78.72071806174515,4.714658762431235,126.80092740653487,0.00909090909090909,0.36,0.9411764705882353,0.64
708,mean_std,79.67498123263643,4.159212287459396,118.76774820673329,0.02727272727272727,0.21,0.8681318681318682,0.79
708,median_std,80.0261741127856,4.22024763869331,118.89468109772571,0.025,0.24,0.8735632183908046,0.76
708,quantile_99,77.76100584957136,3.8253837303644644,119.73031405288509,0.08181818181818182,0.11,0.712,0.89
708,median_mad,79.85970436925382,4.507415493295552,119.27328919971809,0.01818181818181818,0.27,0.9012345679012346,0.73
709,mean_std,81.14259668257164,4.2378951404855645,124.46597829738413,0.004545454545454545,0.33,0.9710144927536232,0.67
709,median_std,80.9020892585939,4.237744750057118,125.1473873882006,0.004545454545454545,0.34,0.9705882352941176,0.66
709,quantile_99,79.01798329016856,4.159682957612302,119.65982666400161,0.020454545454545454,0.18,0.9010989010989011,0.82
709,median_mad,82.45293772459243,4.334906915655607,125.33609703539645,0.0022727272727272726,0.4,0.9836065573770492,0.6
710,mean_std,78.64693727244509,4.105499598553563,123.63691503967817,0.025,0.2,0.8791208791208791,0.8
710,median_std,78.54567994665423,4.076923835162015,124.34070738820591,0.022727272727272728,0.22,0.8863636363636364,0.78
710,quantile_99,77.39854592257144,4.038916254264238,119.40911579316032,0.045454545454545456,0.1,0.8181818181818182,0.9
710,median_mad,80.60445350779042,4.201417383747503,128.3264227763789,0.004545454545454545,0.33,0.9710144927536232,0.67
711,mean_std,79.62241969720282,4.1385649567117815,120.88739066485651,0.015909090909090907,0.24,0.9156626506024096,0.76
711,median_std,79.38574749635168,4.111274091345784,121.08898442529114,0.015909090909090907,0.21,0.9186046511627907,0.79
711,quantile_99,76.47276303440997,3.9415483047322035,123.05245700995958,0.06363636363636363,0.11,0.7606837606837606,0.89
711,median_mad,79.45817065561957,4.549727446156173,125.13623812328939,0.004545454545454545,0.37,0.9692307692307692,0.63
712,mean_std,80.48128855670163,4.10354626131695,118.0145519442859,0.04318181818181818,0.21,0.8061224489795918,0.79
712,median_std,81.04676344674846,4.131765822162323,117.57661626668337,0.038636363636363635,0.22,0.8210526315789474,0.78
712,quantile_99,78.0374202121277,3.8736538270438583,113.72016073435815,0.10454545454545454,0.06,0.6714285714285714,0.94
712,median_mad,81.42367114617757,4.550380295264549,121.80253218895294,0.006818181818181818,0.38,0.9538461538461539,0.62
713,mean_std,80.70873662069279,4.325881929576929,119.57564994383878,0.015909090909090907,0.28,0.9113924050632911,0.72
713,median_std,80.24250431899101,4.325498607248097,120.82500428459062,0.011363636363636364,0.32,0.9315068493150684,0.68
713,quantile_99,79.44886343551379,3.9930906319601784,119.10617395652771,0.03409090909090909,0.17,0.8469387755102041,0.83
713,median_mad,82.03913496229127,4.812119739415486,124.70069357083808,0.0,0.46,1.0,0.54
714,mean_std,78.73763739588387,4.089140715635118,125.08996357920923,0.020454545454545454,0.24,0.8941176470588236,0.76
714,median_std,78.4907502347435,4.011514232051858,125.95493243076992,0.025,0.21,0.8777777777777778,0.79
714,quantile_99,76.72014841765962,3.9953186694396168,120.08513134241613,0.06136363636363636,0.1,0.7692307692307693,0.9
714,median_mad,80.44283549502063,4.267500453233078,135.19230482696315,0.004545454545454545,0.36,0.9696969696969697,0.64
715,mean_std,79.71024902856477,4.4276125129350685,124.5622950780525,0.004545454545454545,0.37,0.9692307692307692,0.63
715,median_std,79.92787081283149,4.466805063725304,124.31581762148849,0.006818181818181818,0.37,0.9545454545454546,0.63
715,quantile_99,77.14462222665587,4.040797472781226,121.28919148180324,0.038636363636363635,0.12,0.8380952380952381,0.88
715,median_mad,83.15291417984163,4.9544019621221596,129.07319510320667,0.0,0.56,1.0,0.44
716,mean_std,81.35851972776062,4.243257906636604,120.42556319452738,0.015909090909090907,0.26,0.9135802469135802,0.74
716,median_std,81.04402136632876,4.265344982880551,120.98430809003388,0.013636363636363636,0.31,0.92,0.69
716,quantile_99,80.10587662939002,4.120890246421582,116.69712419598567,0.045454545454545456,0.21,0.797979797979798,0.79
716,median_mad,81.81551179143045,4.631018309149681,127.99255768202651,0.0,0.47,1.0,0.53
717,mean_std,79.27994142854325,3.9647577355322916,116.54177636067415,0.06363636363636363,0.13,0.7565217391304347,0.87
717,median_std,79.32044608596574,4.038081593039628,115.80975573623107,0.05909090909090909,0.14,0.7678571428571429,0.86
717,quantile_99,77.58408185529284,3.8066190589624473,114.66684124369138,0.11136363636363636,0.06,0.6573426573426573,0.94
717,median_mad,77.86210654811161,4.24830031725852,118.139003745573,0.05,0.17,0.7904761904761904,0.83
718,mean_std,80.77785817589805,4.355664715029343,120.23476319829047,0.013636363636363636,0.29,0.922077922077922,0.71
718,median_std,81.3894709520976,4.390166516732458,120.28153800754886,0.013636363636363636,0.31,0.92,0.69
718,quantile_99,77.95900091672905,4.251767935171409,117.52514704694353,0.045454545454545456,0.17,0.8058252427184466,0.83
718,median_mad,85.23573947101907,4.631325295550774,121.17685389176872,0.006818181818181818,0.38,0.9538461538461539,0.62
719,mean_std,78.68946473442954,4.170488515374194,117.44913427504187,0.04318181818181818,0.17,0.8137254901960784,0.83
719,median_std,79.05675389155256,4.174421860740151,117.64425974233316,0.038636363636363635,0.18,0.8282828282828283,0.82
719,quantile_99,75.43822196142952,4.096824134244628,111.73195304596729,0.16590909090909092,0.06,0.562874251497006,0.94
719,median_mad,80.56762296825283,4.643936009834348,122.92453543640603,0.004545454545454545,0.38,0.96875,0.62
720,mean_std,78.737864034994,4.321872973404315,117.99889358371773,0.03636363636363636,0.22,0.8297872340425532,0.78
720,median_std,78.5603487240196,4.327812157380624,117.03664406170628,0.04090909090909091,0.2,0.8163265306122449,0.8
720,quantile_99,76.00286048461285,4.124899529699766,121.28919148180324,0.0659090909090909,0.12,0.7521367521367521,0.88
720,median_mad,80.6741759103945,4.461613978570096,118.59803241477333,0.01818181818181818,0.29,0.8987341772151899,0.71
721,mean_std,78.02023667758894,4.15202044942785,119.1749977511601,0.04090909090909091,0.14,0.8269230769230769,0.86
721,median_std,78.35611504983851,4.124011202978103,118.98540589167177,0.038636363636363635,0.15,0.8333333333333334,0.85
721,quantile_99,75.6782336971461,4.000526933612731,115.8780250495851,0.11363636363636363,0.07,0.6503496503496503,0.93
721,median_mad,80.65217001249192,4.55580000410742,123.8049082868159,0.004545454545454545,0.37,0.9692307692307692,0.63
722,mean_std,79.10774303110689,4.275156180276934,121.19719569942173,0.013636363636363636,0.26,0.925,0.74
722,median_std,79.63130165193078,4.255743732995642,121.77888769070557,0.013636363636363636,0.31,0.92,0.69
722,quantile_99,79.37165218310308,3.9388783482954444,118.0944385590528,0.04772727272727273,0.15,0.8018867924528302,0.85
722,median_mad,79.99736462296244,4.62001841338723,126.57365473071634,0.0022727272727272726,0.42,0.9830508474576272,0.58
723,mean_std,78.51295908220702,4.185802101939833,125.07288982487577,0.01818181818181818,0.24,0.9047619047619048,0.76
723,median_std,78.86589611114567,4.178596294075497,124.09021805901477,0.013636363636363636,0.23,0.927710843373494,0.77
723,quantile_99,77.39854592257144,3.9301669493362605,124.20051347231971,0.04318181818181818,0.11,0.8240740740740741,0.89
723,median_mad,79.57695711259466,4.164181568896932,123.95717169276926,0.011363636363636364,0.26,0.9367088607594937,0.74
724,mean_std,81.0696000605808,4.432255530596084,120.73861986751002,0.00909090909090909,0.34,0.9428571428571428,0.66
724,median_std,81.34828218011,4.456179388210618,120.04529267110509,0.013636363636363636,0.33,0.9178082191780822,0.67
724,quantile_99,78.47161808550315,4.350071130065174,118.43161349824553,0.03409090909090909,0.21,0.8404255319148937,0.79
724,median_mad,82.74190338338965,4.74939655508413,120.18624274647516,0.013636363636363636,0.34,0.9166666666666666,0.66
725,mean_std,78.881850976874,4.1941030957690035,122.01538291452466,0.01818181818181818,0.25,0.9036144578313253,0.75
725,median_std,78.93825546971686,4.144974260340542,123.40566284390356,0.01818181818181818,0.23,0.9058823529411765,0.77
725,quantile_99,77.9091562543407,3.9301669493362605,116.76697853231724,0.07272727272727272,0.11,0.7355371900826446,0.89
725,median_mad,79.45916866505738,4.501147717717928,127.04533510262046,0.004545454545454545,0.38,0.96875,0.62
726,mean_std,77.68733120648899,4.142577532313942,118.91427139278213,0.04772727272727273,0.14,0.8037383177570093,0.86
726,median_std,77.52056875600103,4.144125757481196,119.71537179474925,0.04318181818181818,0.13,0.8207547169811321,0.87
726,quantile_99,75.8297464280896,3.986233514260066,116.76644127293112,0.11818181818181818,0.08,0.6388888888888888,0.92
726,median_mad,78.46450841807437,4.414945778450478,120.0307197902654,0.025,0.22,0.8764044943820225,0.78
727,mean_std,78.66119423928313,4.280689252297213,118.52021635734874,0.03409090909090909,0.2,0.8421052631578947,0.8
727,median_std,78.99201051948569,4.29474911445214,117.97373469070367,0.03636363636363636,0.22,0.8297872340425532,0.78
727,quantile_99,78.90344044677242,3.945892325683409,118.07799997085624,0.05,0.14,0.7962962962962963,0.86
727,median_mad,79.16613960873083,4.766114815881339,116.81905125962554,0.038636363636363635,0.24,0.8172043010752689,0.76
728,mean_std,79.66277991733159,4.322192380901074,121.73195637556482,0.013636363636363636,0.33,0.9178082191780822,0.67
728,median_std,79.21972850342182,4.314845026722384,120.71362068672481,0.013636363636363636,0.27,0.9240506329113924,0.73
728,quantile_99,77.6292674600674,4.057443561299149,119.9813546838581,0.04090909090909091,0.12,0.8301886792452831,0.88
728,median_mad,81.67741132113355,4.6273523210164065,125.38074845661814,0.0,0.45,1.0,0.55
729,mean_std,79.26035006459581,4.123976792371819,121.27408406015029,0.015909090909090907,0.21,0.9186046511627907,0.79
729,median_std,78.93615371102447,4.102867839913244,121.58253864254281,0.022727272727272728,0.2,0.8888888888888888,0.8
729,quantile_99,78.25376013424983,3.8101726383333703,119.33146607161042,0.07727272727272727,0.13,0.71900826446281,0.87
729,median_mad,77.71930609930052,4.555091475513323,121.99630999520495,0.025,0.26,0.8705882352941177,0.74
730,mean_std,79.53123880125288,4.167981824522837,121.17026521041318,0.013636363636363636,0.24,0.926829268292683,0.76
730,median_std,79.99825960525862,4.1527610950728935,119.98434475683338,0.020454545454545454,0.22,0.896551724137931,0.78
730,quantile_99,78.98184185326188,3.9335710982881857,121.28456756822126,0.029545454545454545,0.14,0.8686868686868687,0.86
730,median_mad,82.13126168575751,4.3447120134525665,123.44937209193446,0.004545454545454545,0.36,0.9696969696969697,0.64
731,mean_std,78.53673740551875,4.162983669226997,119.24734708299322,0.03409090909090909,0.16,0.8484848484848485,0.84
731,median_std,78.7759915735424,4.229972078092969,118.9188122087471,0.03409090909090909,0.2,0.8421052631578947,0.8
731,quantile_99,76.8068899902407,3.942533471100988,116.83162572604834,0.08409090909090909,0.09,0.7109375,0.91
731,median_mad,78.10861940120843,4.482531134717265,122.97432039113323,0.022727272727272728,0.27,0.8795180722891566,0.73
732,mean_std,78.59432567368002,4.199454544507324,119.07944774941912,0.03409090909090909,0.18,0.845360824742268,0.82
732,median_std,78.45170220976841,4.096530321376912,118.87031153261997,0.04318181818181818,0.15,0.8173076923076923,0.85
732,quantile_99,77.11801940258219,3.8820740832691176,118.56658244540161,0.075,0.09,0.7338709677419355,0.91
732,median_mad,78.29470574157004,4.587050249296452,122.38444037943484,0.01818181818181818,0.28,0.9,0.72
733,mean_std,80.13637007375578,4.282004682904937,120.3378116422747,0.015909090909090907,0.27,0.9125,0.73
733,median_std,79.8035040141151,4.268374993961661,119.69159551098141,0.020454545454545454,0.25,0.8928571428571429,0.75
733,quantile_99,79.37165218310308,4.03359161438453,118.82901840298301,0.031818181818181815,0.16,0.8571428571428571,0.84
733,median_mad,81.39316178266253,4.371750257491456,125.25366272894354,0.0022727272727272726,0.39,0.9838709677419355,0.61
734,mean_std,78.94442556624898,3.9823252561056774,121.20606643760165,0.029545454545454545,0.15,0.8673469387755102,0.85
734,median_std,78.89359035868314,3.950016683272392,121.14396138655711,0.031818181818181815,0.14,0.86,0.86
734,quantile_99,77.76100584957136,3.947649325167536,121.28456756822126,0.038636363636363635,0.11,0.839622641509434,0.89
734,median_mad,79.44327856917701,4.017626202566154,117.57041145811036,0.04090909090909091,0.17,0.8217821782178217,0.83
735,mean_std,81.01529251846836,4.097139532032985,118.96042307216527,0.031818181818181815,0.22,0.8478260869565217,0.78
735,median_std,81.95200619698456,4.135310498430198,119.04112001857453,0.02727272727272727,0.23,0.8651685393258427,0.77
735,quantile_99,78.2339392458793,3.943840758544997,119.08460273002873,0.04772727272727273,0.13,0.8055555555555556,0.87
735,median_mad,83.78129527456036,4.3104445744321325,119.78228478548539,0.015909090909090907,0.29,0.9102564102564102,0.71
736,mean_std,79.27794380850904,4.3533699983388265,121.10801833110357,0.013636363636363636,0.28,0.9230769230769231,0.72
736,median_std,79.78592706163624,4.307772130745127,121.62594546556431,0.013636363636363636,0.31,0.92,0.69
736,quantile_99,76.80688952785285,4.274894488820981,115.9136675555105,0.07727272727272727,0.14,0.7166666666666667,0.86
736,median_mad,80.6903402154193,4.4724639303603935,130.07170403936317,0.0,0.41,1.0,0.59
737,mean_std,79.4545511551299,4.165441524643179,121.01473984092311,0.020454545454545454,0.23,0.8953488372093024,0.77
737,median_std,79.58036816322375,4.18116086383069,120.46797926710255,0.025,0.22,0.8764044943820225,0.78
737,quantile_99,77.49421428119635,3.829432004006049,119.08075520076913,0.08863636363636364,0.1,0.6976744186046512,0.9
737,median_mad,80.57344017730668,4.731381538688861,123.55000222609578,0.004545454545454545,0.39,0.9682539682539683,0.61
738,mean_std,78.313456716415,4.136414216282461,122.27015543768553,0.022727272727272728,0.21,0.8876404494382022,0.79
738,median_std,78.19024872745419,4.117496199608709,121.8714601211584,0.02727272727272727,0.2,0.8695652173913043,0.8
738,quantile_99,75.76005343454871,4.032387595768356,118.37198522362335,0.09545454545454546,0.08,0.6865671641791045,0.92
738,median_mad,79.21916864423052,4.39830825923924,126.7180446283989,0.006818181818181818,0.34,0.9565217391304348,0.66
739,mean_std,79.52919678529182,4.246963823887407,121.55042783757865,0.013636363636363636,0.28,0.9230769230769231,0.72
739,median_std,79.45759451346589,4.209393565790522,121.7011851116971,0.013636363636363636,0.26,0.925,0.74
739,quantile_99,77.6925396037508,4.1765809864483145,115.71795151343338,0.0659090909090909,0.12,0.7521367521367521,0.88
739,median_mad,83.32336590433096,4.486464611037422,128.22801690186287,0.0,0.48,1.0,0.52
740,mean_std,80.17162777616885,4.0526573963934664,119.87826971416894,0.02727272727272727,0.21,0.8681318681318682,0.79
740,median_std,81.14812795132221,4.08436254092212,119.67506250159576,0.02727272727272727,0.22,0.8666666666666667,0.78
740,quantile_99,76.94177173560753,3.808965465840338,116.96778884398095,0.10909090909090909,0.09,0.6546762589928058,0.91
740,median_mad,82.57889902282058,4.381675863443003,121.91325072536831,0.00909090909090909,0.36,0.9411764705882353,0.64
741,mean_std,80.70182060431472,4.179981040916908,118.01677432633966,0.03409090909090909,0.22,0.8387096774193549,0.78
741,median_std,80.76395905733311,4.235059562985567,117.18749109560635,0.03409090909090909,0.24,0.8351648351648352,0.76
741,quantile_99,78.56141479950881,4.038916254264238,116.20346625757011,0.05909090909090909,0.13,0.7699115044247787,0.87
741,median_mad,81.9470430983566,4.5120984506655315,119.69986316621939,0.015909090909090907,0.31,0.9078947368421053,0.69
742,mean_std,79.14673451472495,4.100813189857247,122.17166522235144,0.020454545454545454,0.23,0.8953488372093024,0.77
742,median_std,79.2427022549544,4.176231096245598,122.6147521644543,0.013636363636363636,0.24,0.926829268292683,0.76
742,quantile_99,79.26543786599724,3.878517740070521,117.54789793870198,0.0659090909090909,0.15,0.7456140350877193,0.85
742,median_mad,80.16311119768541,4.235997084582321,125.50574202952517,0.004545454545454545,0.33,0.9710144927536232,0.67
743,mean_std,79.89153043846892,4.32809810074958,123.90186324172576,0.011363636363636364,0.33,0.9305555555555556,0.67
743,median_std,79.8110868376342,4.324789710794883,125.47800152173768,0.006818181818181818,0.36,0.9552238805970149,0.64
743,quantile_99,77.59736300316683,3.9733415043806084,117.02256285936296,0.0659090909090909,0.1,0.7563025210084033,0.9
743,median_mad,82.98295742927499,4.349679201253987,126.46499784679281,0.0022727272727272726,0.42,0.9830508474576272,0.58
744,mean_std,80.28084728341307,4.131250629687088,120.38735618926806,0.020454545454545454,0.22,0.896551724137931,0.78
744,median_std,80.24098434984329,4.096384955736595,121.60583361481162,0.01818181818181818,0.24,0.9047619047619048,0.76
744,quantile_99,78.31494540094539,4.005625196316508,114.2007946543189,0.06818181818181818,0.07,0.7560975609756098,0.93
744,median_mad,82.09293759361849,4.160789331959743,123.4261904327214,0.00909090909090909,0.28,0.9473684210526315,0.72
745,mean_std,81.03692111559764,4.212728954117676,118.12443767495687,0.031818181818181815,0.25,0.8426966292134831,0.75
745,median_std,81.25539315622667,4.253404375492525,119.03965425862047,0.022727272727272728,0.28,0.8780487804878049,0.72
745,quantile_99,77.32204061742108,4.030698854756095,112.94379364202929,0.09772727272727273,0.05,0.6884057971014492,0.95
745,median_mad,82.30518244297593,4.456210510613525,121.86269240819522,0.006818181818181818,0.38,0.9538461538461539,0.62
746,mean_std,78.60480504831055,4.244510597481688,123.94960958366858,0.01818181818181818,0.24,0.9047619047619048,0.76
746,median_std,78.16302210361725,4.238762711385236,124.52713452865561,0.020454545454545454,0.25,0.8928571428571429,0.75
746,quantile_99,78.79226709763422,3.9886681617764967,120.3970609710972,0.03636363636363636,0.16,0.84,0.84
746,median_mad,77.43033167274707,4.669473873253058,133.75918036276926,0.020454545454545454,0.28,0.8888888888888888,0.72
747,mean_std,79.46513774956159,4.2431517903193665,123.04170191550057,0.011363636363636364,0.28,0.935064935064935,0.72
747,median_std,79.38246899245043,4.258770358982943,123.01657279850778,0.011363636363636364,0.29,0.9342105263157895,0.71
747,quantile_99,77.3749671997951,4.130091821322038,120.75784002913713,0.03409090909090909,0.13,0.8529411764705882,0.87
747,median_mad,78.90321197642025,4.70271552973741,126.3780817987955,0.006818181818181818,0.37,0.9545454545454546,0.63
748,mean_std,80.01751943815299,4.329799324163477,119.98866119757774,0.015909090909090907,0.28,0.9113924050632911,0.72
748,median_std,79.77957669018392,4.271865372831011,119.20941500478416,0.020454545454545454,0.25,0.8928571428571429,0.75
748,quantile_99,79.01798329016856,4.251767935171409,116.34993157135608,0.045454545454545456,0.19,0.801980198019802,0.81
748,median_mad,81.34998229269438,4.513121648567212,120.24271000919019,0.013636363636363636,0.33,0.9178082191780822,0.67
749,mean_std,79.22270809076184,4.319097968904034,122.47883370627403,0.006818181818181818,0.3,0.958904109589041,0.7
749,median_std,79.29281432633283,4.300156331638122,123.62965502575915,0.00909090909090909,0.3,0.9459459459459459,0.7
749,quantile_99,77.77694122205351,4.164743112495959,119.12527889311873,0.038636363636363635,0.14,0.8349514563106796,0.86
749,median_mad,79.88697566561756,4.723324918984927,132.87858976891724,0.0022727272727272726,0.43,0.9827586206896551,0.57
750,mean_std,77.34289551609754,4.216515562045723,115.9216404944876,0.06818181818181818,0.13,0.7435897435897436,0.87
750,median_std,76.97390713898271,4.1910255138182855,115.32730267983347,0.075,0.1,0.7317073170731707,0.9
750,quantile_99,75.54623981568807,4.130091821322038,117.01748190390413,0.10454545454545454,0.1,0.6617647058823529,0.9
750,median_mad,78.78345068943798,4.0315199133677915,118.14681998301526,0.04318181818181818,0.15,0.8173076923076923,0.85
751,mean_std,79.19661611800223,4.277937727315927,123.0488995322051,0.00909090909090909,0.28,0.9473684210526315,0.72
751,median_std,79.22843388460859,4.229615899347045,122.89301096692965,0.00909090909090909,0.26,0.9487179487179487,0.74
751,quantile_99,78.99348509893278,4.124472573327464,118.91802127843293,0.025,0.17,0.8829787234042553,0.83
751,median_mad,78.45416265104022,4.429522057175378,129.72963853810518,0.011363636363636364,0.32,0.9315068493150684,0.68
752,mean_std,81.23266944216752,4.090742368605518,118.73409525862421,0.031818181818181815,0.22,0.8478260869565217,0.78
752,median_std,80.7682574913932,4.08988026706515,117.11923089672803,0.04090909090909091,0.21,0.8144329896907216,0.79
752,quantile_99,78.70984832624684,3.9694875944307553,115.8780250495851,0.06363636363636363,0.12,0.7586206896551724,0.88
752,median_mad,81.65922072835583,4.516886466331653,120.47283060136989,0.013636363636363636,0.33,0.9178082191780822,0.67
753,mean_std,80.09106507773461,4.306083159402436,122.34431192952269,0.013636363636363636,0.33,0.9178082191780822,0.67
753,median_std,80.93766930810061,4.303899637168453,122.86429636245049,0.006818181818181818,0.34,0.9565217391304348,0.66
753,quantile_99,76.9064700941607,4.166308230971355,119.12023515287552,0.05227272727272727,0.12,0.7927927927927928,0.88
753,median_mad,83.16171747238036,4.9624537094885515,126.79555282233885,0.0,0.55,1.0,0.45
754,mean_std,79.9449076700751,4.35858688382945,120.30832639010384,0.01818181818181818,0.29,0.8987341772151899,0.71
754,median_std,80.64433094618849,4.325890661079368,120.29176943199485,0.013636363636363636,0.29,0.922077922077922,0.71
754,quantile_99,76.53810558279054,4.040797472781226,120.10543022443264,0.05909090909090909,0.11,0.7739130434782608,0.89
754,median_mad,81.46833345769923,4.613430633266564,121.73052619582744,0.004545454545454545,0.39,0.9682539682539683,0.61
755,mean_std,78.48040327149653,4.134437090687287,119.88931864409777,0.03409090909090909,0.16,0.8484848484848485,0.84
755,median_std,78.58201006433785,4.135648699916634,119.55569085211012,0.03409090909090909,0.16,0.8484848484848485,0.84
755,quantile_99,75.82476167585043,3.979561569342974,117.50075812837306,0.10681818181818181,0.08,0.6618705035971223,0.92
755,median_mad,80.17449785307832,4.351521719583101,123.37674040485503,0.006818181818181818,0.34,0.9565217391304348,0.66
756,mean_std,78.34809417886615,4.258053766039106,120.08455895952926,0.022727272727272728,0.2,0.8888888888888888,0.8
756,median_std,78.20078883282717,4.219722501873043,120.36176406625624,0.02727272727272727,0.19,0.8709677419354839,0.81
756,quantile_99,77.06353994633454,4.274894488820981,122.13996823320066,0.031818181818181815,0.19,0.8526315789473684,0.81
756,median_mad,77.61117543355029,3.978628976144902,125.62237755860518,0.031818181818181815,0.14,0.86,0.86
757,mean_std,78.77579817474019,4.167581052021271,118.3913604119258,0.031818181818181815,0.18,0.8541666666666666,0.82
757,median_std,78.74520998791172,4.130432246052644,117.85221795342042,0.03636363636363636,0.17,0.8383838383838383,0.83
757,quantile_99,78.90344044677242,4.124339591685401,118.32337188349499,0.03409090909090909,0.17,0.8469387755102041,0.83
757,median_mad,80.6608936845564,4.441465697910342,123.85841492350505,0.004545454545454545,0.36,0.9696969696969697,0.64
758,mean_std,78.16779309254653,4.2247384159358,121.03774043831561,0.02727272727272727,0.21,0.8681318681318682,0.79
758,median_std,78.65915060013383,4.1662248723397495,119.77283061482885,0.031818181818181815,0.17,0.8556701030927835,0.83
758,quantile_99,76.64964646867492,4.042572995671139,120.23157694238124,0.05909090909090909,0.11,0.7739130434782608,0.89
758,median_mad,80.4454842858612,4.357537469684948,125.71630036229881,0.0022727272727272726,0.37,0.984375,0.63
759,mean_std,79.86066231404014,4.150906917732879,124.77991392918452,0.011363636363636364,0.28,0.935064935064935,0.72
759,median_std,79.94383291472379,4.171931802201866,126.19787961613979,0.011363636363636364,0.31,0.9324324324324325,0.69
759,quantile_99,77.14462222665587,3.766656063787117,121.11092793623885,0.09318181818181819,0.08,0.6917293233082706,0.92
759,median_mad,82.43188101641199,4.719207484643034,131.41988948638107,0.0,0.54,1.0,0.46
760,mean_std,79.84410373394581,4.0636274546434805,120.20660822089349,0.029545454545454545,0.21,0.8586956521739131,0.79
760,median_std,79.62949763683744,3.9854981313809477,119.73531586791924,0.038636363636363635,0.18,0.8282828282828283,0.82
760,quantile_99,76.8347362694504,4.063663626261514,115.73582414862244,0.08409090909090909,0.09,0.7109375,0.91
760,median_mad,79.97929227969807,4.008197113799194,128.1723273742885,0.015909090909090907,0.27,0.9125,0.73
761,mean_std,78.73057349635091,4.171486149145625,118.01991422813944,0.04090909090909091,0.17,0.8217821782178217,0.83
761,median_std,78.56618847132513,4.104837515022936,118.5471417380417,0.04090909090909091,0.15,0.8252427184466019,0.85
761,quantile_99,75.56156512412875,4.166308230971355,117.05980851059137,0.10227272727272728,0.11,0.664179104477612,0.89
761,median_mad,81.40814244634744,4.306515594270175,117.03957604606323,0.031818181818181815,0.28,0.8372093023255814,0.72
762,mean_std,79.89816830320612,3.862786289555809,119.14046400853405,0.06363636363636363,0.17,0.7477477477477478,0.83
762,median_std,80.30432834967463,3.816180444915424,117.95591560373325,0.08636363636363636,0.15,0.6910569105691057,0.85
762,quantile_99,77.21109830934645,3.7360919951998106,116.89753541492547,0.12727272727272726,0.08,0.6216216216216216,0.92
762,median_mad,78.01727039434579,4.103127116835809,121.94382269374904,0.03409090909090909,0.18,0.845360824742268,0.82
763,mean_std,79.38655217478832,4.285580200760332,122.8350565839936,0.00909090909090909,0.3,0.9459459459459459,0.7
763,median_std,79.60277830828197,4.152335316582539,122.19501337340422,0.011363636363636364,0.26,0.9367088607594937,0.74
763,quantile_99,78.22560560688004,4.235050906024787,121.96632860121825,0.020454545454545454,0.23,0.8953488372093024,0.77
763,median_mad,82.50246005014922,4.25512642807458,127.11324681102195,0.0022727272727272726,0.39,0.9838709677419355,0.61
764,mean_std,80.08946175143595,4.103423626952283,119.30555428435422,0.02727272727272727,0.21,0.8681318681318682,0.79
764,median_std,79.85280280199656,4.123579552412901,118.71421024460608,0.029545454545454545,0.2,0.8602150537634409,0.8
764,quantile_99,78.53402369277046,4.159682957612302,115.45498205085266,0.056818181818181816,0.12,0.7787610619469026,0.88
764,median_mad,83.59697456237973,4.384808934610123,117.38702556945171,0.031818181818181815,0.29,0.8352941176470589,0.71
765,mean_std,79.1240757214224,4.31785910883241,121.79581985263968,0.013636363636363636,0.3,0.9210526315789473,0.7
765,median_std,79.74380609489879,4.283115032630146,123.16390978636488,0.013636363636363636,0.31,0.92,0.69
765,quantile_99,76.45088661196579,3.9404078919560064,116.76697853231724,0.09545454545454546,0.09,0.6842105263157895,0.91
765,median_mad,81.85307849618484,4.830464693296127,126.02328452446244,0.0,0.5,1.0,0.5
766,mean_std,78.15566032002336,4.211254406747934,121.92833287126598,0.022727272727272728,0.23,0.8850574712643678,0.77
766,median_std,78.38005523260361,4.204210493762224,121.77412687027042,0.020454545454545454,0.23,0.8953488372093024,0.77
766,quantile_99,78.50775952240984,4.032026495909134,121.26156659745892,0.02727272727272727,0.16,0.875,0.84
766,median_mad,80.06581052391802,4.534967270499648,126.25305256518784,0.004545454545454545,0.41,0.9672131147540983,0.59
767,mean_std,78.280025041187,4.097981979142345,121.37241970041319,0.02727272727272727,0.18,0.8723404255319149,0.82
767,median_std,78.65298658905553,4.090578740834877,119.68379838542502,0.031818181818181815,0.16,0.8571428571428571,0.84
767,quantile_99,75.76946838612648,3.7617297622677235,124.20051347231971,0.12727272727272726,0.09,0.6190476190476191,0.91
767,median_mad,79.1196779443242,4.44562581908316,118.23135911881442,0.025,0.25,0.872093023255814,0.75
768,mean_std,78.61296281323415,4.383074913056935,121.11125702751353,0.01818181818181818,0.24,0.9047619047619048,0.76
768,median_std,78.89439487440909,4.315018608078308,120.930040800612,0.013636363636363636,0.25,0.9259259259259259,0.75
768,quantile_99,75.76911897191724,4.229046218889713,120.4850812521799,0.07954545454545454,0.14,0.7107438016528925,0.86
768,median_mad,79.6581702725447,4.478010614954589,120.1188663167639,0.015909090909090907,0.29,0.9102564102564102,0.71
769,mean_std,81.09004850010635,4.266415565301594,120.87350120565571,0.011363636363636364,0.31,0.9324324324324325,0.69
769,median_std,80.7464909168321,4.143173539190336,120.3399735492441,0.01818181818181818,0.23,0.9058823529411765,0.77
769,quantile_99,80.10587662939002,4.108268596776377,119.84667980963266,0.022727272727272728,0.21,0.8876404494382022,0.79
769,median_mad,82.76360848034139,4.586884721710344,123.27323403055328,0.0022727272727272726,0.4,0.9836065573770492,0.6
770,mean_std,79.65852479346232,4.268557248379754,121.66072974962417,0.015909090909090907,0.3,0.9090909090909091,0.7
770,median_std,79.45210026288531,4.299670155756118,123.28355724222843,0.013636363636363636,0.31,0.92,0.69
770,quantile_99,77.01380276177343,3.926803298812822,115.28927844332517,0.09090909090909091,0.07,0.6992481203007519,0.93
770,median_mad,84.1936183464901,4.609129745743028,128.22510729088344,0.0,0.5,1.0,0.5
771,mean_std,78.67694708877617,4.235374898784532,124.02054221199249,0.01818181818181818,0.24,0.9047619047619048,0.76
771,median_std,79.09833937149763,4.276833932032135,123.6480515622771,0.013636363636363636,0.28,0.9230769230769231,0.72
771,quantile_99,76.1538432755373,4.074223253412248,120.78546491348143,0.0659090909090909,0.13,0.75,0.87
771,median_mad,82.19545101010084,4.658974582973588,130.45452835833893,0.0,0.5,1.0,0.5
772,mean_std,80.34478788095316,4.090575420498171,120.2969296120549,0.022727272727272728,0.22,0.8863636363636364,0.78
772,median_std,79.53413871807524,4.034996810893935,120.97650114816037,0.025,0.21,0.8777777777777778,0.79
772,quantile_99,79.43722018984289,4.016316600859333,116.98698579750837,0.045454545454545456,0.17,0.8058252427184466,0.83
772,median_mad,79.3848187005675,4.159701858194246,121.8895948100002,0.015909090909090907,0.24,0.9156626506024096,0.76
773,mean_std,80.48969343805204,4.184069826014396,117.21880174711775,0.03636363636363636,0.22,0.8297872340425532,0.78
773,median_std,80.36236723267933,4.165899176333869,117.59480358307073,0.03636363636363636,0.22,0.8297872340425532,0.78
773,quantile_99,78.74357085256763,4.092478929529775,112.19837255239676,0.09772727272727273,0.08,0.6814814814814815,0.92
773,median_mad,81.37086341827981,4.334801049016331,120.61212674928011,0.011363636363636364,0.33,0.9305555555555556,0.67
774,mean_std,78.93337478240471,4.39248915606562,124.86842579163023,0.006818181818181818,0.3,0.958904109589041,0.7
774,median_std,78.23592223404847,4.400936499206856,124.99519522417646,0.013636363636363636,0.28,0.9230769230769231,0.72
774,quantile_99,77.88926980735836,4.229046218889713,121.65044507271563,0.022727272727272728,0.2,0.8888888888888888,0.8
774,median_mad,79.94034980032608,4.646414323826014,128.1176101794121,0.004545454545454545,0.42,0.9666666666666667,0.58
775,mean_std,79.35486882421289,4.039502889135379,123.67246346760137,0.022727272727272728,0.22,0.8863636363636364,0.78
775,median_std,79.50801019293861,4.018382742930802,123.16240943212054,0.022727272727272728,0.21,0.8876404494382022,0.79
775,quantile_99,77.55539954789191,3.8088419080289495,117.83061326858437,0.09772727272727273,0.1,0.6766917293233082,0.9
775,median_mad,80.73978335408282,4.265486468334864,133.65744093195556,0.004545454545454545,0.36,0.9696969696969697,0.64
776,mean_std,80.96270345279032,4.331338211167756,124.00032001899393,0.006818181818181818,0.35,0.9558823529411765,0.65
776,median_std,80.84687909056544,4.299010177714624,123.36143024571564,0.00909090909090909,0.33,0.9436619718309859,0.67
776,quantile_99,78.04436449025164,3.9174685939164284,120.78546491348143,0.04318181818181818,0.11,0.8240740740740741,0.89
776,median_mad,80.85293395843341,4.648674782255336,129.91095993218167,0.0,0.44,1.0,0.56
777,mean_std,78.00273347833772,4.185363634539347,119.00084435393056,0.04090909090909091,0.14,0.8269230769230769,0.86
777,median_std,78.2325850618748,4.174051949083866,118.67781390191544,0.04090909090909091,0.16,0.8235294117647058,0.84
777,quantile_99,77.17104717611689,3.9569293487881096,116.02730224567613,0.08181818181818182,0.08,0.71875,0.92
777,median_mad,77.15753991458152,4.84738440511147,120.10804441653798,0.038636363636363635,0.21,0.8229166666666666,0.79
778,mean_std,78.21008439748573,4.271305114899148,121.28058802741734,0.02727272727272727,0.22,0.8666666666666667,0.78
778,median_std,78.18633623712918,4.271475541702287,121.50053693151094,0.029545454545454545,0.22,0.8571428571428571,0.78
778,quantile_99,76.0016369780082,4.042362591256622,120.5067993981641,0.075,0.1,0.7317073170731707,0.9
778,median_mad,77.99117328569416,4.748675162026686,125.55921290848926,0.01818181818181818,0.31,0.8961038961038961,0.69
779,mean_std,79.13466810604756,4.253722297303683,121.58006512082721,0.011363636363636364,0.26,0.9367088607594937,0.74
779,median_std,78.656828108288,4.304512627382504,121.73222947231558,0.01818181818181818,0.26,0.9024390243902439,0.74
779,quantile_99,78.25376013424983,3.8808753336488944,121.16221837159492,0.05227272727272727,0.13,0.7909090909090909,0.87
779,median_mad,79.99309276727283,4.719463207950203,125.3639286048656,0.0022727272727272726,0.41,0.9833333333333333,0.59
780,mean_std,79.78586117969753,4.151509371075833,122.02444317127154,0.013636363636363636,0.26,0.925,0.74
780,median_std,79.63030637867539,4.12137746025903,122.33455980809649,0.013636363636363636,0.25,0.9259259259259259,0.75
780,quantile_99,78.50775952240984,4.030385414109241,124.20051347231971,0.022727272727272728,0.18,0.8913043478260869,0.82
780,median_mad,80.79134467966294,4.57123121661992,119.03794990392544,0.015909090909090907,0.29,0.9102564102564102,0.71
781,mean_std,79.73932001930982,4.199381150848866,120.78481817747723,0.01818181818181818,0.26,0.9024390243902439,0.74
781,median_std,80.23734013422305,4.21272652839386,121.70358308826111,0.011363636363636364,0.29,0.9342105263157895,0.71
781,quantile_99,77.07949910400826,4.005625196316508,116.18126320227182,0.075,0.08,0.736,0.92
781,median_mad,82.36954804087185,4.4626857786642,129.58864976877962,0.0,0.47,1.0,0.53
782,mean_std,78.78963416870204,3.9939964945502875,118.18320470627665,0.05,0.15,0.794392523364486,0.85
782,median_std,79.41204490774443,4.007943839869338,117.29014964664876,0.05,0.17,0.7904761904761904,0.83
782,quantile_99,74.9769325449665,3.748997732458029,116.60127492478975,0.175,0.06,0.5497076023391813,0.94
782,median_mad,80.17707134595368,4.192116594709081,119.26559651648819,0.020454545454545454,0.23,0.8953488372093024,0.77
783,mean_std,80.19745549206031,4.225367384491027,119.51438378208937,0.020454545454545454,0.24,0.8941176470588236,0.76
783,median_std,79.85787254431581,4.2412142331668985,119.53821988427848,0.022727272727272728,0.23,0.8850574712643678,0.77
783,quantile_99,79.44886343551379,4.139516262074627,115.05264292168754,0.05,0.13,0.7981651376146789,0.87
783,median_mad,79.93746892222474,4.322668640842394,120.4701064204204,0.01818181818181818,0.29,0.8987341772151899,0.71
784,mean_std,79.10243112832315,4.187301896627348,122.34232197572281,0.015909090909090907,0.24,0.9156626506024096,0.76
784,median_std,79.1211827356027,4.124094717387335,122.39683806357462,0.013636363636363636,0.23,0.927710843373494,0.77
784,quantile_99,77.3608312432866,4.071017053136959,119.67902361752903,0.045454545454545456,0.11,0.8165137614678899,0.89
784,median_mad,79.68118344400368,4.642217240552809,128.1526750927342,0.004545454545454545,0.41,0.9672131147540983,0.59
785,mean_std,79.228174330522,3.9512266381954895,120.33268382525667,0.038636363636363635,0.15,0.8333333333333334,0.85
785,median_std,79.04768200009136,4.001933055558124,120.50199261293476,0.029545454545454545,0.16,0.865979381443299,0.84
785,quantile_99,77.12747231281577,3.699942300906425,118.43161349824553,0.1340909090909091,0.08,0.609271523178808,0.92
785,median_mad,81.59010649717649,4.141349195666891,125.9321927242749,0.00909090909090909,0.32,0.9444444444444444,0.68
786,mean_std,80.80057065587545,4.183116164037516,125.39350921661563,0.004545454545454545,0.3,0.9722222222222222,0.7
786,median_std,81.02533729223694,4.182019240562312,124.85651979285606,0.006818181818181818,0.3,0.958904109589041,0.7
786,quantile_99,76.24515073756527,3.896959032707187,118.88237877250752,0.08863636363636364,0.09,0.7,0.91
786,median_mad,83.10540055697989,4.722601712674458,132.69492211342407,0.0,0.55,1.0,0.45
787,mean_std,78.65643971046933,4.269724264589219,119.46262498002815,0.029545454545454545,0.2,0.8602150537634409,0.8
787,median_std,78.33333522693684,4.228095914386806,119.49395159035016,0.031818181818181815,0.18,0.8541666666666666,0.82
787,quantile_99,76.7683034331583,4.123258447899873,117.0950785211359,0.06818181818181818,0.11,0.7478991596638656,0.89
787,median_mad,82.25685844158374,4.295930286027124,124.43067078612836,0.004545454545454545,0.37,0.9692307692307692,0.63
788,mean_std,79.9053559443333,4.143248688591927,121.56759986516215,0.01818181818181818,0.24,0.9047619047619048,0.76
788,median_std,79.83867888934041,4.109458372125754,120.6449295664712,0.020454545454545454,0.23,0.8953488372093024,0.77
788,quantile_99,77.15790337452987,3.8820740832691176,120.12682338659678,0.0659090909090909,0.09,0.7583333333333333,0.91
788,median_mad,82.96703871306602,4.45143663675982,128.3244885613599,0.0,0.46,1.0,0.54
789,mean_std,80.15171505508854,4.246116696865411,123.414933247984,0.00909090909090909,0.32,0.9444444444444444,0.68
789,median_std,80.32992353305002,4.260471170752039,122.50250332576363,0.00909090909090909,0.32,0.9444444444444444,0.68
789,quantile_99,79.44886343551379,3.9279389118568226,120.5067993981641,0.031818181818181815,0.16,0.8571428571428571,0.84
789,median_mad,80.15055951602523,4.418438216509463,125.37093313507972,0.0,0.39,1.0,0.61
790,mean_std,79.64281225957073,4.23671747179141,123.17986144337252,0.013636363636363636,0.29,0.922077922077922,0.71
790,median_std,79.6619793425338,4.141604194721628,122.9975075467461,0.015909090909090907,0.26,0.9135802469135802,0.74
790,quantile_99,78.0774552021107,3.9426359294354447,118.32337188349499,0.056818181818181816,0.11,0.7807017543859649,0.89
790,median_mad,80.11086447623155,4.196782053442705,134.08638793481413,0.006818181818181818,0.33,0.9571428571428572,0.67
791,mean_std,80.64816763001052,4.116750062217937,121.73516567469532,0.015909090909090907,0.26,0.9135802469135802,0.74
791,median_std,80.69530891907961,4.105167371645688,122.06638745618649,0.01818181818181818,0.26,0.9024390243902439,0.74
791,quantile_99,78.6938173432107,3.9569293487881096,115.63310832248928,0.0659090909090909,0.1,0.7563025210084033,0.9
791,median_mad,82.77005331853898,4.4931495117711435,130.04536250111326,0.0,0.48,1.0,0.52
792,mean_std,77.79713571162914,4.334189710047583,120.38147752381474,0.03409090909090909,0.2,0.8421052631578947,0.8
792,median_std,77.84984997687242,4.273114101771571,121.41146031286911,0.029545454545454545,0.2,0.8602150537634409,0.8
792,quantile_99,76.99757145864285,4.166308230971355,115.11554885720348,0.075,0.08,0.736,0.92
792,median_mad,77.97716261831064,4.5497598171822204,120.97740209838167,0.02727272727272727,0.23,0.8651685393258427,0.77
793,mean_std,78.14790296973614,4.1417948281870975,122.71879566534457,0.02727272727272727,0.21,0.8681318681318682,0.79
793,median_std,78.43332446303452,4.124484051823029,121.22596545356464,0.022727272727272728,0.18,0.8913043478260869,0.82
793,quantile_99,76.80688952785285,4.0726581349368525,121.65044507271563,0.05,0.14,0.7962962962962963,0.86
793,median_mad,80.32693351807994,4.352667253399175,128.71496396804943,0.0022727272727272726,0.38,0.9841269841269841,0.62
794,mean_std,79.7686977724918,4.065136146910237,123.54091072135628,0.022727272727272728,0.25,0.8823529411764706,0.75
794,median_std,80.06983909993009,4.064332647744401,125.02761764035226,0.01818181818181818,0.28,0.9,0.72
794,quantile_99,78.0374202121277,3.88563952159579,116.5046075387879,0.08181818181818182,0.1,0.7142857142857143,0.9
794,median_mad,81.48965144007492,4.397306097791125,128.92248467214353,0.0022727272727272726,0.41,0.9833333333333333,0.59
795,mean_std,79.6699905720738,4.154404291818864,121.81004916415027,0.015909090909090907,0.26,0.9135802469135802,0.74
795,median_std,79.31974506957526,4.0406370710325366,119.48250592107559,0.031818181818181815,0.17,0.8556701030927835,0.83
795,quantile_99,77.45486076412693,3.9625485967826846,120.73091486074735,0.04318181818181818,0.11,0.8240740740740741,0.89
795,median_mad,81.39788089987033,4.216585723079375,120.7557536327907,0.011363636363636364,0.29,0.9342105263157895,0.71
796,mean_std,79.96069421686873,4.1456218371591085,123.32074415041662,0.013636363636363636,0.27,0.9240506329113924,0.73
796,median_std,80.20200425791447,4.141612292872592,122.25826472178734,0.013636363636363636,0.27,0.9240506329113924,0.73
796,quantile_99,78.04436449025164,3.8541180564465907,121.11092793623885,0.05909090909090909,0.11,0.7739130434782608,0.89
796,median_mad,79.91910993168064,4.490102893552098,125.01728659080759,0.004545454545454545,0.37,0.9692307692307692,0.63
797,mean_std,77.87529887036492,4.252698903682738,120.87782017429276,0.031818181818181815,0.2,0.851063829787234,0.8
797,median_std,77.83384175858522,4.257546054261789,121.33143105666734,0.029545454545454545,0.2,0.8602150537634409,0.8
797,quantile_99,77.42972247057335,3.886102531446504,117.18462275970889,0.07954545454545454,0.1,0.72,0.9
797,median_mad,77.51205899959406,4.730522651176859,123.39897986397172,0.025,0.26,0.8705882352941177,0.74
798,mean_std,79.6320784352046,4.1031870251807,121.69582057029659,0.022727272727272728,0.24,0.8837209302325582,0.76
798,median_std,80.09666770262686,4.1135739550293655,121.92276006760973,0.01818181818181818,0.26,0.9024390243902439,0.74
798,quantile_99,75.98446345065322,3.82608428867334,119.25422725336746,0.11363636363636363,0.08,0.647887323943662,0.92
798,median_mad,83.1091353925645,4.226242990261654,127.32005369416166,0.004545454545454545,0.37,0.9692307692307692,0.63
799,mean_std,79.28586489303513,4.150569764709777,126.41832599579912,0.011363636363636364,0.28,0.935064935064935,0.72
799,median_std,79.07531775243478,4.17562518174385,124.98657477057813,0.011363636363636364,0.26,0.9367088607594937,0.74
799,quantile_99,77.78554839791919,3.818057493783639,121.75156429081643,0.07272727272727272,0.13,0.7310924369747899,0.87
799,median_mad,79.30744857639743,4.591785149058515,130.0626200379221,0.004545454545454545,0.38,0.96875,0.62
800,mean_std,80.14138632745605,4.337033327744426,121.16253049412626,0.006818181818181818,0.32,0.9577464788732394,0.68
800,median_std,80.15047961784725,4.296334816204262,121.62042945434172,0.00909090909090909,0.32,0.9444444444444444,0.68
800,quantile_99,79.43722018984289,4.056587140027828,121.28919148180324,0.020454545454545454,0.22,0.896551724137931,0.78
800,median_mad,81.95721224796233,4.841242003804949,125.86776376177446,0.0,0.52,1.0,0.48
801,mean_std,81.73725933920197,4.304821555461018,118.50025572580347,0.029545454545454545,0.29,0.8452380952380952,0.71
801,median_std,81.9219543374622,4.345291109111649,118.37563172665357,0.02727272727272727,0.3,0.8536585365853658,0.7
801,quantile_99,79.43722018984289,4.058152258503224,113.61728041539496,0.07272727272727272,0.1,0.7377049180327869,0.9
801,median_mad,85.25812072679236,4.761316840885179,122.84639196647535,0.004545454545454545,0.42,0.9666666666666667,0.58
802,mean_std,78.91732430682225,4.277965915945994,116.9979561415023,0.04318181818181818,0.21,0.8061224489795918,0.79
802,median_std,79.32009072856565,4.252129156423083,117.04571865859474,0.04090909090909091,0.22,0.8125,0.78
802,quantile_99,76.11326689427784,4.139516262074627,115.23443892000309,0.09772727272727273,0.08,0.6814814814814815,0.92
802,median_mad,80.5092294247238,4.498279528104359,115.88581529512317,0.04090909090909091,0.23,0.8105263157894737,0.77
803,mean_std,79.71056539498106,4.1396234195072035,114.84246820722048,0.056818181818181816,0.12,0.7787610619469026,0.88
803,median_std,79.70205697910515,4.115955359344538,115.12772777965867,0.05454545454545454,0.13,0.7837837837837838,0.87
803,quantile_99,78.58238309997263,4.078608942270233,113.14223041818747,0.08181818181818182,0.08,0.71875,0.92
803,median_mad,80.21904470505038,4.178102922105,117.34634308894474,0.03409090909090909,0.22,0.8387096774193549,0.78
804,mean_std,79.55248744853577,4.068014960292695,118.03932836111744,0.045454545454545456,0.2,0.8,0.8
804,median_std,79.06424336092417,4.080041772533388,117.35171288354161,0.045454545454545456,0.17,0.8058252427184466,0.83
804,quantile_99,77.78612108538786,3.8847802347976668,117.77104706608041,0.07272727272727272,0.11,0.7355371900826446,0.89
804,median_mad,78.32866730860434,4.199668174626278,120.46302935294486,0.031818181818181815,0.19,0.8526315789473684,0.81
805,mean_std,79.90267645571433,4.156179180181193,124.30162518876716,0.013636363636363636,0.28,0.9230769230769231,0.72
805,median_std,79.74869938674145,4.182359400084037,123.74795701295949,0.013636363636363636,0.26,0.925,0.74
805,quantile_99,78.52527336260212,3.8109855559299177,121.93870371687395,0.06363636363636363,0.15,0.7522123893805309,0.85
805,median_mad,80.25480725768656,4.861915186110589,129.12003944570614,0.0,0.44,1.0,0.56
806,mean_std,78.36396772350406,4.124382772398427,123.2125112707704,0.025,0.2,0.8791208791208791,0.8
806,median_std,77.67572050251567,4.138346411340677,122.18541463232765,0.031818181818181815,0.19,0.8526315789473684,0.81
806,quantile_99,77.2608553507255,4.040797472781226,121.28919148180324,0.03636363636363636,0.12,0.8461538461538461,0.88
806,median_mad,79.0348243975585,4.270407075478829,121.83641610198735,0.013636363636363636,0.27,0.9240506329113924,0.73
807,mean_std,80.6747275234865,4.327622031860493,119.52085773583273,0.015909090909090907,0.28,0.9113924050632911,0.72
807,median_std,80.25248949070195,4.3535870596998505,118.96120966495597,0.01818181818181818,0.28,0.9,0.72
807,quantile_99,78.58238309997263,4.1631020306960655,115.68944781002676,0.05454545454545454,0.12,0.7857142857142857,0.88
807,median_mad,79.9733425628288,4.5616486367608315,123.19428865247775,0.00909090909090909,0.36,0.9411764705882353,0.64
808,mean_std,79.36694314471706,4.14994760739631,119.12516316023654,0.02727272727272727,0.19,0.8709677419354839,0.81
808,median_std,79.46019127870017,4.162620793800771,119.57051427048057,0.025,0.2,0.8791208791208791,0.8
808,quantile_99,76.4782339712852,3.709879167512769,120.25877097439854,0.13636363636363635,0.08,0.6052631578947368,0.92
808,median_mad,83.28058192611991,4.770842558772502,124.0224768602026,0.0022727272727272726,0.44,0.9824561403508771,0.56
809,mean_std,79.25800531537251,4.196815808708623,124.84248206886576,0.00909090909090909,0.28,0.9473684210526315,0.72
809,median_std,79.52273516597504,4.238154515983599,124.58854939547973,0.00909090909090909,0.3,0.9459459459459459,0.7
809,quantile_99,77.45486076412693,3.849003996812515,119.9813546838581,0.07045454545454545,0.1,0.743801652892562,0.9
809,median_mad,79.2201314293639,4.43301796886813,125.627389075622,0.004545454545454545,0.35,0.9701492537313433,0.65
810,mean_std,80.87592475704187,4.251446207826487,119.84957096428835,0.01818181818181818,0.26,0.9024390243902439,0.74
810,median_std,81.17501199875554,4.232467553888803,119.09994217227155,0.01818181818181818,0.25,0.9036144578313253,0.75
810,quantile_99,78.74357085256763,4.030145277392146,119.73031405288509,0.031818181818181815,0.15,0.8585858585858586,0.85
810,median_mad,81.72200742392162,4.4245099499843175,124.95937291723799,0.0,0.4,1.0,0.6
811,mean_std,79.54974231446184,4.125552683206674,121.13856871416185,0.01818181818181818,0.23,0.9058823529411765,0.77
811,median_std,79.56670211605474,4.16956243263551,122.8457708046563,0.013636363636363636,0.26,0.925,0.74
811,quantile_99,77.77741786483674,4.018094176415691,118.0550542501608,0.05454545454545454,0.11,0.7876106194690266,0.89
811,median_mad,80.60779465018074,4.4380452579301455,121.9565840373978,0.006818181818181818,0.36,0.9552238805970149,0.64
812,mean_std,81.22704320944057,4.409143042401819,121.85177944999633,0.006818181818181818,0.36,0.9552238805970149,0.64
812,median_std,81.52107127714528,4.482783218224945,121.58503605040478,0.006818181818181818,0.36,0.9552238805970149,0.64
812,quantile_99,77.71926843834053,4.235050906024787,119.20690191871772,0.03409090909090909,0.16,0.8484848484848485,0.84
812,median_mad,84.55376368031945,4.687957464118695,128.23513723552318,0.0,0.51,1.0,0.49
813,mean_std,80.18850030050567,4.084291321746717,120.76467336278397,0.01818181818181818,0.24,0.9047619047619048,0.76
813,median_std,80.25688534828663,4.0200988485852935,121.3024651798807,0.01818181818181818,0.22,0.9069767441860465,0.78
813,quantile_99,79.02962653583945,4.124472573327464,121.28456756822126,0.011363636363636364,0.2,0.9411764705882353,0.8
813,median_mad,80.21313399518358,4.204943594791811,126.10549602225561,0.0022727272727272726,0.33,0.9852941176470589,0.67
814,mean_std,78.98591735401132,4.205938577702227,119.51894334048336,0.025,0.2,0.8791208791208791,0.8
814,median_std,78.61961874940864,4.256692547938933,121.13636513652139,0.025,0.22,0.8764044943820225,0.78
814,quantile_99,77.77741786483674,3.9279389118568226,114.11401157331564,0.08863636363636364,0.06,0.706766917293233,0.94
814,median_mad,78.020964999639,4.211088614081344,127.58958334377647,0.022727272727272728,0.25,0.8823529411764706,0.75
815,mean_std,79.56799805516053,4.385148784749672,119.3287970084205,0.020454545454545454,0.27,0.8902439024390244,0.73
815,median_std,79.82421499119614,4.354494666196608,120.07135036712363,0.020454545454545454,0.28,0.8888888888888888,0.72
815,quantile_99,77.66635680187724,3.970790592470882,116.96965219096668,0.06818181818181818,0.11,0.7478991596638656,0.89
815,median_mad,79.87272908513211,5.131447964836831,122.78800983503524,0.00909090909090909,0.41,0.9365079365079365,0.59
816,mean_std,78.81236362017027,4.308265405419842,118.73359612498267,0.031818181818181815,0.22,0.8478260869565217,0.78
816,median_std,79.21121920747078,4.335172257517916,117.85410804930594,0.029545454545454545,0.24,0.8539325842696629,0.76
816,quantile_99,76.52636347025145,4.1631020306960655,118.69543878871396,0.06363636363636363,0.12,0.7586206896551724,0.88
816,median_mad,81.3494612968106,4.545975034648076,117.16925180275769,0.02727272727272727,0.28,0.8571428571428571,0.72
817,mean_std,79.26652349597556,4.26727225951404,119.35877431780101,0.022727272727272728,0.23,0.8850574712643678,0.77
817,median_std,79.23947379965222,4.224982080720865,119.1925886091247,0.022727272727272728,0.21,0.8876404494382022,0.79
817,quantile_99,77.77741786483674,3.909978093027638,118.82901840298301,0.05909090909090909,0.11,0.7739130434782608,0.89
817,median_mad,79.20862854575749,4.677944174352901,122.035592601871,0.00909090909090909,0.33,0.9436619718309859,0.67
818,mean_std,79.20046378997975,4.116656965106229,120.10584745824448,0.022727272727272728,0.19,0.8901098901098901,0.81
818,median_std,78.5038393805621,4.150177393811107,118.90151596483602,0.038636363636363635,0.16,0.8316831683168316,0.84
818,quantile_99,78.99348509893278,3.849003996812515,116.85685925183547,0.07727272727272727,0.14,0.7166666666666667,0.86
818,median_mad,80.66791374306278,4.557430878191584,124.96512498277275,0.0,0.39,1.0,0.61
819,mean_std,81.0081943485046,4.127789247542991,121.93532603698256,0.015909090909090907,0.27,0.9125,0.73
819,median_std,81.03456065795278,4.117769051842206,121.49895184692434,0.015909090909090907,0.25,0.9146341463414634,0.75
819,quantile_99,77.9091562543407,3.981337092232887,119.08075520076913,0.05,0.11,0.8018018018018018,0.89
819,median_mad,82.83563080134553,4.247900220120544,121.3851034751398,0.011363636363636364,0.32,0.9315068493150684,0.68
820,mean_std,79.32460361157621,4.32304708139865,116.21190494479418,0.045454545454545456,0.2,0.8,0.8
820,median_std,79.50396473243521,4.251814461510714,116.3396609163277,0.04772727272727273,0.2,0.7920792079207921,0.8
820,quantile_99,75.96920848778998,4.274894488820981,114.31849898082294,0.10454545454545454,0.09,0.6642335766423357,0.91
820,median_mad,78.226672000877,4.504438086705846,118.09067419660322,0.045454545454545456,0.21,0.797979797979798,0.79
821,mean_std,79.53849702224761,4.1575333825852585,122.61697993158728,0.013636363636363636,0.26,0.925,0.74
821,median_std,79.38612601455816,4.20345487136309,122.09308655075546,0.013636363636363636,0.26,0.925,0.74
821,quantile_99,78.7972261296666,3.812715716019806,121.08235369377867,0.06363636363636363,0.13,0.7565217391304347,0.87
821,median_mad,80.37996886943155,4.492894662462401,126.15255928129056,0.0,0.41,1.0,0.59
822,mean_std,80.50587964127014,4.286757967339592,124.3904263387253,0.006818181818181818,0.35,0.9558823529411765,0.65
822,median_std,80.54135199667584,4.259570740893753,125.14208938865045,0.004545454545454545,0.35,0.9701492537313433,0.65
822,quantile_99,77.74382870784734,4.018094176415691,119.45761278955902,0.04090909090909091,0.11,0.8317757009345794,0.89
822,median_mad,86.27799870905037,4.6834697454481,126.19946713215704,0.0,0.53,1.0,0.47
823,mean_std,78.54236404705382,4.060191737132158,118.73506016390918,0.04318181818181818,0.15,0.8173076923076923,0.85
823,median_std,78.64226644522788,4.062230278694621,117.8596793295615,0.05,0.15,0.794392523364486,0.85
823,quantile_99,76.66270763938022,3.8825203606088428,116.20765280827762,0.10454545454545454,0.08,0.6666666666666666,0.92
823,median_mad,81.59879836441472,4.460714864330011,119.69287988431203,0.015909090909090907,0.31,0.9078947368421053,0.69
824,mean_std,79.8421687322881,4.18458487992461,120.44228187740174,0.020454545454545454,0.22,0.896551724137931,0.78
824,median_std,79.77703857652648,4.174914661386725,121.47384601286484,0.015909090909090907,0.24,0.9156626506024096,0.76
824,quantile_99,79.02962653583945,4.040931913871246,118.05992770636522,0.04090909090909091,0.16,0.8235294117647058,0.84
824,median_mad,80.19405277107252,4.541008345838527,126.65491712235547,0.0,0.41,1.0,0.59
825,mean_std,77.66737860163882,4.152257166212165,124.36800299364637,0.029545454545454545,0.2,0.8602150537634409,0.8
825,median_std,77.11695835011905,4.092025813441655,122.92645648680548,0.04090909090909091,0.15,0.8252427184466019,0.85
825,quantile_99,75.965542441346,3.901897307312683,121.33585800357733,0.08636363636363636,0.08,0.7076923076923077,0.92
825,median_mad,79.51956022327306,4.348209197793508,126.93883017611788,0.006818181818181818,0.36,0.9552238805970149,0.64
826,mean_std,79.68064835116216,4.165773041904217,119.83547275865814,0.02727272727272727,0.21,0.8681318681318682,0.79
826,median_std,79.78223339224363,4.200377043471288,118.70724508369102,0.029545454545454545,0.23,0.8555555555555555,0.77
826,quantile_99,76.67440435356339,3.9029992130129343,116.42819733285486,0.1,0.08,0.6764705882352942,0.92
826,median_mad,83.5802290277026,4.524012308493695,125.74894653186671,0.0,0.48,1.0,0.52
827,mean_std,80.22107240964337,4.231912758066272,122.22107935422378,0.00909090909090909,0.3,0.9459459459459459,0.7
827,median_std,78.80406487568914,4.226798641639512,122.76864715969728,0.015909090909090907,0.25,0.9146341463414634,0.75
827,quantile_99,78.14751321222214,4.123018311182777,117.4906006463084,0.04772727272727273,0.15,0.8018867924528302,0.85
827,median_mad,82.99763374130511,4.539915186149604,126.54824053234607,0.0,0.48,1.0,0.52
828,mean_std,78.29868520836445,4.2638579472802025,122.1830441931696,0.022727272727272728,0.24,0.8837209302325582,0.76
828,median_std,78.20920441175818,4.238227216102463,122.28671134529253,0.025,0.23,0.875,0.77
828,quantile_99,76.94177173560753,3.9348763598151115,120.10543022443264,0.06136363636363636,0.09,0.7711864406779662,0.91
828,median_mad,80.65505556847069,4.690928101373163,122.95124556326215,0.004545454545454545,0.39,0.9682539682539683,0.61
829,mean_std,79.15056008636905,4.133105852910757,120.9326014271013,0.020454545454545454,0.21,0.8977272727272727,0.79
829,median_std,78.57281121672702,4.059838507535119,119.9887582281111,0.03409090909090909,0.15,0.85,0.85
829,quantile_99,78.22560560688004,3.8674243296213957,116.34993157135608,0.09090909090909091,0.12,0.6875,0.88
829,median_mad,77.29504351135091,4.162617669090238,121.28483457329219,0.03409090909090909,0.14,0.8514851485148515,0.86
830,mean_std,79.53138045131749,4.200819871404388,122.30062722559369,0.013636363636363636,0.28,0.9230769230769231,0.72
830,median_std,79.47572788140073,4.149510139751118,122.47752615489803,0.013636363636363636,0.25,0.9259259259259259,0.75
830,quantile_99,76.57924700393164,3.767494946367021,119.75527620220481,0.10681818181818181,0.08,0.6618705035971223,0.92
830,median_mad,82.67794764136941,4.496174513374703,125.8313219056034,0.0,0.45,1.0,0.55
831,mean_std,77.97592704409152,4.074754082676472,128.41020547937245,0.029545454545454545,0.22,0.8571428571428571,0.78
831,median_std,78.10238366702465,4.006023540776529,129.01045688274257,0.029545454545454545,0.2,0.8602150537634409,0.8
831,quantile_99,77.24757420285151,3.9290793246330193,121.26156659745892,0.04772727272727273,0.09,0.8125,0.91
831,median_mad,78.24111055520228,4.122361399211605,142.4924771374262,0.022727272727272728,0.24,0.8837209302325582,0.76
832,mean_std,80.00332272759792,4.1793959782433,120.80709832939473,0.020454545454545454,0.25,0.8928571428571429,0.75
832,median_std,80.16514949288478,4.164922063181246,120.82816464004125,0.015909090909090907,0.25,0.9146341463414634,0.75
832,quantile_99,78.33569860697447,3.9885259680728593,116.53775716369583,0.0659090909090909,0.12,0.7521367521367521,0.88
832,median_mad,82.0163290686947,4.627670727454657,124.09683911111098,0.0022727272727272726,0.41,0.9833333333333333,0.59
833,mean_std,81.65956954696561,4.225730456152517,121.58194694906747,0.00909090909090909,0.29,0.9466666666666667,0.71
833,median_std,81.00681134143335,4.211039517098606,121.6767881378917,0.00909090909090909,0.3,0.9459459459459459,0.7
833,quantile_99,79.43722018984289,4.159682957612302,120.90078753941901,0.013636363636363636,0.23,0.927710843373494,0.77
833,median_mad,84.91483172912508,4.617521784125724,124.40365764872861,0.0022727272727272726,0.46,0.9818181818181818,0.54
834,mean_std,78.78594837625181,4.178570801315417,123.46027298773127,0.01818181818181818,0.23,0.9058823529411765,0.77
834,median_std,79.48448739747755,4.1672907180354954,123.89136474562588,0.013636363636363636,0.25,0.9259259259259259,0.75
834,quantile_99,75.97380483457748,3.9290793246330193,123.05245700995958,0.07727272727272727,0.1,0.7258064516129032,0.9
834,median_mad,80.81532341762978,4.738375111156246,127.18542043589368,0.0,0.44,1.0,0.56
835,mean_std,78.92366135577103,4.317290819438958,117.81974252964689,0.038636363636363635,0.22,0.8210526315789474,0.78
835,median_std,78.88521972857686,4.301048800844704,117.93641958040716,0.038636363636363635,0.22,0.8210526315789474,0.78
835,quantile_99,77.6925396037508,4.1765809864483145,112.6628648474719,0.09090909090909091,0.07,0.6992481203007519,0.93
835,median_mad,81.89765580549768,4.646809432958179,118.10878787082694,0.029545454545454545,0.32,0.8395061728395061,0.68
836,mean_std,80.1684587842443,3.996485547952316,118.78860907750688,0.038636363636363635,0.19,0.826530612244898,0.81
836,median_std,80.03567309460772,3.97392979088135,119.07613216786292,0.045454545454545456,0.18,0.803921568627451,0.82
836,quantile_99,78.14751321222214,3.9174685939164284,113.21153851015625,0.09772727272727273,0.07,0.6838235294117647,0.93
836,median_mad,84.73438204698783,4.204508255762958,119.75692982105957,0.020454545454545454,0.25,0.8928571428571429,0.75
837,mean_std,79.98244374927786,4.023613783439503,120.1342956442507,0.031818181818181815,0.2,0.851063829787234,0.8
837,median_std,80.21752238031533,4.037658506148283,119.34117928161245,0.031818181818181815,0.19,0.8526315789473684,0.81
837,quantile_99,77.55276215491703,3.881993481063091,116.81963601678204,0.08409090909090909,0.1,0.7086614173228346,0.9
837,median_mad,82.98351632893942,3.9825463076348693,127.92989255362716,0.025,0.27,0.8690476190476191,0.73
838,mean_std,80.31243194197639,4.1193275740310495,118.8110376958747,0.02727272727272727,0.21,0.8681318681318682,0.79
838,median_std,80.27947097168116,4.0821040331054625,118.1645240294196,0.04090909090909091,0.21,0.8144329896907216,0.79
838,quantile_99,78.52527336260212,3.9953186694396168,117.77104706608041,0.04772727272727273,0.13,0.8055555555555556,0.87
838,median_mad,81.6098685358959,4.156845593131655,119.20823858502422,0.022727272727272728,0.23,0.8850574712643678,0.77
839,mean_std,78.59304001221939,4.236868024088988,122.61068351336795,0.015909090909090907,0.23,0.9166666666666666,0.77
839,median_std,78.50189773773377,4.282804048159251,123.3748488170452,0.015909090909090907,0.24,0.9156626506024096,0.76
839,quantile_99,78.58238309997263,4.110179153974799,119.73031405288509,0.02727272727272727,0.15,0.8762886597938144,0.85
839,median_mad,79.71818098078542,4.617714482453421,130.45433399839453,0.004545454545454545,0.41,0.9672131147540983,0.59
840,mean_std,80.02595261765666,4.217384611269743,119.58499130279445,0.022727272727272728,0.24,0.8837209302325582,0.76
840,median_std,80.47692932880388,4.281130980412428,119.28290702835865,0.01818181818181818,0.26,0.9024390243902439,0.74
840,quantile_99,77.04355298801262,3.9625485967826846,119.75527620220481,0.056818181818181816,0.09,0.7844827586206896,0.91
840,median_mad,81.97595699800871,4.6479333159811755,121.79462022081654,0.004545454545454545,0.39,0.9682539682539683,0.61
841,mean_std,81.25789215135316,4.215585986636755,122.20407679539424,0.011363636363636364,0.31,0.9324324324324325,0.69
841,median_std,81.44071207047726,4.16283098580033,122.85559720786968,0.011363636363636364,0.28,0.935064935064935,0.72
841,quantile_99,79.37165218310308,4.030145277392146,118.37051169382391,0.03636363636363636,0.16,0.84,0.84
841,median_mad,82.29472760182782,4.212328620796508,126.86877572954398,0.004545454545454545,0.36,0.9696969696969697,0.64
842,mean_std,78.30295490912798,4.217518584717961,118.92959145560891,0.03636363636363636,0.18,0.8367346938775511,0.82
842,median_std,78.12626987862484,4.1838001484333756,117.53010375012467,0.05,0.15,0.794392523364486,0.85
842,quantile_99,76.03394724594226,4.090248238525845,114.66727203119622,0.10909090909090909,0.06,0.6619718309859155,0.94
842,median_mad,79.72819834773728,4.442022808587062,124.21187637414859,0.006818181818181818,0.35,0.9558823529411765,0.65
843,mean_std,79.67898026742614,4.150383241895007,117.03369776770438,0.04090909090909091,0.21,0.8144329896907216,0.79
843,median_std,79.4447266561834,4.125743330893046,117.21219960643305,0.04090909090909091,0.19,0.8181818181818182,0.81
843,quantile_99,79.44886343551379,3.9930906319601784,113.70081521945491,0.07272727272727272,0.09,0.7398373983739838,0.91
843,median_mad,80.72922752586396,4.790031998370015,120.24388220972583,0.013636363636363636,0.32,0.918918918918919,0.68
844,mean_std,77.79753640853988,4.245044023654398,121.57391056028263,0.029545454545454545,0.2,0.8602150537634409,0.8
844,median_std,77.98977736890407,4.292653111053875,120.82702372500552,0.029545454545454545,0.21,0.8586956521739131,0.79
844,quantile_99,75.62140077067245,4.191757656837542,117.06323902245296,0.09772727272727273,0.12,0.6717557251908397,0.88
844,median_mad,79.65663829056486,4.253974188030053,124.6769021526023,0.006818181818181818,0.33,0.9571428571428572,0.67
845,mean_std,80.48281846515656,4.037495570854091,122.22980723829289,0.01818181818181818,0.24,0.9047619047619048,0.76
845,median_std,80.01336768404586,4.012576105394509,121.61024832994518,0.01818181818181818,0.21,0.9080459770114943,0.79
845,quantile_99,78.24047898637583,3.9942310447363756,123.22609664194201,0.029545454545454545,0.16,0.865979381443299,0.84
845,median_mad,82.76611378450455,3.996359617752941,125.21826782610265,0.01818181818181818,0.26,0.9024390243902439,0.74
846,mean_std,79.51239303969943,4.366367811433926,124.8218636764704,0.006818181818181818,0.34,0.9565217391304348,0.66
846,median_std,79.10633859866425,4.333537306132089,125.62916996115476,0.006818181818181818,0.33,0.9571428571428572,0.67
846,quantile_99,76.94177173560753,4.191757656837542,120.3970609710972,0.04318181818181818,0.14,0.819047619047619,0.86
846,median_mad,81.82489367228864,4.280151008722622,130.92092478883495,0.0022727272727272726,0.4,0.9836065573770492,0.6
847,mean_std,78.06247198253752,4.352903251317248,122.74049970273592,0.025,0.24,0.8735632183908046,0.76
847,median_std,77.99157518091522,4.287276380467909,120.93054819271227,0.031818181818181815,0.21,0.8494623655913979,0.79
847,quantile_99,76.8641884207331,4.106876102064893,119.45761278955902,0.05454545454545454,0.11,0.7876106194690266,0.89
847,median_mad,79.28269213555234,4.663873544490706,127.47286818844611,0.004545454545454545,0.38,0.96875,0.62
848,mean_std,79.05245299976275,4.190418366476206,121.5221449871296,0.015909090909090907,0.22,0.9176470588235294,0.78
848,median_std,79.33041556054738,4.278703439199111,121.75045652923208,0.015909090909090907,0.29,0.9102564102564102,0.71
848,quantile_99,76.16415032442823,3.7832126713458445,115.78245286115339,0.13863636363636364,0.08,0.6013071895424836,0.92
848,median_mad,82.31353419095086,4.833114620705537,124.22874239570841,0.0022727272727272726,0.45,0.9821428571428571,0.55
849,mean_std,79.77395606522198,4.199757869787489,119.52606595340073,0.025,0.23,0.875,0.77
849,median_std,79.94968558162114,4.258607408716388,119.77000721780985,0.025,0.26,0.8705882352941177,0.74
849,quantile_99,77.5302843120754,3.799610209169378,117.73540456015502,0.1,0.1,0.6716417910447762,0.9
849,median_mad,78.11105380807668,4.573318960338643,125.6376022761865,0.015909090909090907,0.3,0.9090909090909091,0.7
850,mean_std,79.42107276136767,4.322465404724577,120.01678301092416,0.020454545454545454,0.26,0.891566265060241,0.74
850,median_std,79.65573260474068,4.188910141023202,119.59865724574979,0.025,0.22,0.8764044943820225,0.78
850,quantile_99,77.76100584957136,4.040931913871246,117.7645834188415,0.05454545454545454,0.12,0.7857142857142857,0.88
850,median_mad,80.62722203701954,4.543468752531513,123.1690873914242,0.004545454545454545,0.37,0.9692307692307692,0.63
851,mean_std,80.1681422254994,4.20725059494068,121.5154786413229,0.011363636363636364,0.27,0.9358974358974359,0.73
851,median_std,80.50315042158218,4.201516366066714,120.43773799536895,0.015909090909090907,0.25,0.9146341463414634,0.75
851,quantile_99,78.00381552621604,3.9569293487881096,119.93006424850203,0.04318181818181818,0.11,0.8240740740740741,0.89
851,median_mad,80.24757954840271,4.693150454944684,125.35195874039641,0.0,0.41,1.0,0.59
852,mean_std,80.29459208162828,4.203075255901799,120.19133879545758,0.015909090909090907,0.25,0.9146341463414634,0.75
852,median_std,80.60436468010053,4.23146346395052,119.68458613623268,0.01818181818181818,0.24,0.9047619047619048,0.76
852,quantile_99,76.53919587070207,3.981988536992478,117.63555921727644,0.07954545454545454,0.09,0.7222222222222222,0.91
852,median_mad,82.32059628305036,4.293956767305703,120.40180614703915,0.015909090909090907,0.3,0.9090909090909091,0.7
853,mean_std,80.71766073846561,4.479308301062991,120.35468451865454,0.013636363636363636,0.31,0.92,0.69
853,median_std,80.65082812678408,4.4199943706400475,121.95343886114603,0.006818181818181818,0.36,0.9552238805970149,0.64
853,quantile_99,78.90344044677242,4.18920263609352,114.39106498897306,0.05454545454545454,0.11,0.7876106194690266,0.89
853,median_mad,83.65815231555305,4.723089261459191,125.7321138131407,0.0,0.51,1.0,0.49
854,mean_std,80.18284728640259,4.191764321077175,115.5500061686247,0.04772727272727273,0.17,0.7980769230769231,0.83
854,median_std,79.93099901579818,4.199179165605602,115.96531889318845,0.05227272727272727,0.21,0.7745098039215687,0.79
854,quantile_99,77.65216536000943,3.906703908082692,114.37539947826004,0.09090909090909091,0.06,0.7014925373134329,0.94
854,median_mad,82.29694991113075,4.677870061609912,118.59687241003444,0.022727272727272728,0.32,0.8717948717948718,0.68
855,mean_std,81.35274151171636,4.1426595112240845,121.58175262165327,0.015909090909090907,0.26,0.9135802469135802,0.74
855,median_std,81.32478999596304,4.18141122515004,121.08841082153148,0.015909090909090907,0.26,0.9135802469135802,0.74
855,quantile_99,78.4339495732346,3.9953186694396168,119.20690191871772,0.03636363636363636,0.13,0.8446601941747572,0.87
855,median_mad,82.46656798067949,4.509090917664013,123.07967327431007,0.004545454545454545,0.39,0.9682539682539683,0.61
856,mean_std,82.44067436179452,4.22521524691439,119.67588127767067,0.01818181818181818,0.25,0.9036144578313253,0.75
856,median_std,82.50627610940447,4.173973404566851,120.01788288250515,0.01818181818181818,0.23,0.9058823529411765,0.77
856,quantile_99,80.10587662939002,4.002023181506668,116.96778884398095,0.04318181818181818,0.19,0.81,0.81
856,median_mad,83.24114228462207,4.573838046443972,120.22132023666967,0.011363636363636364,0.34,0.9295774647887324,0.66
857,mean_std,79.67000917182008,4.325630799548327,119.52952456811285,0.01818181818181818,0.27,0.9012345679012346,0.73
857,median_std,79.01622961145016,4.302961502439322,119.5751081033166,0.020454545454545454,0.22,0.896551724137931,0.78
857,quantile_99,79.36000893743217,4.120890246421582,119.67979515438044,0.022727272727272728,0.18,0.8913043478260869,0.82
857,median_mad,77.90131939227751,4.435273890167014,122.53552425404527,0.015909090909090907,0.26,0.9135802469135802,0.74
858,mean_std,79.31682679777286,4.025628893087405,118.38097995830499,0.038636363636363635,0.16,0.8316831683168316,0.84
858,median_std,78.9713880390339,4.062427576387255,117.52760199858089,0.045454545454545456,0.17,0.8058252427184466,0.83
858,quantile_99,78.54566693844136,3.8350431429963527,118.32337188349499,0.08409090909090909,0.13,0.7016129032258065,0.87
858,median_mad,78.3054460243256,4.315543792558357,116.97713250428146,0.04318181818181818,0.2,0.8080808080808081,0.8
859,mean_std,78.54007048464318,3.9521910946818943,119.04963151610741,0.045454545454545456,0.13,0.8130841121495327,0.87
859,median_std,77.6489581652519,3.9411257518986442,118.54247554156584,0.05454545454545454,0.1,0.7894736842105263,0.9
859,quantile_99,78.58238309997263,3.926803298812822,115.4667045118394,0.07272727272727272,0.1,0.7377049180327869,0.9
859,median_mad,79.31081870816244,4.074460687042628,122.88481493886516,0.022727272727272728,0.23,0.8850574712643678,0.77
860,mean_std,80.05774281868824,4.260590857860849,121.61616779723177,0.013636363636363636,0.31,0.92,0.69
860,median_std,80.31099753300938,4.252201975902082,120.68325019860453,0.011363636363636364,0.3,0.9333333333333333,0.7
860,quantile_99,78.98184185326188,3.9886681617764967,119.72785037405944,0.03636363636363636,0.15,0.8415841584158416,0.85
860,median_mad,79.42335482123386,4.909613149108887,122.03965431108317,0.00909090909090909,0.36,0.9411764705882353,0.64
861,mean_std,79.06628882056889,4.196495266212335,121.06458946503167,0.015909090909090907,0.23,0.9166666666666666,0.77
861,median_std,78.72508179489665,4.272180089814149,120.84560562359836,0.020454545454545454,0.23,0.8953488372093024,0.77
861,quantile_99,77.33491606656551,3.8569503602436543,120.90871406179625,0.0659090909090909,0.09,0.7583333333333333,0.91
861,median_mad,79.61198374408596,4.829679259241743,121.50309698570246,0.00909090909090909,0.33,0.9436619718309859,0.67
862,mean_std,79.16790874446097,4.262118708310602,119.45087879240292,0.020454545454545454,0.23,0.8953488372093024,0.77
862,median_std,79.85683605021303,4.251811905442468,118.66907417878159,0.02727272727272727,0.25,0.8620689655172413,0.75
862,quantile_99,75.9323157317546,4.350071130065174,118.43161349824553,0.07954545454545454,0.16,0.7058823529411765,0.84
862,median_mad,81.26468103366294,4.483368365419613,121.03961651596018,0.00909090909090909,0.36,0.9411764705882353,0.64
863,mean_std,78.40052586799125,4.007583637048556,120.51823325623474,0.03636363636363636,0.15,0.8415841584158416,0.85
863,median_std,78.32074313671436,4.007381538925129,121.04184543878009,0.03409090909090909,0.15,0.85,0.85
863,quantile_99,77.39854592257144,3.7884120455788395,116.12223712824223,0.11818181818181818,0.08,0.6388888888888888,0.92
863,median_mad,78.71041335162894,4.2534583727672794,118.68461781739272,0.03636363636363636,0.2,0.8333333333333334,0.8
864,mean_std,79.79339771609267,4.346437032275562,122.1569730879809,0.011363636363636364,0.33,0.9305555555555556,0.67
864,median_std,80.60018127527522,4.336529782868421,121.3252349769377,0.006818181818181818,0.32,0.9577464788732394,0.68
864,quantile_99,76.56338158873616,4.350071130065174,119.12023515287552,0.05227272727272727,0.17,0.7830188679245284,0.83
864,median_mad,80.35034028005408,4.800709111989815,124.92357094604623,0.0,0.41,1.0,0.59
865,mean_std,78.54646344484124,4.164167997051374,121.5603470086095,0.025,0.19,0.8804347826086957,0.81
865,median_std,78.32797558194412,4.163549880136923,120.51150858433104,0.031818181818181815,0.17,0.8556701030927835,0.83
865,quantile_99,76.0016369780082,3.830542458107479,118.05879605312741,0.12727272727272726,0.08,0.6216216216216216,0.92
865,median_mad,79.62656623332276,4.524468865486577,127.95018778898262,0.004545454545454545,0.4,0.967741935483871,0.6
866,mean_std,78.11218988536633,4.120189838914013,121.3634771484204,0.029545454545454545,0.17,0.8645833333333334,0.83
866,median_std,77.74825733570314,4.099471152757495,121.40431686796686,0.03409090909090909,0.16,0.8484848484848485,0.84
866,quantile_99,76.43269178354518,4.042572995671139,121.65044507271563,0.056818181818181816,0.13,0.7767857142857143,0.87
866,median_mad,77.75840868335038,4.412517745181029,124.81919366004814,0.020454545454545454,0.28,0.8888888888888888,0.72
867,mean_std,81.54139208519675,4.251317100610193,121.88898480059243,0.00909090909090909,0.34,0.9428571428571428,0.66
867,median_std,81.88063704811148,4.179232083945912,121.914957508425,0.011363636363636364,0.28,0.935064935064935,0.72
867,quantile_99,77.87835882550073,4.032026495909134,118.40900668046508,0.05227272727272727,0.11,0.7946428571428571,0.89
867,median_mad,82.85982373984794,4.56259853946425,126.07415096396707,0.0,0.48,1.0,0.52
868,mean_std,79.46311077839852,4.271516131079783,119.11187254919056,0.025,0.24,0.8735632183908046,0.76
868,median_std,79.35489058950925,4.3293608890751605,118.79598616768277,0.025,0.25,0.872093023255814,0.75
868,quantile_99,78.74357085256763,4.124339591685401,118.67146433404521,0.031818181818181815,0.17,0.8556701030927835,0.83
868,median_mad,80.54680929652937,4.543810496762258,121.00142807358195,0.006818181818181818,0.34,0.9565217391304348,0.66
869,mean_std,81.36862183624922,4.404051881563346,120.54318493983868,0.011363636363636364,0.33,0.9305555555555556,0.67
869,median_std,80.8180140795879,4.347078105469855,119.30256915980563,0.015909090909090907,0.28,0.9113924050632911,0.72
869,quantile_99,78.38858259325944,4.123445267165604,118.65322702370631,0.038636363636363635,0.15,0.8333333333333334,0.85
869,median_mad,82.74327085346974,4.973114360016339,124.29599705307393,0.0022727272727272726,0.48,0.9811320754716981,0.52
870,mean_std,79.9300252510572,4.4533428682383445,116.80598372616814,0.038636363636363635,0.26,0.8131868131868132,0.74
870,median_std,79.9177060000249,4.478070834511122,117.62828503891106,0.03409090909090909,0.26,0.8314606741573034,0.74
870,quantile_99,77.73189312082022,4.350071130065174,113.78367849545208,0.07272727272727272,0.11,0.7355371900826446,0.89
870,median_mad,80.58808600549179,4.855427875917547,118.23438574227376,0.02727272727272727,0.31,0.8518518518518519,0.69
871,mean_std,79.84931411603704,4.159775052518686,121.79743957301775,0.01818181818181818,0.26,0.9024390243902439,0.74
871,median_std,79.67377371757433,4.1357422498711305,121.82818018891538,0.01818181818181818,0.26,0.9024390243902439,0.74
871,quantile_99,78.52527336260212,4.006146181607305,119.45761278955902,0.031818181818181815,0.13,0.8613861386138614,0.87
871,median_mad,79.41817212285684,4.4610722482254594,124.74633915212661,0.004545454545454545,0.36,0.9696969696969697,0.64
872,mean_std,77.63262935162706,4.322663189656685,119.48716397792268,0.04090909090909091,0.18,0.82,0.82
872,median_std,77.53285046422917,4.327281536993572,119.79787885201935,0.04090909090909091,0.18,0.82,0.82
872,quantile_99,76.47276303440997,4.18920263609352,115.9136675555105,0.08409090909090909,0.12,0.704,0.88
872,median_mad,76.13970767606526,4.64070186634592,122.66927356034314,0.05454545454545454,0.23,0.7623762376237624,0.77
873,mean_std,80.30440733217186,4.182403018806593,121.83293448326863,0.011363636363636364,0.27,0.9358974358974359,0.73
873,median_std,80.46222975303343,4.169307768054116,121.98697774255798,0.011363636363636364,0.27,0.9358974358974359,0.73
873,quantile_99,77.45486076412693,4.038916254264238,122.32758219213065,0.03409090909090909,0.15,0.85,0.85
873,median_mad,82.62662812211697,4.521040783319162,124.00452119475042,0.0022727272727272726,0.4,0.9836065573770492,0.6
874,mean_std,81.24311165345014,4.3360848946693595,124.67944836640805,0.0,0.37,1.0,0.63
874,median_std,81.92014532960395,4.251608283564033,124.58510781569504,0.0022727272727272726,0.36,0.9846153846153847,0.64
874,quantile_99,77.40356272643687,4.110179153974799,119.40911579316032,0.04090909090909091,0.12,0.8301886792452831,0.88
874,median_mad,82.45251441885583,4.726572430289682,133.34799676527282,0.0,0.56,1.0,0.44
875,mean_std,79.44181399700281,4.136402668982381,120.3367522624698,0.020454545454545454,0.21,0.8977272727272727,0.79
875,median_std,79.30866167004068,4.123159048000552,120.56991485717288,0.01818181818181818,0.2,0.9090909090909091,0.8
875,quantile_99,76.42458221784636,3.8257625360652168,122.13996823320066,0.09545454545454546,0.11,0.6793893129770993,0.89
875,median_mad,80.94908035864884,4.52065479315516,124.20912876127593,0.0,0.38,1.0,0.62
876,mean_std,79.48020832168879,4.4033905858657825,120.81927476691169,0.013636363636363636,0.31,0.92,0.69
876,median_std,79.71625919323893,4.393277926793867,121.62426858784704,0.011363636363636364,0.32,0.9315068493150684,0.68
876,quantile_99,78.0374202121277,4.229046218889713,112.51982447937134,0.09090909090909091,0.09,0.6946564885496184,0.91
876,median_mad,79.53404903400845,4.830025713997485,128.29214978866108,0.004545454545454545,0.42,0.9666666666666667,0.58
877,mean_std,80.2215143794952,4.227713871406482,119.73313828678597,0.01818181818181818,0.24,0.9047619047619048,0.76
877,median_std,79.80396947814795,4.232575756602656,119.66955896287993,0.022727272727272728,0.23,0.8850574712643678,0.77
877,quantile_99,77.48382636055639,3.9174685939164284,116.10067678950912,0.08181818181818182,0.09,0.7165354330708661,0.91
877,median_mad,79.45408481389396,4.626159248553131,128.93003629910157,0.004545454545454545,0.4,0.967741935483871,0.6
878,mean_std,79.89689857393483,4.116527085619901,118.80113544192184,0.02727272727272727,0.2,0.8695652173913043,0.8
878,median_std,79.78939607659834,4.067784166978194,118.89146234475422,0.03409090909090909,0.2,0.8421052631578947,0.8
878,quantile_99,77.84673366461475,4.130091821322038,119.47680974308642,0.03636363636363636,0.13,0.8446601941747572,0.87
878,median_mad,79.8272698035363,4.375029166954773,124.4110942158446,0.006818181818181818,0.35,0.9558823529411765,0.65
879,mean_std,79.75391535992222,4.092308951081428,120.05313001363265,0.02727272727272727,0.21,0.8681318681318682,0.79
879,median_std,79.8505847402277,4.033781425611275,119.98183868107621,0.029545454545454545,0.18,0.8631578947368421,0.82
879,quantile_99,76.82166984557178,3.8847802347976668,120.08513134241613,0.075,0.09,0.7338709677419355,0.91
879,median_mad,82.17025225813201,4.3629066145146975,122.95977726765524,0.004545454545454545,0.36,0.9696969696969697,0.64
880,mean_std,80.33161646100939,4.14686609118348,116.35162662629891,0.04772727272727273,0.19,0.7941176470588235,0.81
880,median_std,80.8542461119299,4.172283551886211,116.5889878219379,0.045454545454545456,0.21,0.797979797979798,0.79
880,quantile_99,77.6292674600674,3.8001118878746376,115.93174916401817,0.11136363636363636,0.09,0.65,0.91
880,median_mad,79.04307608692037,4.614477212332302,118.17065359390006,0.029545454545454545,0.25,0.8522727272727273,0.75
881,mean_std,79.42300205990402,4.400348450129609,120.46577123975041,0.015909090909090907,0.27,0.9125,0.73
881,median_std,79.65318536708062,4.367497568845085,119.37970804401655,0.01818181818181818,0.27,0.9012345679012346,0.73
881,quantile_99,79.43722018984289,4.251767935171409,117.48088324984461,0.031818181818181815,0.24,0.8444444444444444,0.76
881,median_mad,81.85888864843963,4.713287501092948,123.6004743706915,0.004545454545454545,0.42,0.9666666666666667,0.58
882,mean_std,80.04004872557138,4.01684027579923,122.14775620969951,0.022727272727272728,0.23,0.8850574712643678,0.77
882,median_std,80.11195171716903,3.9955181237592177,121.86261463106993,0.025,0.22,0.8764044943820225,0.78
882,quantile_99,77.71993707741754,3.88563952159579,117.48088324984461,0.07272727272727272,0.11,0.7355371900826446,0.89
882,median_mad,80.71735736262667,4.380759878590941,121.82675182118747,0.00909090909090909,0.34,0.9428571428571428,0.66
883,mean_std,77.94439692773308,4.318680643559734,125.28253778007328,0.01818181818181818,0.27,0.9012345679012346,0.73
883,median_std,77.68857696312213,4.298781367577616,125.02905664230177,0.025,0.24,0.8735632183908046,0.76
883,quantile_99,75.60862298115708,4.162861893978971,120.3970609710972,0.08409090909090909,0.12,0.704,0.88
883,median_mad,79.09115261189558,4.849831631940384,128.27651669126934,0.004545454545454545,0.4,0.967741935483871,0.6
884,mean_std,77.93658213153134,4.211027352385904,121.75365506651848,0.029545454545454545,0.21,0.8586956521739131,0.79
884,median_std,78.24642038238335,4.1994985771346975,121.75556321252728,0.02727272727272727,0.23,0.8651685393258427,0.77
884,quantile_99,75.07787470675592,4.1369612413306065,118.91802127843293,0.10227272727272728,0.09,0.6691176470588235,0.91
884,median_mad,80.53000170979506,4.588681739654183,119.09580481291462,0.015909090909090907,0.29,0.9102564102564102,0.71
885,mean_std,80.63898949682837,4.218101735892548,124.18205139366722,0.006818181818181818,0.3,0.958904109589041,0.7
885,median_std,80.45210398329537,4.1419339875794705,122.72622710303887,0.013636363636363636,0.27,0.9240506329113924,0.73
885,quantile_99,77.6292674600674,3.9426359294354447,120.12682338659678,0.04772727272727273,0.1,0.8108108108108109,0.9
885,median_mad,83.68739801107787,4.63554704080842,127.49545448996363,0.0,0.5,1.0,0.5
886,mean_std,80.15100099945549,4.159090801010686,121.4277304005565,0.011363636363636364,0.25,0.9375,0.75
886,median_std,80.0372825102517,4.161742271309928,121.37289657494992,0.015909090909090907,0.25,0.9146341463414634,0.75
886,quantile_99,77.9320141025997,3.824040806461988,121.96632860121825,0.07045454545454545,0.13,0.7372881355932204,0.87
886,median_mad,83.65398424394583,4.781115226236972,118.89793752487992,0.015909090909090907,0.33,0.9054054054054054,0.67
887,mean_std,79.09195726646333,4.268748929792533,122.36196018794789,0.013636363636363636,0.28,0.9230769230769231,0.72
887,median_std,78.99760354189092,4.148880751487319,123.38884378239382,0.011363636363636364,0.23,0.9390243902439024,0.77
887,quantile_99,77.74382870784734,4.071017053136959,121.33585800357733,0.031818181818181815,0.16,0.8571428571428571,0.84
887,median_mad,78.93552599803627,4.397173043539589,124.2287882222258,0.00909090909090909,0.29,0.9466666666666667,0.71
888,mean_std,78.49528546570248,3.9499526541938232,120.75025697207273,0.03636363636363636,0.13,0.8446601941747572,0.87
888,median_std,78.16242640828014,3.915122277272724,120.02805494138367,0.05,0.13,0.7981651376146789,0.87
888,quantile_99,77.2684832302734,3.823911807969215,119.12023515287552,0.08863636363636364,0.09,0.7,0.91
888,median_mad,77.8839955336361,3.975415209746903,117.45794682853814,0.056818181818181816,0.11,0.7807017543859649,0.89
889,mean_std,79.70247943724715,4.352679687585052,122.95882235540334,0.011363636363636364,0.33,0.9305555555555556,0.67
889,median_std,79.35686618451798,4.3379000167989235,121.08505937167868,0.011363636363636364,0.29,0.9342105263157895,0.71
889,quantile_99,77.21908864122543,3.9944711814534704,121.65044507271563,0.04090909090909091,0.11,0.8317757009345794,0.89
889,median_mad,80.55218728062911,4.876319691058356,118.15465981749847,0.020454545454545454,0.31,0.8846153846153846,0.69
890,mean_std,80.81792568018722,4.273674638246155,122.7870101816138,0.004545454545454545,0.32,0.9714285714285714,0.68
890,median_std,80.50584898737748,4.2593659300611755,121.85930498380421,0.006818181818181818,0.32,0.9577464788732394,0.68
890,quantile_99,78.99348509893278,4.18920263609352,119.75527620220481,0.01818181818181818,0.19,0.9101123595505618,0.81
890,median_mad,81.72957903642408,4.757509866971458,123.48273984607386,0.0022727272727272726,0.43,0.9827586206896551,0.57
891,mean_std,79.48106013368897,4.466806753198183,122.43872807204963,0.00909090909090909,0.34,0.9428571428571428,0.66
891,median_std,79.27011779074603,4.407813606071239,122.59664495363415,0.00909090909090909,0.32,0.9444444444444444,0.68
891,quantile_99,77.21109830934645,4.350071130065174,118.62155232479692,0.04318181818181818,0.17,0.8137254901960784,0.83
891,median_mad,80.60142008157052,4.525435410292312,127.16632819343673,0.0,0.42,1.0,0.58
892,mean_std,78.82888587579694,4.2670337075856315,122.57068154357151,0.015909090909090907,0.26,0.9135802469135802,0.74
892,median_std,78.87312594226708,4.372794469146621,121.3778903302816,0.011363636363636364,0.26,0.9367088607594937,0.74
892,quantile_99,76.99129781694366,4.164743112495959,120.90078753941901,0.038636363636363635,0.14,0.8349514563106796,0.86
892,median_mad,79.11265354072681,4.815276424431355,124.6159729260371,0.004545454545454545,0.36,0.9696969696969697,0.64
893,mean_std,79.99781906302726,4.228660828233856,123.82106435983174,0.011363636363636364,0.3,0.9333333333333333,0.7
893,median_std,79.75777355955458,4.237584517073213,124.34118625730464,0.00909090909090909,0.31,0.9452054794520548,0.69
893,quantile_99,78.58238309997263,4.096824134244628,119.71111709935768,0.031818181818181815,0.15,0.8585858585858586,0.85
893,median_mad,81.48315954249676,4.465196820085844,125.84921016796804,0.0,0.44,1.0,0.56
894,mean_std,79.65401204075465,4.188168756219611,118.46966218805517,0.029545454545454545,0.22,0.8571428571428571,0.78
894,median_std,79.34661889118553,4.15321872442378,118.65950588289446,0.029545454545454545,0.19,0.8617021276595744,0.81
894,quantile_99,76.82166984557178,4.110179153974799,118.65979628278856,0.05909090909090909,0.11,0.7739130434782608,0.89
894,median_mad,79.76777246972341,4.0914399375938615,119.69932040876522,0.029545454545454545,0.2,0.8602150537634409,0.8
895,mean_std,80.15664994877822,4.358760602479442,118.73427140715512,0.025,0.28,0.8674698795180723,0.72
895,median_std,80.60941949448006,4.320207509470354,119.55327473227517,0.01818181818181818,0.28,0.9,0.72
895,quantile_99,77.33491606656551,4.1369612413306065,115.93228734396443,0.06818181818181818,0.11,0.7478991596638656,0.89
895,median_mad,81.22519463449562,4.4235256305452815,122.21209103581114,0.006818181818181818,0.37,0.9545454545454546,0.63
896,mean_std,80.19948966183017,4.158711652497549,120.80781966623584,0.013636363636363636,0.25,0.9259259259259259,0.75
896,median_std,79.79049128650188,4.136984260318904,122.54225051027322,0.011363636363636364,0.26,0.9367088607594937,0.74
896,quantile_99,79.17806006257749,3.875841929710044,118.36779867291585,0.06363636363636363,0.15,0.7522123893805309,0.85
896,median_mad,78.77136298560406,4.442266321591569,126.20671254952622,0.006818181818181818,0.34,0.9565217391304348,0.66
897,mean_std,80.48834494189103,4.4048858209746244,124.85896330201987,0.0022727272727272726,0.37,0.984375,0.63
897,median_std,80.08416621536992,4.383225488296806,124.21947808289464,0.004545454545454545,0.35,0.9701492537313433,0.65
897,quantile_99,79.01798329016856,4.235050906024787,123.22609664194201,0.006818181818181818,0.25,0.9615384615384616,0.75
897,median_mad,82.42416863067466,4.370380778300417,126.52753077707371,0.0022727272727272726,0.41,0.9833333333333333,0.59
898,mean_std,78.82604487447553,4.120135623083337,115.30724547504167,0.05454545454545454,0.12,0.7857142857142857,0.88
898,median_std,78.2832577109845,4.111109663209709,115.41304853011525,0.056818181818181816,0.11,0.7807017543859649,0.89
898,quantile_99,79.26543786599724,3.96037351973634,115.27564086563362,0.06363636363636363,0.11,0.7606837606837606,0.89
898,median_mad,77.40203130348563,4.620043043697517,114.69111191723184,0.0659090909090909,0.12,0.7521367521367521,0.88
899,mean_std,77.56958159769087,4.115133035613786,118.99100633399844,0.045454545454545456,0.12,0.8148148148148148,0.88
899,median_std,77.28124674889504,4.102603242525225,119.25531517661429,0.05,0.11,0.8018018018018018,0.89
899,quantile_99,75.55743714035081,3.9942310447363756,120.43379081682384,0.09772727272727273,0.09,0.6791044776119403,0.91
899,median_mad,79.97616864886831,4.210528298865317,117.62316342228608,0.03409090909090909,0.24,0.8351648351648352,0.76
900,mean_std,80.98327595154777,4.266544602633468,120.1045909697595,0.01818181818181818,0.28,0.9,0.72
900,median_std,81.02443988449583,4.253297235102344,118.57426023471822,0.02727272727272727,0.27,0.8588235294117647,0.73
900,quantile_99,79.25379462032635,3.995351236589576,116.82609966402097,0.05227272727272727,0.16,0.7850467289719626,0.84
900,median_mad,82.77387159497712,4.584383443517382,122.0758582664099,0.006818181818181818,0.39,0.953125,0.61
901,mean_std,79.11225541009016,3.9646985435483293,118.01329493949878,0.05454545454545454,0.15,0.7798165137614679,0.85
901,median_std,79.59433669882068,3.99088709660593,119.17754401793307,0.04090909090909091,0.18,0.82,0.82
901,quantile_99,76.31938065156884,3.6148251681859205,111.55688361354665,0.225,0.04,0.49230769230769234,0.96
901,median_mad,80.35945364974232,4.377380334749313,120.60838042853976,0.011363636363636364,0.31,0.9324324324324325,0.69
902,mean_std,79.37767168719681,4.220182764934003,117.07627388474648,0.038636363636363635,0.21,0.8229166666666666,0.79
902,median_std,79.482706857316,4.223047084611931,117.72010966515387,0.03636363636363636,0.22,0.8297872340425532,0.78
902,quantile_99,78.7972261296666,4.007921704497218,115.49328333761171,0.05909090909090909,0.11,0.7739130434782608,0.89
902,median_mad,80.68400134147099,4.77617619813833,114.49291981320567,0.04772727272727273,0.17,0.7980769230769231,0.83
903,mean_std,79.79920531839059,4.06270008778896,123.42842376713578,0.01818181818181818,0.25,0.9036144578313253,0.75
903,median_std,80.4266044080769,4.014076779123448,122.38400492023234,0.015909090909090907,0.23,0.9166666666666666,0.77
903,quantile_99,77.55276215491703,3.950287274092367,122.50122182411306,0.04090909090909091,0.12,0.8301886792452831,0.88
903,median_mad,82.56395960073624,4.24413196610773,122.7754646029123,0.006818181818181818,0.33,0.9571428571428572,0.67
904,mean_std,78.21617089485831,4.281545238186494,124.65744547064503,0.01818181818181818,0.26,0.9024390243902439,0.74
904,median_std,78.8998282123042,4.297632397945504,125.00028571125165,0.00909090909090909,0.29,0.9466666666666667,0.71
904,quantile_99,75.99392096538661,4.124899529699766,121.28919148180324,0.0659090909090909,0.12,0.7521367521367521,0.88
904,median_mad,81.21418793098182,4.7430116560147235,130.21489683173695,0.0,0.47,1.0,0.53
905,mean_std,80.150528085336,4.253759858927915,116.58445560617778,0.04318181818181818,0.24,0.8,0.76
905,median_std,80.26254213193472,4.242839625085832,116.85154519474912,0.038636363636363635,0.24,0.8172043010752689,0.76
905,quantile_99,77.9320141025997,4.191757656837542,111.91642965157753,0.10454545454545454,0.08,0.6666666666666666,0.92
905,median_mad,80.38145667745829,4.4758000105944,121.61760574783688,0.006818181818181818,0.35,0.9558823529411765,0.65
906,mean_std,79.34496248747435,4.336893472730354,121.98221603355938,0.011363636363636364,0.31,0.9324324324324325,0.69
906,median_std,79.4636058313393,4.28779488439685,123.42081776845744,0.011363636363636364,0.31,0.9324324324324325,0.69
906,quantile_99,78.6821740975398,4.120890246421582,118.30275715493318,0.038636363636363635,0.16,0.8316831683168316,0.84
906,median_mad,80.7319957129824,4.396428878550312,124.65443591992636,0.0022727272727272726,0.36,0.9846153846153847,0.64
907,mean_std,79.85620760122225,4.09547990478103,118.66026136182975,0.038636363636363635,0.2,0.8247422680412371,0.8
907,median_std,79.6444693163179,4.10375711250809,119.67538048514525,0.031818181818181815,0.2,0.851063829787234,0.8
907,quantile_99,78.20823338070026,3.9174685939164284,117.10750281955188,0.0659090909090909,0.13,0.75,0.87
907,median_mad,82.14993808007182,4.384302004027878,122.71469699771414,0.006818181818181818,0.36,0.9552238805970149,0.64
908,mean_std,79.00342031126891,4.382825025773822,123.97269081584236,0.011363636363636364,0.28,0.935064935064935,0.72
908,median_std,79.16324330745641,4.387864383406877,123.85945446215555,0.011363636363636364,0.3,0.9333333333333333,0.7
908,quantile_99,76.47276303440997,4.139516262074627,118.53093993947621,0.0659090909090909,0.12,0.7521367521367521,0.88
908,median_mad,79.02723207973588,4.807449037302587,131.7989740182777,0.004545454545454545,0.38,0.96875,0.62
909,mean_std,78.76652723601707,4.082795439095188,118.4691269252744,0.04090909090909091,0.17,0.8217821782178217,0.83
909,median_std,78.9020985653742,4.142299840974933,118.16717697233412,0.03409090909090909,0.18,0.845360824742268,0.82
909,quantile_99,77.5356037898854,3.845910320944927,118.65979628278856,0.08181818181818182,0.1,0.7142857142857143,0.9
909,median_mad,79.93133499879143,4.462026674304536,113.12647239363692,0.06363636363636363,0.15,0.7522123893805309,0.85
910,mean_std,79.21791859520681,4.241580017756869,118.20819597445144,0.03636363636363636,0.21,0.8315789473684211,0.79
910,median_std,79.20639548074078,4.253974260841861,118.45121432572702,0.03409090909090909,0.23,0.8369565217391305,0.77
910,quantile_99,76.98429031076884,4.0114222314985994,113.11931131882433,0.1,0.05,0.6834532374100719,0.95
910,median_mad,81.40121637482557,4.5934627229414,124.95117390850676,0.0,0.43,1.0,0.57
911,mean_std,79.2914177530414,4.228013208099069,119.2833265798734,0.022727272727272728,0.21,0.8876404494382022,0.79
911,median_std,79.69000261690084,4.228980488034269,117.82040186739049,0.03409090909090909,0.23,0.8369565217391305,0.77
911,quantile_99,77.52470013373522,3.901730432644871,121.11092793623885,0.05227272727272727,0.1,0.7964601769911505,0.9
911,median_mad,80.64692774010308,4.57426289848791,121.4472058867688,0.004545454545454545,0.34,0.9705882352941176,0.66
912,mean_std,80.8281563762375,4.092017116176034,118.21535769256411,0.04090909090909091,0.21,0.8144329896907216,0.79
912,median_std,80.67115061382114,3.9906323785062723,119.00399194157686,0.04090909090909091,0.19,0.8181818181818182,0.81
912,quantile_99,79.44886343551379,3.9270528722258358,112.8635281428617,0.09090909090909091,0.09,0.6946564885496184,0.91
912,median_mad,82.78769480832824,4.607588250389366,122.86840613607345,0.004545454545454545,0.39,0.9682539682539683,0.61
913,mean_std,78.7793640640019,4.188327662961464,119.76382888656192,0.029545454545454545,0.19,0.8617021276595744,0.81
913,median_std,78.95708423919002,4.185100497598371,117.86127199134692,0.038636363636363635,0.18,0.8282828282828283,0.82
913,quantile_99,75.9354346545671,3.9174685939164284,117.39133901127163,0.10454545454545454,0.08,0.6666666666666666,0.92
913,median_mad,80.99024714159191,4.2867097292160405,120.9437305214444,0.013636363636363636,0.32,0.918918918918919,0.68
914,mean_std,78.03215014734349,4.26216592430082,123.94526982895643,0.02727272727272727,0.22,0.8666666666666667,0.78
914,median_std,78.35961821252718,4.238371076691807,123.28489720536078,0.022727272727272728,0.23,0.8850574712643678,0.77
914,quantile_99,77.19531903178255,4.042572995671139,120.90078753941901,0.04090909090909091,0.12,0.8301886792452831,0.88
914,median_mad,78.69118825943833,4.423961951667023,125.86222996593426,0.00909090909090909,0.33,0.9436619718309859,0.67
915,mean_std,78.59765445107634,4.12380735960196,120.22244693799281,0.031818181818181815,0.16,0.8571428571428571,0.84
915,median_std,78.75458256357966,4.154557439507302,120.17555623068478,0.029545454545454545,0.19,0.8617021276595744,0.81
915,quantile_99,76.53919587070207,3.942533471100988,116.57051533697525,0.09090909090909091,0.09,0.6946564885496184,0.91
915,median_mad,78.39735796273233,4.681209457488004,124.8824504978102,0.013636363636363636,0.31,0.92,0.69
916,mean_std,79.97232523548703,4.143030611097266,118.02420137558482,0.038636363636363635,0.22,0.8210526315789474,0.78
916,median_std,79.94734049041328,4.0691160254119865,118.752633922345,0.03636363636363636,0.21,0.8315789473684211,0.79
916,quantile_99,76.026152234631,4.057866591079422,114.20017263491462,0.11136363636363636,0.06,0.6573426573426573,0.94
916,median_mad,83.63297501474672,4.3895294480572895,117.09838932580276,0.03409090909090909,0.28,0.8275862068965517,0.72
917,mean_std,79.29497940283572,4.236648617278106,121.84713461168072,0.013636363636363636,0.27,0.9240506329113924,0.73
917,median_std,79.63067993122934,4.210782267779544,120.80735576203497,0.015909090909090907,0.27,0.9125,0.73
917,quantile_99,77.46238129283972,3.855843036088304,122.11234334885636,0.06136363636363636,0.12,0.7652173913043478,0.88
917,median_mad,80.30751693460245,4.560416549462016,121.84271200552638,0.004545454545454545,0.36,0.9696969696969697,0.64
918,mean_std,79.77401778257531,4.3203964845878975,121.78601797576428,0.013636363636363636,0.33,0.9178082191780822,0.67
918,median_std,79.38346690732129,4.249633118227362,121.90555951042978,0.013636363636363636,0.29,0.922077922077922,0.71
918,quantile_99,77.79307838751578,4.1765809864483145,118.65322702370631,0.04318181818181818,0.14,0.819047619047619,0.86
918,median_mad,82.32658742511053,4.4794622059699165,122.31628717561179,0.006818181818181818,0.39,0.953125,0.61
919,mean_std,79.55732243695984,3.9823240711170556,122.87247860206826,0.031818181818181815,0.2,0.851063829787234,0.8
919,median_std,79.97228303652044,3.9728324596453612,122.76537329108554,0.031818181818181815,0.21,0.8494623655913979,0.79
919,quantile_99,77.6292674600674,3.8449758581397298,120.5067993981641,0.07045454545454545,0.1,0.743801652892562,0.9
919,median_mad,81.48872005539769,4.2085674602718655,127.98486683217342,0.004545454545454545,0.34,0.9705882352941176,0.66
920,mean_std,78.41609885189096,3.966504945803404,122.86034944081592,0.038636363636363635,0.16,0.8316831683168316,0.84
920,median_std,78.50015936927375,3.891090391178265,121.91875460460352,0.05,0.15,0.794392523364486,0.85
920,quantile_99,75.21615234219495,3.728223279917304,119.72785037405944,0.15454545454545454,0.06,0.5802469135802469,0.94
920,median_mad,81.792880679253,4.224880847832293,127.50983938971106,0.004545454545454545,0.35,0.9701492537313433,0.65
921,mean_std,77.75710035709382,4.23945309654612,123.29292185901758,0.025,0.21,0.8777777777777778,0.79
921,median_std,78.29563246919912,4.199229435809716,122.33911757555528,0.020454545454545454,0.23,0.8953488372093024,0.77
921,quantile_99,75.32281643330306,4.112471607787592,120.90871406179625,0.09090909090909091,0.1,0.6923076923076923,0.9
921,median_mad,78.54664886787543,4.308271642073123,125.74503118538294,0.013636363636363636,0.28,0.9230769230769231,0.72
922,mean_std,78.82464706231336,4.295707449861875,119.68990240732126,0.029545454545454545,0.22,0.8571428571428571,0.78
922,median_std,78.82349727476966,4.248169704901191,118.3874955710694,0.03636363636363636,0.21,0.8315789473684211,0.79
922,quantile_99,77.21898027319439,4.007921704497218,117.50075812837306,0.05909090909090909,0.09,0.7777777777777778,0.91
922,median_mad,79.97414562670065,4.605495703448952,120.86727059858241,0.013636363636363636,0.33,0.9178082191780822,0.67
923,mean_std,78.82812674501365,3.9913613727628134,121.40406322298512,0.031818181818181815,0.16,0.8571428571428571,0.84
923,median_std,79.09762860247268,3.8728868762600266,121.81377427984084,0.05,0.17,0.7904761904761904,0.83
923,quantile_99,76.02316226392189,3.8088419080289495,120.08513134241613,0.11363636363636363,0.08,0.647887323943662,0.92
923,median_mad,81.14739023880962,4.03924974515275,123.12776412366753,0.01818181818181818,0.26,0.9024390243902439,0.74
924,mean_std,80.95293305993393,4.28238748168841,119.3601954647799,0.01818181818181818,0.27,0.9012345679012346,0.73
924,median_std,80.87069271061662,4.326574529041975,119.9099599335276,0.015909090909090907,0.28,0.9113924050632911,0.72
924,quantile_99,79.01798329016856,4.211924352375216,118.56658244540161,0.025,0.2,0.8791208791208791,0.8
924,median_mad,81.49648685198316,4.369499517089373,127.57958866309731,0.0022727272727272726,0.4,0.9836065573770492,0.6
925,mean_std,79.77254096978265,4.186096634504126,117.07824451440831,0.04090909090909091,0.21,0.8144329896907216,0.79
925,median_std,80.19606209190685,4.217825449285199,117.94456544517023,0.03409090909090909,0.24,0.8351648351648352,0.76
925,quantile_99,77.78612108538786,3.8490165106979464,112.30280633443371,0.12954545454545455,0.06,0.6225165562913907,0.94
925,median_mad,82.33544052035053,4.691872195711557,117.66696074496744,0.029545454545454545,0.3,0.8433734939759037,0.7
926,mean_std,79.72829257316295,4.297793113441652,118.19477594556136,0.03409090909090909,0.26,0.8314606741573034,0.74
926,median_std,79.76448724647473,4.3080797890462055,118.86317428126378,0.02727272727272727,0.26,0.8604651162790697,0.74
926,quantile_99,79.37165218310308,4.094254452419688,113.21153851015625,0.07272727272727272,0.09,0.7398373983739838,0.91
926,median_mad,81.54567310762766,4.506875397288816,121.95378461304935,0.006818181818181818,0.39,0.953125,0.61
927,mean_std,79.07582849136658,4.107213698401644,122.97829137943647,0.015909090909090907,0.23,0.9166666666666666,0.77
927,median_std,78.85402710431562,4.108647557433483,122.32846641084069,0.020454545454545454,0.22,0.896551724137931,0.78
927,quantile_99,77.71926843834053,3.9553206780312173,119.40911579316032,0.04772727272727273,0.11,0.8090909090909091,0.89
927,median_mad,81.46596992381541,4.3428101410209,127.35976453563678,0.0022727272727272726,0.4,0.9836065573770492,0.6
928,mean_std,78.08031872209749,4.10623520178614,120.84949454047768,0.029545454545454545,0.16,0.865979381443299,0.84
928,median_std,77.62690564506161,4.154100858161145,120.93951853437034,0.03409090909090909,0.15,0.85,0.85
928,quantile_99,77.61556475006036,3.988009037149979,118.19415904093344,0.06136363636363636,0.1,0.7692307692307693,0.9
928,median_mad,76.38447024822378,4.374141417545948,121.61390156519278,0.045454545454545456,0.19,0.801980198019802,0.81
929,mean_std,79.35127196016913,4.005108602904948,124.75931622325176,0.01818181818181818,0.22,0.9069767441860465,0.78
929,median_std,79.2549185568492,3.9650289104308754,123.83704435790835,0.029545454545454545,0.18,0.8631578947368421,0.82
929,quantile_99,77.30436907921039,3.794359802450938,121.65044507271563,0.08181818181818182,0.1,0.7142857142857143,0.9
929,median_mad,81.43280226077195,4.371616623225611,123.51096698284789,0.006818181818181818,0.36,0.9552238805970149,0.64
930,mean_std,79.32927739875643,4.113456285414839,122.39679440369633,0.015909090909090907,0.23,0.9166666666666666,0.77
930,median_std,79.62295684431047,4.164261892304413,122.31905297720527,0.01818181818181818,0.26,0.9024390243902439,0.74
930,quantile_99,76.64506138170336,3.9270528722258358,119.9813546838581,0.07045454545454545,0.09,0.7459016393442623,0.91
930,median_mad,79.73722146212785,4.3633730309759,121.77588712151163,0.013636363636363636,0.33,0.9178082191780822,0.67
931,mean_std,79.79765111055843,4.246885790034065,119.87910159384028,0.022727272727272728,0.25,0.8823529411764706,0.75
931,median_std,79.84754396132246,4.187427642246272,120.65934367883003,0.01818181818181818,0.24,0.9047619047619048,0.76
931,quantile_99,76.05259766917395,4.070776916419864,114.3664982618464,0.10909090909090909,0.06,0.6619718309859155,0.94
931,median_mad,83.80304291490701,4.4745941712183015,128.3732539195484,0.0,0.47,1.0,0.53
932,mean_std,79.01155733973344,4.2276983266230905,123.39655465290089,0.013636363636363636,0.25,0.9259259259259259,0.75
932,median_std,79.44984371182737,4.22350819133222,123.09438093777214,0.013636363636363636,0.28,0.9230769230769231,0.72
932,quantile_99,77.72001207897621,3.9614609720794434,121.65044507271563,0.04090909090909091,0.13,0.8285714285714286,0.87
932,median_mad,80.8388496346311,4.771766509190584,125.99950118439455,0.0,0.44,1.0,0.56
933,mean_std,77.92511922082696,4.21850300044678,122.18148097652532,0.029545454545454545,0.21,0.8586956521739131,0.79
933,median_std,78.11116126299508,4.184373476058693,120.74618712269337,0.031818181818181815,0.18,0.8541666666666666,0.82
933,quantile_99,75.35181713705535,3.8369514666219144,118.53093993947621,0.13636363636363635,0.08,0.6052631578947368,0.92
933,median_mad,78.38415404975973,4.907198214082589,127.59960399863294,0.013636363636363636,0.36,0.9142857142857143,0.64
934,mean_std,79.67836548091887,4.158932544975544,120.30609572052512,0.025,0.22,0.8764044943820225,0.78
934,median_std,79.87666894062006,4.183864429771543,119.21721271964765,0.025,0.21,0.8777777777777778,0.79
934,quantile_99,77.46909904537983,3.947722929616742,118.69543878871396,0.056818181818181816,0.1,0.782608695652174,0.9
934,median_mad,80.48969896374473,4.44688878684762,116.68018751102112,0.03636363636363636,0.26,0.8222222222222222,0.74
935,mean_std,78.67266579802751,4.109760482709158,122.5211485079889,0.020454545454545454,0.21,0.8977272727272727,0.79
935,median_std,78.96448922031539,4.159068179431394,122.13834698650477,0.020454545454545454,0.23,0.8953488372093024,0.77
935,quantile_99,77.32407950800187,3.6772783499815445,119.60170365611084,0.1340909090909091,0.08,0.609271523178808,0.92
935,median_mad,79.20432137837552,4.5164626251959135,127.97449735876476,0.004545454545454545,0.37,0.9692307692307692,0.63
936,mean_std,79.8050918298936,4.290863361855944,119.26153368175991,0.022727272727272728,0.26,0.8809523809523809,0.74
936,median_std,79.69883330213824,4.262976621392415,118.63514141212679,0.029545454545454545,0.25,0.8522727272727273,0.75
936,quantile_99,78.53402369277046,4.054705921510839,116.1177454411779,0.06136363636363636,0.14,0.7610619469026548,0.86
936,median_mad,81.90286617463114,4.702982238189443,123.03004118859128,0.004545454545454545,0.41,0.9672131147540983,0.59
937,mean_std,78.31662772174417,4.137526107038692,116.91772656182546,0.05454545454545454,0.16,0.7777777777777778,0.84
937,median_std,78.59882565194708,4.157001512906601,117.09413239989954,0.05,0.16,0.7924528301886793,0.84
937,quantile_99,76.52223114261717,3.8372454364692232,113.02467575723223,0.1431818181818182,0.05,0.6012658227848101,0.95
937,median_mad,78.83468930928052,4.574739614737167,120.60030270364828,0.01818181818181818,0.26,0.9024390243902439,0.74
938,mean_std,80.1846528966706,4.323086586559019,120.92628161260495,0.00909090909090909,0.32,0.9444444444444444,0.68
938,median_std,80.17934698972562,4.29533364826108,121.160648813372,0.00909090909090909,0.31,0.9452054794520548,0.69
938,quantile_99,79.36000893743217,4.108268596776377,119.93537948142615,0.022727272727272728,0.18,0.8913043478260869,0.82
938,median_mad,79.45195896069211,4.6638149872948755,119.54567371067435,0.015909090909090907,0.27,0.9125,0.73
939,mean_std,79.82132162351353,4.131115619467679,117.99511670729959,0.03636363636363636,0.2,0.8333333333333334,0.8
939,median_std,80.15172187325076,4.0911667710665665,116.74657170080644,0.04772727272727273,0.21,0.79,0.79
939,quantile_99,77.27970044167253,3.878958009273105,118.56658244540161,0.07727272727272727,0.09,0.728,0.91
939,median_mad,80.87495711216995,4.33536121979838,122.02517546507757,0.00909090909090909,0.34,0.9428571428571428,0.66
940,mean_std,80.63247726407398,4.072327692689607,122.28557685897127,0.020454545454545454,0.26,0.891566265060241,0.74
940,median_std,81.01566008237118,4.04470689364933,122.95689102605786,0.01818181818181818,0.27,0.9012345679012346,0.73
940,quantile_99,78.14751321222214,3.8631019115967016,121.08235369377867,0.05909090909090909,0.13,0.7699115044247787,0.87
940,median_mad,80.22129708230652,4.226746074005907,123.9307214382133,0.006818181818181818,0.3,0.958904109589041,0.7
941,mean_std,78.42441794116408,4.248844268547743,120.13752544422978,0.025,0.2,0.8791208791208791,0.8
941,median_std,78.38292782255485,4.241367172385608,120.77416531756508,0.020454545454545454,0.21,0.8977272727272727,0.79
941,quantile_99,77.1498761660065,4.164743112495959,117.74175299680319,0.056818181818181816,0.12,0.7787610619469026,0.88
941,median_mad,79.51981965078923,4.630054841825018,119.73725570835656,0.01818181818181818,0.27,0.9012345679012346,0.73
942,mean_std,77.8107930571263,4.168938835128697,119.06747383026082,0.045454545454545456,0.14,0.8113207547169812,0.86
942,median_std,77.76685411873365,4.157253475521114,118.53145849413747,0.045454545454545456,0.14,0.8113207547169812,0.86
942,quantile_99,75.86807128880724,3.9174685939164284,118.91802127843293,0.1,0.08,0.6764705882352942,0.92
942,median_mad,78.95145702695136,4.607116189156301,121.14959022552024,0.013636363636363636,0.27,0.9240506329113924,0.73
943,mean_std,78.74693041230245,4.2197224217570195,123.91692082830744,0.015909090909090907,0.25,0.9146341463414634,0.75
943,median_std,78.45035245062488,4.2560321030275166,123.29986128380065,0.01818181818181818,0.24,0.9047619047619048,0.76
943,quantile_99,77.74382870784734,3.8572443300909627,120.73091486074735,0.06136363636363636,0.11,0.7672413793103449,0.89
943,median_mad,78.98352760254369,4.741718904554454,126.411526967903,0.004545454545454545,0.37,0.9692307692307692,0.63
944,mean_std,79.35537818342274,4.46814294042259,124.81771817352386,0.004545454545454545,0.35,0.9701492537313433,0.65
944,median_std,79.69325941884881,4.521673964974738,123.97850787627685,0.00909090909090909,0.35,0.9420289855072463,0.65
944,quantile_99,78.58238309997263,4.231601239633735,119.50526788434047,0.025,0.18,0.8817204301075269,0.82
944,median_mad,83.04725287112322,4.916901265258165,130.93348859363152,0.0,0.58,1.0,0.42
945,mean_std,78.1497975224001,4.272885277966142,120.93982948328565,0.031818181818181815,0.22,0.8478260869565217,0.78
945,median_std,78.57680467732985,4.183110127625033,121.87444716391374,0.022727272727272728,0.21,0.8876404494382022,0.79
945,quantile_99,75.02663425657656,3.9301669493362605,114.4920451878508,0.1409090909090909,0.05,0.6050955414012739,0.95
945,median_mad,81.00893764007506,4.389894392949249,127.5893957828658,0.0022727272727272726,0.39,0.9838709677419355,0.61
946,mean_std,80.69060254101034,4.384305553990423,115.64345617050601,0.04318181818181818,0.2,0.8080808080808081,0.8
946,median_std,81.18645645634555,4.430436905883724,115.0535343755953,0.04090909090909091,0.2,0.8163265306122449,0.8
946,quantile_99,77.87537740427739,4.090248238525845,116.18126320227182,0.06818181818181818,0.12,0.7457627118644068,0.88
946,median_mad,81.93608245567897,4.730363118131859,115.54064702502092,0.04090909090909091,0.23,0.8105263157894737,0.77
947,mean_std,81.07365647462892,4.253678453680481,120.7385993863351,0.011363636363636364,0.31,0.9324324324324325,0.69
947,median_std,81.11496826020938,4.226166850745068,120.34844681255444,0.015909090909090907,0.26,0.9135802469135802,0.74
947,quantile_99,80.10587662939002,4.120890246421582,117.23802642848138,0.03636363636363636,0.21,0.8315789473684211,0.79
947,median_mad,83.09171628667227,4.612695112850773,127.13479117050534,0.0,0.49,1.0,0.51
948,mean_std,79.66350654215448,4.024097131624362,118.31452130599683,0.04318181818181818,0.18,0.8118811881188119,0.82
948,median_std,79.20734496652138,4.090053069464409,117.58242178315054,0.04318181818181818,0.18,0.8118811881188119,0.82
948,quantile_99,78.37322940475646,3.7686308761786713,118.10060386945521,0.09772727272727273,0.12,0.6717557251908397,0.88
948,median_mad,80.16778534763469,4.232526628117564,118.42652272276123,0.02727272727272727,0.24,0.8636363636363636,0.76
949,mean_std,79.98458905430341,4.359414561869315,121.56111125284815,0.013636363636363636,0.32,0.918918918918919,0.68
949,median_std,79.84729541595414,4.347890836180116,120.91371900043995,0.015909090909090907,0.31,0.9078947368421053,0.69
949,quantile_99,77.45581789750584,4.126464648175162,117.48088324984461,0.05227272727272727,0.12,0.7927927927927928,0.88
949,median_mad,82.65083181042743,4.728704637954737,124.37913999893425,0.0022727272727272726,0.45,0.9821428571428571,0.55
950,mean_std,79.68128979073491,4.22836768090116,123.64157144872077,0.011363636363636364,0.29,0.9342105263157895,0.71
950,median_std,79.37871756023954,4.243319133225626,124.52869836244687,0.00909090909090909,0.29,0.9466666666666667,0.71
950,quantile_99,77.40732105540603,3.9423021416733173,119.92891583418724,0.05,0.1,0.8035714285714286,0.9
950,median_mad,81.38860574519519,4.481441418495728,132.21548183309739,0.0,0.46,1.0,0.54
951,mean_std,80.41600807021958,4.292232711292229,120.91362910082671,0.011363636363636364,0.31,0.9324324324324325,0.69
951,median_std,80.44607251171456,4.243651006751341,120.1176807164774,0.013636363636363636,0.25,0.9259259259259259,0.75
951,quantile_99,78.3033021552745,4.251767935171409,118.65322702370631,0.03409090909090909,0.19,0.84375,0.81
951,median_mad,78.48203698226337,4.74095197526057,121.28513600644408,0.01818181818181818,0.26,0.9024390243902439,0.74
952,mean_std,79.13741692802854,4.010984748626981,120.86869136799321,0.025,0.18,0.8817204301075269,0.82
952,median_std,79.00708028400639,4.010087022840235,119.53964336755354,0.029545454545454545,0.15,0.8673469387755102,0.85
952,quantile_99,77.45486076412693,3.8439705928736645,121.57792465883402,0.0659090909090909,0.1,0.7563025210084033,0.9
952,median_mad,80.77009632518556,4.297294628333098,119.50035150847776,0.015909090909090907,0.27,0.9125,0.73
953,mean_std,79.64573335043988,4.269560051729453,116.49494015546996,0.04772727272727273,0.21,0.79,0.79
953,median_std,79.34991391099439,4.197547979546496,115.78739026796076,0.05,0.17,0.7904761904761904,0.83
953,quantile_99,78.33708796784978,3.995558806156712,114.9173527994692,0.06818181818181818,0.09,0.7520661157024794,0.91
953,median_mad,84.30713596784541,4.57927910202159,116.77062060074685,0.038636363636363635,0.29,0.8068181818181818,0.71
954,mean_std,80.2637499836974,4.196031824913495,121.14275216808946,0.011363636363636364,0.27,0.9358974358974359,0.73
954,median_std,80.85822413400669,4.174761994060959,121.33943442210547,0.011363636363636364,0.25,0.9375,0.75
954,quantile_99,77.04355298801262,4.162861893978971,116.00781311495608,0.07272727272727272,0.11,0.7355371900826446,0.89
954,median_mad,82.04940982721615,4.505175185722354,122.81714914937879,0.004545454545454545,0.39,0.9682539682539683,0.61
955,mean_std,78.980439968193,4.1577769007763425,119.98566704851541,0.025,0.18,0.8817204301075269,0.82
955,median_std,78.78011964170828,4.082351193084002,120.00854876104772,0.031818181818181815,0.17,0.8556701030927835,0.83
955,quantile_99,77.87537740427739,3.9625485967826846,116.18126320227182,0.075,0.1,0.7317073170731707,0.9
955,median_mad,77.83604628665962,4.500122398852403,122.10756972578343,0.025,0.26,0.8705882352941177,0.74
956,mean_std,79.12352361342552,4.20965085456533,126.27921249443895,0.00909090909090909,0.3,0.9459459459459459,0.7
956,median_std,79.14111915343531,4.212625317798225,125.40237279566432,0.00909090909090909,0.29,0.9466666666666667,0.71
956,quantile_99,76.79432248625236,3.9110657177308794,122.13996823320066,0.06136363636363636,0.11,0.7672413793103449,0.89
956,median_mad,78.43573769294896,4.612834480389742,131.49876676322157,0.013636363636363636,0.34,0.9166666666666666,0.66
957,mean_std,78.90851401031843,4.181436719792334,115.0937204016307,0.05454545454545454,0.12,0.7857142857142857,0.88
957,median_std,79.13785769222756,4.187134152082113,113.76143161636367,0.06363636363636363,0.09,0.7647058823529411,0.91
957,quantile_99,78.01924925443514,4.038006843762932,114.85115717809542,0.07045454545454545,0.08,0.7479674796747967,0.92
957,median_mad,79.88858439486224,4.5350655124237,113.91005617414399,0.05909090909090909,0.14,0.7678571428571429,0.86
958,mean_std,81.08524730605535,4.113379751648813,121.43775738469307,0.013636363636363636,0.25,0.9259259259259259,0.75
958,median_std,81.53954413780738,4.135740051248084,121.23564704715915,0.013636363636363636,0.26,0.925,0.74
958,quantile_99,77.77741786483674,3.909947570316683,119.76173984944374,0.05227272727272727,0.11,0.7946428571428571,0.89
958,median_mad,80.41129683119843,4.524919597766323,125.28869790012749,0.0,0.4,1.0,0.6
959,mean_std,78.74476733827571,4.2142424643702405,121.93657490111329,0.020454545454545454,0.25,0.8928571428571429,0.75
959,median_std,78.52506533020897,4.176355348054021,121.53718794617859,0.025,0.19,0.8804347826086957,0.81
959,quantile_99,76.35209640252167,3.9041135741862574,120.75784002913713,0.075,0.09,0.7338709677419355,0.91
959,median_mad,82.16340528930454,4.549561247663814,122.523508017952,0.004545454545454545,0.39,0.9682539682539683,0.61
960,mean_std,79.54230424161352,4.277772360076225,119.51875877844284,0.022727272727272728,0.25,0.8823529411764706,0.75
960,median_std,79.53251933377676,4.339078416558917,118.80923786983581,0.025,0.27,0.8690476190476191,0.73
960,quantile_99,77.11801940258219,3.9174685939164284,117.4906006463084,0.07272727272727272,0.09,0.7398373983739838,0.91
960,median_mad,78.47856246346987,4.889987417307361,119.91536201552032,0.025,0.23,0.875,0.77
961,mean_std,79.32976255030212,4.197032474430059,120.46627177965159,0.022727272727272728,0.22,0.8863636363636364,0.78
961,median_std,79.2449412515835,4.251253441054132,121.12468291046285,0.01818181818181818,0.26,0.9024390243902439,0.74
961,quantile_99,77.77741786483674,3.9052240387484236,116.18126320227182,0.08181818181818182,0.1,0.7142857142857143,0.9
961,median_mad,79.23292500317925,4.757768912958607,129.1952770259438,0.004545454545454545,0.39,0.9682539682539683,0.61
962,mean_std,78.57324879342636,4.206447301067106,121.53761323359261,0.020454545454545454,0.21,0.8977272727272727,0.79
962,median_std,78.73275701692613,4.11531279363599,120.79408597920784,0.022727272727272728,0.19,0.8901098901098901,0.81
962,quantile_99,76.8347362694504,4.042572995671139,121.26156659745892,0.05,0.12,0.8,0.88
962,median_mad,79.7599151514626,4.413382862944061,123.74822082244006,0.00909090909090909,0.35,0.9420289855072463,0.65
963,mean_std,78.85642140620365,4.010252271044082,119.73020523550741,0.03636363636363636,0.15,0.8415841584158416,0.85
963,median_std,79.22941557425972,4.062808951581132,119.57950518029313,0.03409090909090909,0.18,0.845360824742268,0.82
963,quantile_99,76.55622366985854,3.944928383248238,115.68944781002676,0.09318181818181819,0.07,0.6940298507462687,0.93
963,median_mad,83.3891501092927,4.378283590018559,120.33196387254524,0.015909090909090907,0.31,0.9078947368421053,0.69
964,mean_std,80.35001795653159,4.446374197538614,122.05980126053242,0.006818181818181818,0.37,0.9545454545454546,0.63
964,median_std,80.40282956110873,4.419502070415863,122.47489755745032,0.004545454545454545,0.36,0.9696969696969697,0.64
964,quantile_99,79.43722018984289,4.251767935171409,118.69543878871396,0.025,0.24,0.8735632183908046,0.76
964,median_mad,81.32924786882548,4.615666256519508,122.86766305290502,0.004545454545454545,0.4,0.967741935483871,0.6
965,mean_std,79.84379807011723,4.203311284602785,118.43012986350337,0.031818181818181815,0.23,0.8461538461538461,0.77
965,median_std,79.9251688582153,4.196846008009196,118.81816381725707,0.02727272727272727,0.23,0.8651685393258427,0.77
965,quantile_99,78.54566693844136,4.018094176415691,113.90522689201127,0.07272727272727272,0.07,0.744,0.93
965,median_mad,79.39102903679267,4.41856145013371,120.97382876689863,0.011363636363636364,0.31,0.9324324324324325,0.69
966,mean_std,79.42307841508811,4.238520040810407,121.86660955393705,0.013636363636363636,0.28,0.9230769230769231,0.72
966,median_std,79.21961022421989,4.2747663384207275,121.48000134648319,0.013636363636363636,0.26,0.925,0.74
966,quantile_99,78.50775952240984,4.032026495909134,120.4850812521799,0.03409090909090909,0.14,0.8514851485148515,0.86
966,median_mad,77.87801945877939,4.407496312867682,123.56654143745283,0.020454545454545454,0.25,0.8928571428571429,0.75
967,mean_std,79.43865046916147,4.367182880493156,120.51473311006959,0.015909090909090907,0.27,0.9125,0.73
967,median_std,79.70774082136622,4.349442314699754,120.0105194823409,0.01818181818181818,0.27,0.9012345679012346,0.73
967,quantile_99,77.64067998587686,4.040797472781226,120.4850812521799,0.04090909090909091,0.12,0.8301886792452831,0.88
967,median_mad,79.84494809831281,4.7202007814168505,120.47053908860485,0.015909090909090907,0.3,0.9090909090909091,0.7
968,mean_std,79.53990750350187,4.2788351108150415,120.09951213282773,0.020454545454545454,0.26,0.891566265060241,0.74
968,median_std,79.9288955705439,4.245597497756561,119.72743257154596,0.022727272727272728,0.26,0.8809523809523809,0.74
968,quantile_99,79.25379462032635,4.159682957612302,113.73648787169195,0.06136363636363636,0.09,0.7711864406779662,0.91
968,median_mad,80.98448459814566,4.445049056640519,121.79831714220086,0.006818181818181818,0.37,0.9545454545454546,0.63
969,mean_std,77.51529253014354,4.103152742926566,120.10782757709129,0.04772727272727273,0.13,0.8055555555555556,0.87
969,median_std,77.6582163637693,4.119026865044482,118.94151078318495,0.05,0.12,0.8,0.88
969,quantile_99,75.50247554517647,3.7398242371848225,118.61571054859034,0.15454545454545454,0.07,0.577639751552795,0.93
969,median_mad,79.22022513631165,4.5631440000155,122.23536153058569,0.011363636363636364,0.32,0.9315068493150684,0.68
970,mean_std,77.99408884510373,4.236660763735854,119.54242631472613,0.031818181818181815,0.16,0.8571428571428571,0.84
970,median_std,77.7422441609883,4.201582262555233,119.93587658401805,0.031818181818181815,0.16,0.8571428571428571,0.84
970,quantile_99,76.9615107342427,4.070335571178606,117.70622074020136,0.06363636363636363,0.11,0.7606837606837606,0.89
970,median_mad,78.6976794923545,4.44635108611515,121.67071353578068,0.011363636363636364,0.27,0.9358974358974359,0.73
971,mean_std,79.59274300805001,4.12431721943037,120.55284116793757,0.01818181818181818,0.22,0.9069767441860465,0.78
971,median_std,79.22755573729202,4.158251231236113,120.21397227534794,0.022727272727272728,0.2,0.8888888888888888,0.8
971,quantile_99,78.37322940475646,3.98037241335808,119.20690191871772,0.04090909090909091,0.13,0.8285714285714286,0.87
971,median_mad,79.45384889765916,4.561376935629447,122.47521073317702,0.00909090909090909,0.34,0.9428571428571428,0.66
972,mean_std,79.19062731786006,4.263205954327676,120.60085529979408,0.013636363636363636,0.25,0.9259259259259259,0.75
972,median_std,79.24893170603761,4.2186750540587115,121.0527773552863,0.013636363636363636,0.24,0.926829268292683,0.76
972,quantile_99,77.07452293025158,4.103507209057707,119.72785037405944,0.04772727272727273,0.11,0.8090909090909091,0.89
972,median_mad,79.8133055534646,4.667683389278021,121.23696951113837,0.011363636363636364,0.33,0.9305555555555556,0.67
973,mean_std,80.70813738532672,4.398597356095067,121.92313056940087,0.006818181818181818,0.34,0.9565217391304348,0.66
973,median_std,80.27899922107929,4.367246534635979,122.23324516900878,0.006818181818181818,0.34,0.9565217391304348,0.66
973,quantile_99,79.44886343551379,4.038006843762932,120.8597712040597,0.020454545454545454,0.21,0.8977272727272727,0.79
973,median_mad,81.12433979046682,4.750824675982919,123.83415607394853,0.0022727272727272726,0.4,0.9836065573770492,0.6
974,mean_std,80.17346765950626,4.286451800867083,120.36631423175147,0.015909090909090907,0.28,0.9113924050632911,0.72
974,median_std,79.78905565252451,4.291920527762231,120.07006958282366,0.01818181818181818,0.27,0.9012345679012346,0.73
974,quantile_99,79.01798329016856,4.123445267165604,120.90078753941901,0.015909090909090907,0.2,0.9195402298850575,0.8
974,median_mad,80.08499660465418,4.529514662500107,123.32511412582694,0.006818181818181818,0.36,0.9552238805970149,0.64
975,mean_std,78.33921103003225,4.382828035055908,123.11391015711578,0.015909090909090907,0.26,0.9135802469135802,0.74
975,median_std,78.8370115221694,4.346367543830146,122.85143471352248,0.011363636363636364,0.28,0.935064935064935,0.72
975,quantile_99,76.10854871109034,4.162861893978971,121.11092793623885,0.06363636363636363,0.13,0.7565217391304347,0.87
975,median_mad,80.3857877876282,4.629547310846643,121.96880990006058,0.004545454545454545,0.38,0.96875,0.62
976,mean_std,79.13108254579258,4.051846725600452,121.05924683566339,0.025,0.21,0.8777777777777778,0.79
976,median_std,79.50343047881516,4.068331281747959,120.9124601913161,0.025,0.22,0.8764044943820225,0.78
976,quantile_99,78.40022583893034,3.7884354801684834,117.48088324984461,0.09318181818181819,0.13,0.6796875,0.87
976,median_mad,78.72636668807439,4.509398950066703,123.87498617118109,0.011363636363636364,0.29,0.9342105263157895,0.71
977,mean_std,78.5846915545763,4.181879443841691,121.78269046173287,0.01818181818181818,0.21,0.9080459770114943,0.79
977,median_std,78.3946195858299,4.154163148566626,121.6595893866621,0.020454545454545454,0.2,0.898876404494382,0.8
977,quantile_99,79.25379462032635,4.016316600859333,122.50122182411306,0.01818181818181818,0.2,0.9090909090909091,0.8
977,median_mad,77.0873184494445,4.417544236948077,128.60110642281737,0.020454545454545454,0.24,0.8941176470588236,0.76
978,mean_std,76.18349745483556,4.048676841320441,117.3946847809244,0.09090909090909091,0.11,0.689922480620155,0.89
978,median_std,76.39198673504633,4.075771406104307,118.20784900849384,0.08409090909090909,0.11,0.7063492063492064,0.89
978,quantile_99,74.18132443458762,3.8826872352766544,114.87314796501934,0.19545454545454546,0.04,0.5274725274725275,0.96
978,median_mad,75.75649727303467,4.247748830990606,123.51772706497002,0.07727272727272727,0.18,0.7068965517241379,0.82
979,mean_std,79.38826079580309,4.221275081463887,121.86785379101424,0.013636363636363636,0.27,0.9240506329113924,0.73
979,median_std,79.60990631322048,4.235134678151587,122.42152286986494,0.011363636363636364,0.29,0.9342105263157895,0.71
979,quantile_99,76.96039122436405,4.044138114146535,118.84510396602762,0.05454545454545454,0.11,0.7876106194690266,0.89
979,median_mad,81.9484534636127,4.205613707657008,125.68230307831942,0.004545454545454545,0.33,0.9710144927536232,0.67
980,mean_std,78.8133657612477,4.374794642809855,119.89668017735242,0.022727272727272728,0.23,0.8850574712643678,0.77
980,median_std,78.77185344541076,4.381210143060931,120.09966497559982,0.022727272727272728,0.24,0.8837209302325582,0.76
980,quantile_99,77.34229317944865,4.092478929529775,114.84038979173991,0.07727272727272727,0.07,0.7322834645669292,0.93
980,median_mad,80.32851525809467,4.777707961598769,125.60458805554747,0.0,0.42,1.0,0.58
981,mean_std,79.97943571566223,4.160040506121021,119.89382353058153,0.025,0.22,0.8764044943820225,0.78
981,median_std,80.03969424329433,4.161459155684254,117.50903087399948,0.04090909090909091,0.22,0.8125,0.78
981,quantile_99,77.2215018336561,3.8431817712879526,114.28239442713341,0.10681818181818181,0.05,0.6690140845070423,0.95
981,median_mad,79.25692245501024,4.70326338898298,122.38741176866341,0.00909090909090909,0.33,0.9436619718309859,0.67
982,mean_std,77.7549329414209,4.3117072347574545,122.3077575107143,0.029545454545454545,0.23,0.8555555555555555,0.77
982,median_std,77.48914073581778,4.310937578136585,122.531723071025,0.029545454545454545,0.21,0.8586956521739131,0.79
982,quantile_99,75.76238306232976,3.9337359470389144,119.35066302513783,0.09318181818181819,0.08,0.6917293233082706,0.92
982,median_mad,77.84594642156125,4.7645861062957335,126.11995655646122,0.020454545454545454,0.33,0.881578947368421,0.67
983,mean_std,79.58025689344433,4.038126482372327,119.60982560264861,0.03409090909090909,0.19,0.84375,0.81
983,median_std,79.7118365092239,4.044981528860291,121.18399713535212,0.025,0.23,0.875,0.77
983,quantile_99,76.98429031076884,3.843108166838747,117.06323902245296,0.09772727272727273,0.09,0.6791044776119403,0.91
983,median_mad,80.7453699928996,4.224191501544704,123.1442867279307,0.00909090909090909,0.3,0.9459459459459459,0.7
984,mean_std,81.48786922044553,4.344015188528054,122.80591404770487,0.006818181818181818,0.36,0.9552238805970149,0.64
984,median_std,81.4155872030588,4.3014668806103105,122.76444492471694,0.00909090909090909,0.35,0.9420289855072463,0.65
984,quantile_99,78.90344044677242,4.032026495909134,120.00899445266228,0.02727272727272727,0.15,0.8762886597938144,0.85
984,median_mad,83.39228910123434,4.562141730590959,128.69164423699584,0.0,0.49,1.0,0.51
985,mean_std,80.04783366203495,4.150930904728558,119.68511827772107,0.025,0.22,0.8764044943820225,0.78
985,median_std,80.30229556537137,4.1164043074172785,119.45090434120742,0.022727272727272728,0.21,0.8876404494382022,0.79
985,quantile_99,79.43722018984289,3.9704529698021025,117.5921617358009,0.05,0.16,0.7924528301886793,0.84
985,median_mad,79.58981609448533,4.440916741060018,121.39835804409059,0.00909090909090909,0.32,0.9444444444444444,0.68
986,mean_std,78.48743795465941,4.319095775626057,121.47664699535912,0.022727272727272728,0.24,0.8837209302325582,0.76
986,median_std,78.70670656792038,4.324742669539235,121.84270769939069,0.01818181818181818,0.27,0.9012345679012346,0.73
986,quantile_99,76.79432248625236,4.074223253412248,119.47680974308642,0.056818181818181816,0.11,0.7807017543859649,0.89
986,median_mad,80.46819005134398,4.691576773920581,127.31707583095039,0.0,0.44,1.0,0.56
987,mean_std,79.78405153790045,4.0195407854211265,121.50687908001024,0.022727272727272728,0.2,0.8888888888888888,0.8
987,median_std,79.67278799911631,4.0329543326759,122.08637556556093,0.022727272727272728,0.23,0.8850574712643678,0.77
987,quantile_99,77.78554839791919,3.8560879342087366,120.73091486074735,0.06136363636363636,0.11,0.7672413793103449,0.89
987,median_mad,79.99620698060838,4.356227333738339,127.29005230469755,0.006818181818181818,0.38,0.9538461538461539,0.62
988,mean_std,79.94014643581211,4.152913529957942,119.2432210046411,0.025,0.22,0.8764044943820225,0.78
988,median_std,80.17845646914796,4.253685090580678,118.72303145205396,0.025,0.26,0.8705882352941177,0.74
988,quantile_99,77.6292674600674,3.7677155466253085,117.80434337931949,0.10681818181818181,0.09,0.6594202898550725,0.91
988,median_mad,79.82881640850667,4.275535591579492,124.11713005386463,0.011363636363636364,0.31,0.9324324324324325,0.69
989,mean_std,77.6984703772666,4.136025786225103,118.08846233477885,0.05909090909090909,0.14,0.7678571428571429,0.86
989,median_std,77.88309445424613,4.179958713719713,117.77879164062367,0.056818181818181816,0.14,0.7747747747747747,0.86
989,quantile_99,74.88811474367941,3.841787952687594,115.22994723293876,0.1590909090909091,0.05,0.5757575757575758,0.95
989,median_mad,79.393869132913,4.545362543016468,116.20862958995684,0.045454545454545456,0.21,0.797979797979798,0.79
990,mean_std,79.26383454392138,4.13179597148019,119.98392676749913,0.025,0.18,0.8817204301075269,0.82
990,median_std,79.45588974532416,4.124633939897281,120.72963125522108,0.020454545454545454,0.22,0.896551724137931,0.78
990,quantile_99,77.79307838751578,3.9917559567406387,116.60127492478975,0.075,0.11,0.7295081967213115,0.89
990,median_mad,80.40220856587291,4.35107551485369,123.18713997161308,0.006818181818181818,0.34,0.9565217391304348,0.66
991,mean_std,79.83621921298088,4.084913178358267,119.19723138106247,0.02727272727272727,0.2,0.8695652173913043,0.8
991,median_std,79.90991603398494,4.118077090367043,118.92123949899941,0.02727272727272727,0.2,0.8695652173913043,0.8
991,quantile_99,78.6938173432107,3.896959032707187,118.3106385772065,0.056818181818181816,0.13,0.7767857142857143,0.87
991,median_mad,79.88801470107984,4.454232195955914,124.64728901999308,0.0022727272727272726,0.37,0.984375,0.63
992,mean_std,79.080698600269,4.078393012496439,122.63739999013178,0.022727272727272728,0.23,0.8850574712643678,0.77
992,median_std,79.61519119452127,4.097056196795817,122.78275935918005,0.020454545454545454,0.25,0.8928571428571429,0.75
992,quantile_99,76.4120005543978,3.799978290694343,117.83061326858437,0.11818181818181818,0.09,0.6363636363636364,0.91
992,median_mad,80.30495032923346,4.29614215420605,130.5525990038612,0.004545454545454545,0.37,0.9692307692307692,0.63
993,mean_std,79.27728743655008,4.1913296342801125,120.93012665231274,0.015909090909090907,0.23,0.9166666666666666,0.77
993,median_std,79.75601311970725,4.170888482796628,119.82111401164619,0.025,0.21,0.8777777777777778,0.79
993,quantile_99,76.30250901111216,4.006146181607305,119.9813546838581,0.06818181818181818,0.09,0.7520661157024794,0.91
993,median_mad,80.9240558806026,4.404739162893842,120.54813992453592,0.00909090909090909,0.32,0.9444444444444444,0.68
994,mean_std,80.4987475857809,4.1710500713190175,119.95594546148389,0.020454545454545454,0.22,0.896551724137931,0.78
994,median_std,80.49799770863385,4.166985634593031,118.80329982262937,0.025,0.22,0.8764044943820225,0.78
994,quantile_99,77.77741786483674,3.8190975793721527,118.65979628278856,0.08863636363636364,0.11,0.6953125,0.89
994,median_mad,80.08822181253849,4.537532419632137,119.9239241415965,0.01818181818181818,0.28,0.9,0.72
995,mean_std,77.87819381822399,4.103117564840227,122.23498132965094,0.03636363636363636,0.18,0.8367346938775511,0.82
995,median_std,78.11900673209163,4.094844713086712,121.4545189035262,0.03409090909090909,0.17,0.8469387755102041,0.83
995,quantile_99,75.89136626342939,3.7802705460690618,118.07799997085624,0.13863636363636364,0.08,0.6013071895424836,0.92
995,median_mad,77.54233394763887,4.333272144615707,125.63961503893358,0.025,0.23,0.875,0.77
996,mean_std,79.59755392777112,3.9373513359704324,117.14334535999598,0.056818181818181816,0.17,0.7685185185185185,0.83
996,median_std,80.01524314556333,3.919538045961861,115.85484418607953,0.07045454545454545,0.16,0.7304347826086957,0.84
996,quantile_99,77.72001207897621,3.737758580540187,117.38433165680156,0.11818181818181818,0.09,0.6363636363636364,0.91
996,median_mad,81.02716047200636,4.34305391303233,115.84977878930081,0.04318181818181818,0.24,0.8,0.76
997,mean_std,78.51875040408979,4.1409980637036,121.2190628298348,0.02727272727272727,0.19,0.8709677419354839,0.81
997,median_std,78.80497907986856,4.133041532861421,122.47916688770098,0.020454545454545454,0.22,0.896551724137931,0.78
997,quantile_99,76.87478740267998,3.8541180564465907,115.45916860156017,0.11363636363636363,0.07,0.6503496503496503,0.93
997,median_mad,80.72610963796974,4.416776762197244,125.58280213458875,0.0,0.39,1.0,0.61
998,mean_std,78.82736375022768,4.357994872999825,119.5823625887726,0.02727272727272727,0.23,0.8651685393258427,0.77
998,median_std,78.94071207641252,4.3636751449201405,119.80696540150338,0.025,0.23,0.875,0.77
998,quantile_99,76.07231742595263,4.074223253412248,114.66965463545884,0.10454545454545454,0.06,0.6714285714285714,0.94
998,median_mad,77.5359318926975,4.793315256370267,126.37572220190351,0.022727272727272728,0.28,0.8780487804878049,0.72
999,mean_std,79.62306322828722,4.179970024968222,119.73495720223946,0.025,0.21,0.8777777777777778,0.79
999,median_std,79.8417053317306,4.191569016956073,119.75691422221828,0.022727272727272728,0.22,0.8863636363636364,0.78
999,quantile_99,79.02962653583945,3.811691593547592,112.49773691545096,0.12272727272727273,0.07,0.6326530612244898,0.93
999,median_mad,80.44553784898338,4.513022969900606,121.20262194187498,0.006818181818181818,0.34,0.9565217391304348,0.66
